Date,Location,Food_Category,Food_Item,Quantity_Produced,Quantity_Sold,Quantity_Wasted,Cost_Per_Unit,Revenue_Per_Unit,Temperature,Customers,Month,Month_Name,Day,Day_Name,Waste_Percentage,Financial_Loss,Total_Revenue,Potential_Revenue,Waste_Risk
2024-01-01 00:00:00.000000000,Mumbai,Vegetables,Tomato,171,154,17,63.72,102.72,22.2,137.0,1,January,1,Monday,9.941520467836257,1083.24,15818.88,17565.12,Low
2024-01-01 11:41:16.050700466,Mumbai,Prepared Food,Burger,249,188,61,97.29,183.17,24.7,241.0,1,January,1,Monday,24.497991967871485,5934.6900000000005,34435.96,45609.329999999994,Medium
2024-01-01 23:22:32.101400933,Hyderabad,Vegetables,Tomato,413,248,165,10.64,14.0,31.5,219.0,1,January,1,Monday,39.95157384987893,1755.6000000000001,3472.0,5782.0,High
2024-01-02 11:03:48.152101400,Mumbai,Vegetables,Spinach,463,308,155,98.49,160.22,38.9,184.0,1,January,2,Tuesday,33.477321814254864,15265.949999999999,49347.76,74181.86,High
2024-01-02 22:45:04.202801867,Bangalore,Prepared Food,Rice Bowl,487,355,132,96.91,180.82,26.7,102.0,1,January,2,Tuesday,27.104722792607806,12792.119999999999,64191.1,88059.34,Medium
2024-01-03 10:26:20.253502334,Delhi,Dairy,Butter,466,443,23,20.98,34.55,20.8,255.0,1,January,3,Wednesday,4.935622317596566,482.54,15305.65,16100.3,Low
2024-01-03 22:07:36.304202801,Bangalore,Bakery,Donut,459,383,76,38.05,63.32,32.0,359.0,1,January,3,Wednesday,16.55773420479303,2891.7999999999997,24251.56,29063.88,Medium
2024-01-04 09:48:52.354903268,Bangalore,Prepared Food,Pizza,317,217,100,94.55,182.14,33.2,353.0,1,January,4,Thursday,31.545741324921135,9455.0,39524.38,57738.38,High
2024-01-04 21:30:08.405603735,Chennai,Vegetables,Tomato,307,249,58,58.57,100.2,41.2,237.0,1,January,4,Thursday,18.892508143322477,3397.06,24949.8,30761.4,Medium
2024-01-05 09:11:24.456304202,Hyderabad,Vegetables,Tomato,256,154,102,24.87,32.6,29.3,178.0,1,January,5,Friday,39.84375,2536.7400000000002,5020.400000000001,8345.6,High
2024-01-05 20:52:40.507004669,Mumbai,Vegetables,Spinach,180,106,74,55.37,139.11,21.6,280.0,1,January,5,Friday,41.11111111111111,4097.38,14745.660000000002,25039.800000000003,High
2024-01-06 08:33:56.557705136,Delhi,Dairy,Milk,234,200,34,66.1,101.24,21.4,456.0,1,January,6,Saturday,14.529914529914532,2247.3999999999996,20248.0,23690.16,Low
2024-01-06 20:15:12.608405603,Delhi,Prepared Food,Pizza,459,286,173,52.5,72.65,35.7,306.0,1,January,6,Saturday,37.690631808278866,9082.5,20777.9,33346.350000000006,High
2024-01-07 07:56:28.659106070,Mumbai,Prepared Food,Sandwich,492,476,16,48.48,63.89,22.4,112.0,1,January,7,Sunday,3.2520325203252036,775.68,30411.64,31433.88,Low
2024-01-07 19:37:44.709806537,Chennai,Bakery,Donut,195,110,85,91.68,135.18,29.0,220.0,1,January,7,Sunday,43.58974358974359,7792.8,14869.800000000001,26360.100000000002,High
2024-01-08 07:19:00.760507004,Chennai,Prepared Food,Burger,259,212,47,36.08,50.98,40.5,94.0,1,January,8,Monday,18.146718146718147,1695.76,10807.76,13203.82,Medium
2024-01-08 19:00:16.811207471,Delhi,Bakery,Bread,127,112,15,26.79,51.57,31.9,397.0,1,January,8,Monday,11.811023622047244,401.84999999999997,5775.84,6549.39,Low
2024-01-09 06:41:32.861907938,Hyderabad,Bakery,Croissant,484,386,98,68.29,88.8,27.8,308.0,1,January,9,Tuesday,20.24793388429752,6692.420000000001,34276.799999999996,42979.2,Medium
2024-01-09 18:22:48.912608405,Chennai,Fruits,Apple,324,228,96,34.25,50.38,23.7,209.0,1,January,9,Tuesday,29.629629629629626,3288.0,11486.640000000001,16323.12,Medium
2024-01-10 06:04:04.963308872,Hyderabad,Bakery,Donut,417,414,3,96.62,142.64,30.9,162.0,1,January,10,Wednesday,0.7194244604316548,289.86,59052.95999999999,59480.88,Low
2024-01-10 17:45:21.014009339,Hyderabad,Prepared Food,Rice Bowl,286,269,17,97.9,155.44,20.7,273.0,1,January,10,Wednesday,5.944055944055944,1664.3000000000002,41813.36,44455.84,Low
2024-01-11 05:26:37.064709806,Mumbai,Bakery,Bread,225,124,101,57.78,93.23,32.2,296.0,1,January,11,Thursday,44.888888888888886,5835.78,11560.52,20976.75,High
2024-01-11 17:07:53.115410273,Mumbai,Vegetables,Carrot,283,277,6,31.79,59.2,30.3,147.0,1,January,11,Thursday,2.1201413427561837,190.74,16398.4,16753.600000000002,Low
2024-01-12 04:49:09.166110740,Hyderabad,Fruits,Orange,300,288,12,55.74,99.61,38.9,301.0,1,January,12,Friday,4.0,668.88,28687.68,29883.0,Low
2024-01-12 16:30:25.216811207,Mumbai,Fruits,Mango,445,438,7,82.86,127.94,22.1,466.0,1,January,12,Friday,1.5730337078651686,580.02,56037.72,56933.299999999996,Low
2024-01-13 04:11:41.267511674,Hyderabad,Dairy,Butter,366,351,15,58.73,104.95,25.0,193.0,1,January,13,Saturday,4.098360655737705,880.9499999999999,36837.450000000004,38411.700000000004,Low
2024-01-13 15:52:57.318212141,Hyderabad,Dairy,Butter,159,88,71,99.66,196.91,32.3,209.0,1,January,13,Saturday,44.65408805031446,7075.86,17328.079999999998,31308.69,High
2024-01-14 03:34:13.368912608,Hyderabad,Fruits,Orange,332,280,52,73.03,138.22,38.8,103.0,1,January,14,Sunday,15.66265060240964,3797.56,38701.6,45889.04,Medium
2024-01-14 15:15:29.419613075,Delhi,Bakery,Donut,174,166,8,80.68,142.67,32.8,161.0,1,January,14,Sunday,4.597701149425287,645.44,23683.219999999998,24824.579999999998,Low
2024-01-15 02:56:45.470313542,Hyderabad,Bakery,Croissant,448,391,57,24.47,41.21,35.2,257.0,1,January,15,Monday,12.723214285714285,1394.79,16113.11,18462.08,Low
2024-01-15 14:38:01.521014009,Delhi,Prepared Food,Rice Bowl,260,210,50,31.35,47.9,36.4,433.0,1,January,15,Monday,19.230769230769234,1567.5,10059.0,12454.0,Medium
2024-01-16 02:19:17.571714476,Hyderabad,Fruits,Apple,275,226,49,55.79,97.38,25.5,207.0,1,January,16,Tuesday,17.81818181818182,2733.71,22007.879999999997,26779.5,Medium
2024-01-16 14:00:33.622414943,Mumbai,Prepared Food,Pizza,126,102,24,41.51,72.71,34.7,366.0,1,January,16,Tuesday,19.047619047619047,996.24,7416.419999999999,9161.46,Medium
2024-01-17 01:41:49.673115410,Mumbai,Fruits,Mango,291,208,83,13.92,27.79,30.3,95.0,1,January,17,Wednesday,28.52233676975945,1155.36,5780.32,8086.889999999999,Medium
2024-01-17 13:23:05.723815877,Mumbai,Prepared Food,Sandwich,479,299,180,93.55,149.65,41.3,148.0,1,January,17,Wednesday,37.578288100208766,16839.0,44745.35,71682.35,High
2024-01-18 01:04:21.774516344,Delhi,Vegetables,Tomato,290,225,65,25.25,42.67,40.6,107.0,1,January,18,Thursday,22.413793103448278,1641.25,9600.75,12374.300000000001,Medium
2024-01-18 12:45:37.825216811,Bangalore,Fruits,Mango,387,386,1,99.1,138.55,31.4,435.0,1,January,18,Thursday,0.2583979328165375,99.1,53480.3,53618.850000000006,Low
2024-01-19 00:26:53.875917278,Hyderabad,Dairy,Milk,492,312,180,73.8,124.5,26.5,75.0,1,January,19,Friday,36.58536585365854,13284.0,38844.0,61254.0,High
2024-01-19 12:08:09.926617745,Hyderabad,Fruits,Banana,112,67,45,55.14,102.49,34.3,449.0,1,January,19,Friday,40.17857142857143,2481.3,6866.83,11478.88,High
2024-01-19 23:49:25.977318212,Delhi,Vegetables,Carrot,453,314,139,49.46,87.56,27.2,235.0,1,January,19,Friday,30.684326710816777,6874.9400000000005,27493.84,39664.68,High
2024-01-20 11:30:42.028018679,Bangalore,Prepared Food,Sandwich,157,134,23,13.36,25.06,27.9,493.0,1,January,20,Saturday,14.64968152866242,307.28,3358.04,3934.4199999999996,Low
2024-01-20 23:11:58.078719146,Chennai,Prepared Food,Rice Bowl,159,91,68,51.15,96.64,24.3,399.0,1,January,20,Saturday,42.76729559748428,3478.2,8794.24,15365.76,High
2024-01-21 10:53:14.129419613,Delhi,Fruits,Orange,243,145,98,97.26,175.09,20.9,169.0,1,January,21,Sunday,40.32921810699588,9531.480000000001,25388.05,42546.87,High
2024-01-21 22:34:30.180120080,Bangalore,Fruits,Mango,445,360,85,17.28,27.64,35.1,178.0,1,January,21,Sunday,19.101123595505616,1468.8000000000002,9950.4,12299.800000000001,Medium
2024-01-22 10:15:46.230820547,Hyderabad,Dairy,Cheese,338,218,120,31.58,43.13,24.0,286.0,1,January,22,Monday,35.50295857988166,3789.6,9402.34,14577.94,High
2024-01-22 21:57:02.281521014,Chennai,Prepared Food,Rice Bowl,291,228,63,65.05,103.67,25.5,193.0,1,January,22,Monday,21.649484536082475,4098.15,23636.760000000002,30167.97,Medium
2024-01-23 09:38:18.332221481,Hyderabad,Fruits,Apple,384,279,105,18.47,28.04,41.5,253.0,1,January,23,Tuesday,27.34375,1939.35,7823.16,10767.36,Medium
2024-01-23 21:19:34.382921948,Chennai,Dairy,Cheese,138,110,28,25.59,41.04,28.8,59.0,1,January,23,Tuesday,20.28985507246377,716.52,4514.4,5663.5199999999995,Medium
2024-01-24 09:00:50.433622415,Bangalore,Prepared Food,Burger,279,247,32,11.38,22.23,31.0,374.0,1,January,24,Wednesday,11.469534050179211,364.16,5490.81,6202.17,Low
2024-01-24 20:42:06.484322881,Bangalore,Prepared Food,Burger,483,424,59,94.62,161.12,28.5,429.0,1,January,24,Wednesday,12.215320910973086,5582.58,68314.88,77820.96,Low
2024-01-25 08:23:22.535023348,Chennai,Bakery,Bread,278,194,84,94.73,148.75,41.1,379.0,1,January,25,Thursday,30.215827338129497,7957.320000000001,28857.5,41352.5,High
2024-01-25 20:04:38.585723815,Chennai,Fruits,Mango,496,283,213,19.07,25.03,22.1,84.0,1,January,25,Thursday,42.943548387096776,4061.91,7083.490000000001,12414.880000000001,High
2024-01-26 07:45:54.636424282,Chennai,Bakery,Cake,189,136,53,33.46,55.12,35.2,163.0,1,January,26,Friday,28.04232804232804,1773.38,7496.32,10417.68,Medium
2024-01-26 19:27:10.687124749,Chennai,Prepared Food,Pizza,475,424,51,47.62,94.16,32.1,406.0,1,January,26,Friday,10.73684210526316,2428.62,39923.84,44726.0,Low
2024-01-27 07:08:26.737825216,Mumbai,Bakery,Donut,276,249,27,55.37,73.56,37.1,201.0,1,January,27,Saturday,9.782608695652174,1494.99,18316.440000000002,20302.56,Low
2024-01-27 18:49:42.788525683,Hyderabad,Prepared Food,Burger,282,167,115,76.59,112.34,28.3,418.0,1,January,27,Saturday,40.78014184397163,8807.85,18760.78,31679.88,High
2024-01-28 06:30:58.839226150,Hyderabad,Vegetables,Spinach,441,382,59,90.6,142.46,20.2,282.0,1,January,28,Sunday,13.378684807256235,5345.4,54419.72,62824.86,Low
2024-01-28 18:12:14.889926617,Hyderabad,Fruits,Mango,383,337,46,53.43,87.9,21.8,118.0,1,January,28,Sunday,12.010443864229766,2457.78,29622.300000000003,33665.700000000004,Low
2024-01-29 05:53:30.940627084,Hyderabad,Fruits,Mango,478,474,4,77.71,144.08,37.4,158.0,1,January,29,Monday,0.8368200836820083,310.84,68293.92000000001,68870.24,Low
2024-01-29 17:34:46.991327551,Bangalore,Prepared Food,Sandwich,497,495,2,15.03,27.29,32.0,380.0,1,January,29,Monday,0.4024144869215292,30.06,13508.55,13563.13,Low
2024-01-30 05:16:03.042028018,Delhi,Dairy,Yogurt,108,68,40,85.33,162.71,38.4,223.0,1,January,30,Tuesday,37.03703703703704,3413.2,11064.28,17572.68,High
2024-01-30 16:57:19.092728485,Bangalore,Prepared Food,Burger,492,447,45,90.27,126.61,31.3,471.0,1,January,30,Tuesday,9.146341463414634,4062.1499999999996,56594.67,62292.12,Low
2024-01-31 04:38:35.143428952,Chennai,Fruits,Mango,420,316,104,83.15,163.23,41.7,181.0,1,January,31,Wednesday,24.761904761904763,8647.6,51580.68,68556.59999999999,Medium
2024-01-31 16:19:51.194129419,Delhi,Vegetables,Potato,374,312,62,60.26,96.23,39.9,88.0,1,January,31,Wednesday,16.577540106951872,3736.12,30023.760000000002,35990.020000000004,Medium
2024-02-01 04:01:07.244829886,Chennai,Fruits,Apple,341,312,29,15.07,20.84,22.6,410.0,2,February,1,Thursday,8.504398826979472,437.03000000000003,6502.08,7106.44,Low
2024-02-01 15:42:23.295530353,Chennai,Bakery,Croissant,447,434,13,46.02,75.22,21.8,466.0,2,February,1,Thursday,2.9082774049217,598.26,32645.48,33623.34,Low
2024-02-02 03:23:39.346230820,Bangalore,Prepared Food,Sandwich,143,122,21,97.29,129.42,39.6,423.0,2,February,2,Friday,14.685314685314685,2043.0900000000001,15789.239999999998,18507.059999999998,Low
2024-02-02 15:04:55.396931287,Delhi,Prepared Food,Pizza,328,326,2,97.24,162.02,33.8,63.0,2,February,2,Friday,0.6097560975609756,194.48,52818.520000000004,53142.560000000005,Low
2024-02-03 02:46:11.447631754,Mumbai,Bakery,Bread,243,219,24,14.09,21.09,40.9,407.0,2,February,3,Saturday,9.876543209876543,338.15999999999997,4618.71,5124.87,Low
2024-02-03 14:27:27.498332221,Delhi,Vegetables,Spinach,472,266,206,25.27,44.29,28.5,365.0,2,February,3,Saturday,43.64406779661017,5205.62,11781.14,20904.88,High
2024-02-04 02:08:43.549032688,Delhi,Dairy,Butter,456,290,166,33.4,54.02,20.7,250.0,2,February,4,Sunday,36.40350877192983,5544.4,15665.800000000001,24633.120000000003,High
2024-02-04 13:49:59.599733155,Delhi,Bakery,Bread,319,315,4,91.98,172.53,40.9,305.0,2,February,4,Sunday,1.2539184952978055,367.92,54346.95,55037.07,Low
2024-02-05 01:31:15.650433622,Hyderabad,Prepared Food,Pizza,109,88,21,87.95,117.12,20.6,338.0,2,February,5,Monday,19.26605504587156,1846.95,10306.560000000001,12766.08,Medium
2024-02-05 13:12:31.701134089,Hyderabad,Bakery,Cake,366,285,81,55.37,122.01,38.2,226.0,2,February,5,Monday,22.131147540983605,4484.969999999999,34772.85,44655.66,Medium
2024-02-06 00:53:47.751834556,Bangalore,Prepared Food,Rice Bowl,204,112,92,11.23,15.19,35.2,246.0,2,February,6,Tuesday,45.09803921568628,1033.16,1701.28,3098.7599999999998,High
2024-02-06 12:35:03.802535023,Mumbai,Prepared Food,Sandwich,122,103,19,75.35,137.89,28.3,134.0,2,February,6,Tuesday,15.573770491803279,1431.6499999999999,14202.669999999998,16822.579999999998,Medium
2024-02-07 00:16:19.853235490,Hyderabad,Bakery,Cake,150,126,24,64.56,94.26,34.8,337.0,2,February,7,Wednesday,16.0,1549.44,11876.76,14139.0,Medium
2024-02-07 11:57:35.903935957,Bangalore,Dairy,Butter,349,308,41,84.82,128.54,38.0,285.0,2,February,7,Wednesday,11.74785100286533,3477.62,39590.32,44860.46,Low
2024-02-07 23:38:51.954636424,Mumbai,Prepared Food,Sandwich,412,370,42,22.06,29.12,36.6,390.0,2,February,7,Wednesday,10.194174757281553,926.52,10774.4,11997.44,Low
2024-02-08 11:20:08.005336891,Mumbai,Dairy,Yogurt,202,148,54,65.55,130.2,33.4,387.0,2,February,8,Thursday,26.732673267326735,3539.7,19269.6,26300.399999999998,Medium
2024-02-08 23:01:24.056037358,Bangalore,Fruits,Orange,407,388,19,50.58,97.99,26.6,155.0,2,February,8,Thursday,4.668304668304668,961.02,38020.119999999995,39881.93,Low
2024-02-09 10:42:40.106737825,Chennai,Fruits,Apple,384,342,42,51.34,97.01,36.9,389.0,2,February,9,Friday,10.9375,2156.28,33177.42,37251.840000000004,Low
2024-02-09 22:23:56.157438292,Chennai,Prepared Food,Sandwich,304,292,12,67.01,98.38,21.7,298.0,2,February,9,Friday,3.9473684210526314,804.1200000000001,28726.96,29907.519999999997,Low
2024-02-10 10:05:12.208138759,Delhi,Fruits,Banana,459,383,76,41.11,79.25,30.4,142.0,2,February,10,Saturday,16.55773420479303,3124.36,30352.75,36375.75,Medium
2024-02-10 21:46:28.258839226,Bangalore,Dairy,Milk,150,100,50,83.96,129.43,27.6,71.0,2,February,10,Saturday,33.33333333333333,4198.0,12943.0,19414.5,High
2024-02-11 09:27:44.309539693,Hyderabad,Prepared Food,Sandwich,232,231,1,42.04,80.97,22.8,267.0,2,February,11,Sunday,0.43103448275862066,42.04,18704.07,18785.04,Low
2024-02-11 21:09:00.360240160,Hyderabad,Prepared Food,Pizza,381,255,126,66.51,90.27,39.2,368.0,2,February,11,Sunday,33.07086614173229,8380.26,23018.85,34392.869999999995,High
2024-02-12 08:50:16.410940627,Bangalore,Prepared Food,Rice Bowl,391,215,176,17.61,30.26,41.7,352.0,2,February,12,Monday,45.012787723785166,3099.3599999999997,6505.900000000001,11831.66,High
2024-02-12 20:31:32.461641094,Bangalore,Dairy,Butter,464,408,56,13.3,19.64,35.7,160.0,2,February,12,Monday,12.068965517241379,744.8000000000001,8013.12,9112.960000000001,Low
2024-02-13 08:12:48.512341561,Delhi,Fruits,Orange,373,242,131,57.94,85.16,25.9,77.0,2,February,13,Tuesday,35.120643431635386,7590.139999999999,20608.719999999998,31764.68,High
2024-02-13 19:54:04.563042028,Hyderabad,Dairy,Yogurt,372,289,83,39.47,54.62,39.6,261.0,2,February,13,Tuesday,22.311827956989248,3276.0099999999998,15785.179999999998,20318.64,Medium
2024-02-14 07:35:20.613742495,Bangalore,Bakery,Donut,166,108,58,17.82,29.87,32.9,313.0,2,February,14,Wednesday,34.93975903614458,1033.56,3225.96,4958.42,High
2024-02-14 19:16:36.664442962,Mumbai,Bakery,Donut,141,117,24,40.37,77.9,33.4,492.0,2,February,14,Wednesday,17.02127659574468,968.8799999999999,9114.300000000001,10983.900000000001,Medium
2024-02-15 06:57:52.715143429,Chennai,Fruits,Apple,476,293,183,10.68,15.57,31.0,161.0,2,February,15,Thursday,38.445378151260506,1954.44,4562.01,7411.32,High
2024-02-15 18:39:08.765843896,Mumbai,Vegetables,Potato,417,322,95,25.6,49.35,21.8,292.0,2,February,15,Thursday,22.781774580335732,2432.0,15890.7,20578.95,Medium
2024-02-16 06:20:24.816544363,Bangalore,Prepared Food,Burger,319,249,70,87.9,164.54,25.7,484.0,2,February,16,Friday,21.9435736677116,6153.0,40970.46,52488.259999999995,Medium
2024-02-16 18:01:40.867244830,Mumbai,Bakery,Cake,491,295,196,35.2,64.72,24.1,167.0,2,February,16,Friday,39.91853360488798,6899.200000000001,19092.4,31777.52,High
2024-02-17 05:42:56.917945296,Delhi,Vegetables,Carrot,324,197,127,31.82,43.92,33.4,369.0,2,February,17,Saturday,39.19753086419753,4041.14,8652.24,14230.08,High
2024-02-17 17:24:12.968645763,Mumbai,Prepared Food,Sandwich,455,326,129,57.93,77.41,27.4,59.0,2,February,17,Saturday,28.35164835164835,7472.97,25235.66,35221.549999999996,Medium
2024-02-18 05:05:29.019346230,Bangalore,Prepared Food,Pizza,271,150,121,39.01,72.83,25.6,150.0,2,February,18,Sunday,44.64944649446495,4720.21,10924.5,19736.93,High
2024-02-18 16:46:45.070046697,Hyderabad,Bakery,Bread,498,424,74,64.55,119.8,22.3,118.0,2,February,18,Sunday,14.859437751004014,4776.7,50795.2,59660.4,Low
2024-02-19 04:28:01.120747164,Bangalore,Vegetables,Spinach,433,354,79,75.78,148.29,24.0,84.0,2,February,19,Monday,18.244803695150118,5986.62,52494.659999999996,64209.57,Medium
2024-02-19 16:09:17.171447631,Delhi,Bakery,Donut,419,322,97,22.58,41.92,24.4,335.0,2,February,19,Monday,23.15035799522673,2190.2599999999998,13498.24,17564.48,Medium
2024-02-20 03:50:33.222148098,Chennai,Fruits,Apple,104,75,29,69.87,116.41,27.9,286.0,2,February,20,Tuesday,27.884615384615387,2026.23,8730.75,12106.64,Medium
2024-02-20 15:31:49.272848565,Bangalore,Dairy,Milk,395,288,107,49.52,77.44,30.2,471.0,2,February,20,Tuesday,27.088607594936708,5298.64,22302.72,30588.8,Medium
2024-02-21 03:13:05.323549032,Hyderabad,Bakery,Croissant,252,154,98,90.96,142.69,32.0,153.0,2,February,21,Wednesday,38.88888888888889,8914.08,21974.26,35957.88,High
2024-02-21 14:54:21.374249499,Mumbai,Fruits,Orange,297,296,1,39.95,72.36,35.3,64.0,2,February,21,Wednesday,0.33670033670033667,39.95,21418.56,21490.92,Low
2024-02-22 02:35:37.424949966,Delhi,Prepared Food,Rice Bowl,330,218,112,77.72,139.5,37.1,338.0,2,February,22,Thursday,33.939393939393945,8704.64,30411.0,46035.0,High
2024-02-22 14:16:53.475650433,Bangalore,Vegetables,Potato,109,63,46,88.91,136.87,38.1,208.0,2,February,22,Thursday,42.201834862385326,4089.8599999999997,8622.81,14918.83,High
2024-02-23 01:58:09.526350900,Delhi,Vegetables,Tomato,283,169,114,81.76,114.87,25.0,381.0,2,February,23,Friday,40.282685512367486,9320.640000000001,19413.030000000002,32508.210000000003,High
2024-02-23 13:39:25.577051367,Mumbai,Prepared Food,Sandwich,194,141,53,58.85,86.88,27.6,60.0,2,February,23,Friday,27.31958762886598,3119.05,12250.08,16854.719999999998,Medium
2024-02-24 01:20:41.627751834,Bangalore,Dairy,Butter,401,326,75,23.8,40.71,31.1,160.0,2,February,24,Saturday,18.703241895261847,1785.0,13271.460000000001,16324.710000000001,Medium
2024-02-24 13:01:57.678452301,Delhi,Vegetables,Carrot,455,317,138,81.11,106.75,34.3,141.0,2,February,24,Saturday,30.32967032967033,11193.18,33839.75,48571.25,High
2024-02-25 00:43:13.729152768,Mumbai,Dairy,Milk,128,83,45,94.09,183.28,29.9,351.0,2,February,25,Sunday,35.15625,4234.05,15212.24,23459.84,High
2024-02-25 12:24:29.779853235,Bangalore,Prepared Food,Rice Bowl,209,149,60,21.22,41.26,39.1,104.0,2,February,25,Sunday,28.708133971291865,1273.1999999999998,6147.74,8623.34,Medium
2024-02-26 00:05:45.830553702,Chennai,Fruits,Mango,408,360,48,28.5,52.77,33.3,340.0,2,February,26,Monday,11.76470588235294,1368.0,18997.2,21530.16,Low
2024-02-26 11:47:01.881254169,Bangalore,Vegetables,Tomato,174,132,42,41.17,63.52,36.2,66.0,2,February,26,Monday,24.137931034482758,1729.14,8384.640000000001,11052.480000000001,Medium
2024-02-26 23:28:17.931954636,Delhi,Fruits,Orange,350,343,7,61.99,87.77,20.7,210.0,2,February,26,Monday,2.0,433.93,30105.109999999997,30719.5,Low
2024-02-27 11:09:33.982655103,Mumbai,Bakery,Bread,249,161,88,11.18,19.73,23.9,133.0,2,February,27,Tuesday,35.34136546184739,983.8399999999999,3176.53,4912.77,High
2024-02-27 22:50:50.033355570,Delhi,Bakery,Bread,217,204,13,17.68,35.32,31.0,306.0,2,February,27,Tuesday,5.990783410138248,229.84,7205.28,7664.4400000000005,Low
2024-02-28 10:32:06.084056037,Mumbai,Prepared Food,Sandwich,478,445,33,90.82,131.11,24.2,478.0,2,February,28,Wednesday,6.903765690376569,2997.06,58343.950000000004,62670.58000000001,Low
2024-02-28 22:13:22.134756504,Mumbai,Prepared Food,Sandwich,117,64,53,79.8,129.06,31.5,162.0,2,February,28,Wednesday,45.2991452991453,4229.4,8259.84,15100.02,High
2024-02-29 09:54:38.185456971,Mumbai,Dairy,Cheese,418,360,58,26.37,50.19,40.8,337.0,2,February,29,Thursday,13.875598086124402,1529.46,18068.399999999998,20979.42,Low
2024-02-29 21:35:54.236157438,Mumbai,Dairy,Cheese,465,416,49,46.79,61.66,23.4,227.0,2,February,29,Thursday,10.53763440860215,2292.71,25650.559999999998,28671.899999999998,Low
2024-03-01 09:17:10.286857905,Hyderabad,Prepared Food,Burger,412,292,120,30.8,54.53,20.4,103.0,3,March,1,Friday,29.126213592233007,3696.0,15922.76,22466.36,Medium
2024-03-01 20:58:26.337558372,Chennai,Bakery,Croissant,166,141,25,68.75,100.84,22.2,145.0,3,March,1,Friday,15.060240963855422,1718.75,14218.44,16739.440000000002,Medium
2024-03-02 08:39:42.388258839,Delhi,Fruits,Mango,264,198,66,28.45,42.82,39.7,56.0,3,March,2,Saturday,25.0,1877.7,8478.36,11304.48,Medium
2024-03-02 20:20:58.438959306,Hyderabad,Dairy,Yogurt,250,221,29,12.39,17.68,32.8,237.0,3,March,2,Saturday,11.600000000000001,359.31,3907.2799999999997,4420.0,Low
2024-03-03 08:02:14.489659773,Hyderabad,Dairy,Cheese,402,368,34,40.23,75.53,28.0,168.0,3,March,3,Sunday,8.45771144278607,1367.82,27795.04,30363.06,Low
2024-03-03 19:43:30.540360240,Chennai,Vegetables,Spinach,392,380,12,79.65,123.77,38.9,404.0,3,March,3,Sunday,3.061224489795918,955.8000000000001,47032.6,48517.84,Low
2024-03-04 07:24:46.591060707,Delhi,Vegetables,Potato,379,288,91,88.16,144.69,39.7,177.0,3,March,4,Monday,24.010554089709764,8022.5599999999995,41670.72,54837.51,Medium
2024-03-04 19:06:02.641761174,Mumbai,Bakery,Cake,308,182,126,76.75,137.32,28.9,250.0,3,March,4,Monday,40.909090909090914,9670.5,24992.239999999998,42294.56,High
2024-03-05 06:47:18.692461641,Delhi,Fruits,Banana,253,196,57,91.05,162.42,35.0,375.0,3,March,5,Tuesday,22.529644268774703,5189.849999999999,31834.319999999996,41092.259999999995,Medium
2024-03-05 18:28:34.743162108,Chennai,Dairy,Butter,141,117,24,34.66,58.5,34.3,427.0,3,March,5,Tuesday,17.02127659574468,831.8399999999999,6844.5,8248.5,Medium
2024-03-06 06:09:50.793862575,Chennai,Vegetables,Carrot,461,338,123,22.32,43.08,39.2,217.0,3,March,6,Wednesday,26.68112798264642,2745.36,14561.039999999999,19859.88,Medium
2024-03-06 17:51:06.844563042,Chennai,Dairy,Butter,408,361,47,92.3,147.05,28.4,171.0,3,March,6,Wednesday,11.519607843137255,4338.099999999999,53085.05,59996.4,Low
2024-03-07 05:32:22.895263509,Mumbai,Dairy,Butter,292,210,82,18.13,33.35,21.5,316.0,3,March,7,Thursday,28.08219178082192,1486.6599999999999,7003.5,9738.2,Medium
2024-03-07 17:13:38.945963976,Delhi,Fruits,Mango,212,174,38,36.74,62.33,30.5,160.0,3,March,7,Thursday,17.92452830188679,1396.1200000000001,10845.42,13213.96,Medium
2024-03-08 04:54:54.996664443,Hyderabad,Prepared Food,Burger,349,226,123,58.59,82.81,31.0,386.0,3,March,8,Friday,35.24355300859599,7206.570000000001,18715.06,28900.690000000002,High
2024-03-08 16:36:11.047364910,Mumbai,Fruits,Apple,300,237,63,16.76,30.33,30.9,476.0,3,March,8,Friday,21.0,1055.88,7188.21,9099.0,Medium
2024-03-09 04:17:27.098065377,Mumbai,Dairy,Milk,230,226,4,10.21,20.19,20.1,61.0,3,March,9,Saturday,1.7391304347826086,40.84,4562.9400000000005,4643.700000000001,Low
2024-03-09 15:58:43.148765844,Delhi,Fruits,Apple,404,238,166,95.52,154.0,24.1,367.0,3,March,9,Saturday,41.089108910891085,15856.32,36652.0,62216.0,High
2024-03-10 03:39:59.199466311,Chennai,Fruits,Mango,180,178,2,86.43,127.46,30.8,192.0,3,March,10,Sunday,1.1111111111111112,172.86,22687.879999999997,22942.8,Low
2024-03-10 15:21:15.250166778,Hyderabad,Fruits,Banana,464,280,184,13.55,24.31,40.4,456.0,3,March,10,Sunday,39.6551724137931,2493.2000000000003,6806.799999999999,11279.84,High
2024-03-11 03:02:31.300867245,Bangalore,Dairy,Milk,490,282,208,20.85,37.77,24.2,377.0,3,March,11,Monday,42.44897959183673,4336.8,10651.140000000001,18507.300000000003,High
2024-03-11 14:43:47.351567712,Chennai,Dairy,Yogurt,181,137,44,50.96,84.88,34.2,63.0,3,March,11,Monday,24.30939226519337,2242.2400000000002,11628.56,15363.279999999999,Medium
2024-03-12 02:25:03.402268179,Delhi,Fruits,Mango,400,317,83,89.65,149.82,29.7,413.0,3,March,12,Tuesday,20.75,7440.950000000001,47492.939999999995,59928.0,Medium
2024-03-12 14:06:19.452968646,Chennai,Bakery,Donut,496,481,15,56.82,90.84,39.3,499.0,3,March,12,Tuesday,3.024193548387097,852.3,43694.04,45056.64,Low
2024-03-13 01:47:35.503669113,Bangalore,Fruits,Banana,350,204,146,57.6,112.74,37.6,88.0,3,March,13,Wednesday,41.714285714285715,8409.6,22998.96,39459.0,High
2024-03-13 13:28:51.554369580,Hyderabad,Vegetables,Tomato,417,413,4,62.27,92.79,28.8,463.0,3,March,13,Wednesday,0.9592326139088728,249.08,38322.270000000004,38693.43,Low
2024-03-14 01:10:07.605070046,Delhi,Bakery,Croissant,488,332,156,31.49,43.37,27.8,207.0,3,March,14,Thursday,31.967213114754102,4912.44,14398.839999999998,21164.559999999998,High
2024-03-14 12:51:23.655770513,Bangalore,Dairy,Butter,392,367,25,34.95,67.71,21.0,448.0,3,March,14,Thursday,6.377551020408164,873.7500000000001,24849.569999999996,26542.319999999996,Low
2024-03-15 00:32:39.706470980,Delhi,Bakery,Bread,239,189,50,95.5,176.72,22.0,247.0,3,March,15,Friday,20.920502092050206,4775.0,33400.08,42236.08,Medium
2024-03-15 12:13:55.757171447,Chennai,Fruits,Banana,325,229,96,15.85,25.06,38.4,359.0,3,March,15,Friday,29.53846153846154,1521.6,5738.74,8144.5,Medium
2024-03-15 23:55:11.807871914,Chennai,Prepared Food,Pizza,465,328,137,14.23,22.32,20.8,308.0,3,March,15,Friday,29.462365591397848,1949.51,7320.96,10378.8,Medium
2024-03-16 11:36:27.858572381,Hyderabad,Prepared Food,Rice Bowl,108,93,15,63.75,106.3,25.7,468.0,3,March,16,Saturday,13.88888888888889,956.25,9885.9,11480.4,Low
2024-03-16 23:17:43.909272848,Hyderabad,Dairy,Cheese,315,175,140,83.42,121.55,24.9,138.0,3,March,16,Saturday,44.44444444444444,11678.800000000001,21271.25,38288.25,High
2024-03-17 10:58:59.959973315,Chennai,Bakery,Donut,197,118,79,88.97,132.2,22.8,186.0,3,March,17,Sunday,40.10152284263959,7028.63,15599.599999999999,26043.399999999998,High
2024-03-17 22:40:16.010673782,Bangalore,Fruits,Apple,431,406,25,82.86,145.72,32.1,492.0,3,March,17,Sunday,5.800464037122969,2071.5,59162.32,62805.32,Low
2024-03-18 10:21:32.061374249,Delhi,Dairy,Butter,137,82,55,72.61,96.87,31.7,86.0,3,March,18,Monday,40.14598540145985,3993.55,7943.34,13271.19,High
2024-03-18 22:02:48.112074716,Chennai,Vegetables,Spinach,383,290,93,15.54,29.81,31.4,164.0,3,March,18,Monday,24.281984334203656,1445.22,8644.9,11417.23,Medium
2024-03-19 09:44:04.162775183,Bangalore,Dairy,Yogurt,139,102,37,87.8,159.25,31.5,385.0,3,March,19,Tuesday,26.618705035971225,3248.6,16243.5,22135.75,Medium
2024-03-19 21:25:20.213475650,Mumbai,Vegetables,Tomato,158,133,25,73.75,139.09,35.3,219.0,3,March,19,Tuesday,15.822784810126583,1843.75,18498.97,21976.22,Medium
2024-03-20 09:06:36.264176117,Mumbai,Vegetables,Carrot,287,163,124,89.35,176.28,30.2,80.0,3,March,20,Wednesday,43.20557491289199,11079.4,28733.64,50592.36,High
2024-03-20 20:47:52.314876584,Mumbai,Dairy,Cheese,257,179,78,24.47,45.82,38.3,61.0,3,March,20,Wednesday,30.35019455252918,1908.6599999999999,8201.78,11775.74,High
2024-03-21 08:29:08.365577051,Chennai,Dairy,Butter,145,105,40,98.31,171.28,25.7,237.0,3,March,21,Thursday,27.586206896551722,3932.4,17984.4,24835.6,Medium
2024-03-21 20:10:24.416277518,Mumbai,Prepared Food,Pizza,173,157,16,45.29,64.57,36.6,327.0,3,March,21,Thursday,9.248554913294797,724.64,10137.49,11170.609999999999,Low
2024-03-22 07:51:40.466977985,Delhi,Vegetables,Spinach,341,254,87,37.09,66.6,21.5,443.0,3,March,22,Friday,25.513196480938415,3226.8300000000004,16916.399999999998,22710.6,Medium
2024-03-22 19:32:56.517678452,Bangalore,Bakery,Cake,219,201,18,88.44,175.24,41.3,213.0,3,March,22,Friday,8.21917808219178,1591.92,35223.240000000005,38377.560000000005,Low
2024-03-23 07:14:12.568378919,Delhi,Fruits,Orange,480,467,13,12.21,16.06,27.1,128.0,3,March,23,Saturday,2.7083333333333335,158.73000000000002,7500.0199999999995,7708.799999999999,Low
2024-03-23 18:55:28.619079386,Bangalore,Fruits,Orange,125,101,24,34.63,69.19,29.4,446.0,3,March,23,Saturday,19.2,831.1200000000001,6988.19,8648.75,Medium
2024-03-24 06:36:44.669779853,Chennai,Bakery,Croissant,256,214,42,29.87,40.55,35.0,71.0,3,March,24,Sunday,16.40625,1254.54,8677.699999999999,10380.8,Medium
2024-03-24 18:18:00.720480320,Mumbai,Fruits,Orange,436,364,72,23.6,37.82,40.8,406.0,3,March,24,Sunday,16.51376146788991,1699.2,13766.48,16489.52,Medium
2024-03-25 05:59:16.771180787,Mumbai,Fruits,Mango,486,267,219,38.87,70.24,36.4,212.0,3,March,25,Monday,45.06172839506173,8512.529999999999,18754.079999999998,34136.64,High
2024-03-25 17:40:32.821881254,Delhi,Bakery,Bread,373,219,154,52.44,88.11,23.5,194.0,3,March,25,Monday,41.28686327077748,8075.759999999999,19296.09,32865.03,High
2024-03-26 05:21:48.872581721,Mumbai,Prepared Food,Rice Bowl,273,199,74,78.49,136.44,22.9,230.0,3,March,26,Tuesday,27.106227106227106,5808.259999999999,27151.56,37248.12,Medium
2024-03-26 17:03:04.923282188,Mumbai,Vegetables,Potato,145,93,52,53.34,73.72,22.8,285.0,3,March,26,Tuesday,35.86206896551724,2773.6800000000003,6855.96,10689.4,High
2024-03-27 04:44:20.973982655,Hyderabad,Vegetables,Spinach,265,192,73,54.24,72.95,32.8,166.0,3,March,27,Wednesday,27.547169811320753,3959.52,14006.400000000001,19331.75,Medium
2024-03-27 16:25:37.024683122,Mumbai,Dairy,Butter,163,160,3,51.81,92.03,28.7,144.0,3,March,27,Wednesday,1.8404907975460123,155.43,14724.8,15000.89,Low
2024-03-28 04:06:53.075383589,Hyderabad,Fruits,Apple,388,314,74,91.7,165.7,36.5,90.0,3,March,28,Thursday,19.072164948453608,6785.8,52029.799999999996,64291.6,Medium
2024-03-28 15:48:09.126084056,Hyderabad,Bakery,Donut,145,110,35,11.65,19.08,24.6,210.0,3,March,28,Thursday,24.137931034482758,407.75,2098.7999999999997,2766.6,Medium
2024-03-29 03:29:25.176784523,Bangalore,Dairy,Butter,452,249,203,58.08,111.38,21.8,126.0,3,March,29,Friday,44.911504424778755,11790.24,27733.62,50343.759999999995,High
2024-03-29 15:10:41.227484990,Bangalore,Vegetables,Potato,265,247,18,28.08,50.13,38.1,155.0,3,March,29,Friday,6.7924528301886795,505.43999999999994,12382.11,13284.45,Low
2024-03-30 02:51:57.278185457,Mumbai,Vegetables,Tomato,416,350,66,12.84,25.11,21.1,465.0,3,March,30,Saturday,15.865384615384615,847.4399999999999,8788.5,10445.76,Medium
2024-03-30 14:33:13.328885924,Delhi,Bakery,Cake,363,270,93,74.27,138.23,27.5,300.0,3,March,30,Saturday,25.6198347107438,6907.11,37322.1,50177.49,Medium
2024-03-31 02:14:29.379586391,Delhi,Fruits,Mango,489,325,164,80.54,131.81,20.9,237.0,3,March,31,Sunday,33.537832310838446,13208.560000000001,42838.25,64455.090000000004,High
2024-03-31 13:55:45.430286858,Mumbai,Dairy,Cheese,111,83,28,68.53,112.08,31.0,196.0,3,March,31,Sunday,25.225225225225223,1918.8400000000001,9302.64,12440.88,Medium
2024-04-01 01:37:01.480987325,Chennai,Vegetables,Tomato,218,171,47,69.28,114.22,32.2,451.0,4,April,1,Monday,21.55963302752294,3256.16,19531.62,24899.96,Medium
2024-04-01 13:18:17.531687792,Chennai,Fruits,Banana,451,303,148,97.73,171.54,24.4,84.0,4,April,1,Monday,32.8159645232816,14464.04,51976.619999999995,77364.54,High
2024-04-02 00:59:33.582388259,Hyderabad,Prepared Food,Rice Bowl,490,344,146,25.68,50.65,29.1,73.0,4,April,2,Tuesday,29.795918367346943,3749.2799999999997,17423.6,24818.5,Medium
2024-04-02 12:40:49.633088726,Delhi,Vegetables,Tomato,319,282,37,79.1,130.78,32.0,484.0,4,April,2,Tuesday,11.598746081504702,2926.7,36879.96,41718.82,Low
2024-04-03 00:22:05.683789193,Bangalore,Bakery,Donut,216,215,1,53.8,102.83,39.8,311.0,4,April,3,Wednesday,0.4629629629629629,53.8,22108.45,22211.28,Low
2024-04-03 12:03:21.734489660,Mumbai,Dairy,Yogurt,285,280,5,28.96,50.28,33.9,448.0,4,April,3,Wednesday,1.7543859649122806,144.8,14078.4,14329.800000000001,Low
2024-04-03 23:44:37.785190126,Bangalore,Bakery,Croissant,107,93,14,91.81,130.9,25.2,383.0,4,April,3,Wednesday,13.084112149532709,1285.3400000000001,12173.7,14006.300000000001,Low
2024-04-04 11:25:53.835890593,Chennai,Dairy,Yogurt,424,398,26,54.31,80.0,39.2,160.0,4,April,4,Thursday,6.132075471698113,1412.06,31840.0,33920.0,Low
2024-04-04 23:07:09.886591060,Bangalore,Bakery,Donut,330,250,80,68.69,104.31,28.8,212.0,4,April,4,Thursday,24.242424242424242,5495.2,26077.5,34422.3,Medium
2024-04-05 10:48:25.937291527,Hyderabad,Prepared Food,Rice Bowl,263,188,75,31.33,45.88,39.4,167.0,4,April,5,Friday,28.517110266159694,2349.75,8625.44,12066.44,Medium
2024-04-05 22:29:41.987991994,Bangalore,Dairy,Milk,431,330,101,23.12,37.33,32.9,50.0,4,April,5,Friday,23.4338747099768,2335.12,12318.9,16089.23,Medium
2024-04-06 10:10:58.038692461,Delhi,Bakery,Donut,383,330,53,64.5,99.96,31.7,354.0,4,April,6,Saturday,13.838120104438643,3418.5,32986.799999999996,38284.68,Low
2024-04-06 21:52:14.089392928,Delhi,Bakery,Donut,411,381,30,87.78,148.41,31.9,453.0,4,April,6,Saturday,7.2992700729927,2633.4,56544.21,60996.51,Low
2024-04-07 09:33:30.140093395,Bangalore,Dairy,Cheese,392,234,158,14.65,25.61,24.9,294.0,4,April,7,Sunday,40.30612244897959,2314.7000000000003,5992.74,10039.119999999999,High
2024-04-07 21:14:46.190793862,Hyderabad,Fruits,Apple,278,229,49,71.94,113.53,30.6,300.0,4,April,7,Sunday,17.62589928057554,3525.06,25998.37,31561.34,Medium
2024-04-08 08:56:02.241494329,Bangalore,Fruits,Banana,316,222,94,97.58,166.48,25.6,476.0,4,April,8,Monday,29.746835443037973,9172.52,36958.56,52607.68,Medium
2024-04-08 20:37:18.292194796,Delhi,Dairy,Yogurt,393,299,94,21.32,29.7,23.2,483.0,4,April,8,Monday,23.918575063613233,2004.08,8880.3,11672.1,Medium
2024-04-09 08:18:34.342895263,Bangalore,Dairy,Butter,440,370,70,75.77,106.78,25.2,135.0,4,April,9,Tuesday,15.909090909090908,5303.9,39508.6,46983.2,Medium
2024-04-09 19:59:50.393595730,Bangalore,Dairy,Milk,213,198,15,65.61,125.2,32.6,125.0,4,April,9,Tuesday,7.042253521126761,984.15,24789.600000000002,26667.600000000002,Low
2024-04-10 07:41:06.444296197,Hyderabad,Fruits,Mango,401,252,149,64.05,125.45,38.2,353.0,4,April,10,Wednesday,37.1571072319202,9543.449999999999,31613.4,50305.450000000004,High
2024-04-10 19:22:22.494996664,Bangalore,Prepared Food,Rice Bowl,319,237,82,97.95,155.23,39.2,122.0,4,April,10,Wednesday,25.705329153605017,8031.900000000001,36789.509999999995,49518.369999999995,Medium
2024-04-11 07:03:38.545697131,Hyderabad,Prepared Food,Rice Bowl,423,329,94,46.37,70.9,34.7,131.0,4,April,11,Thursday,22.22222222222222,4358.78,23326.100000000002,29990.7,Medium
2024-04-11 18:44:54.596397598,Mumbai,Prepared Food,Rice Bowl,464,329,135,43.81,66.06,34.3,262.0,4,April,11,Thursday,29.094827586206897,5914.35,21733.74,30651.84,Medium
2024-04-12 06:26:10.647098065,Bangalore,Bakery,Donut,298,222,76,59.36,101.95,32.0,340.0,4,April,12,Friday,25.503355704697988,4511.36,22632.9,30381.100000000002,Medium
2024-04-12 18:07:26.697798532,Bangalore,Vegetables,Potato,366,299,67,25.16,44.03,36.7,314.0,4,April,12,Friday,18.30601092896175,1685.72,13164.970000000001,16114.98,Medium
2024-04-13 05:48:42.748498999,Bangalore,Fruits,Apple,427,281,146,86.25,167.32,37.9,202.0,4,April,13,Saturday,34.19203747072599,12592.5,47016.92,71445.64,High
2024-04-13 17:29:58.799199466,Bangalore,Vegetables,Tomato,403,257,146,32.15,52.52,28.7,392.0,4,April,13,Saturday,36.22828784119106,4693.9,13497.640000000001,21165.56,High
2024-04-14 05:11:14.849899933,Mumbai,Dairy,Butter,120,88,32,48.78,94.03,21.6,448.0,4,April,14,Sunday,26.666666666666668,1560.96,8274.64,11283.6,Medium
2024-04-14 16:52:30.900600400,Mumbai,Bakery,Donut,150,96,54,27.74,45.37,24.3,383.0,4,April,14,Sunday,36.0,1497.9599999999998,4355.5199999999995,6805.5,High
2024-04-15 04:33:46.951300866,Chennai,Prepared Food,Burger,151,109,42,93.66,156.65,32.8,155.0,4,April,15,Monday,27.81456953642384,3933.72,17074.850000000002,23654.15,Medium
2024-04-15 16:15:03.002001334,Bangalore,Vegetables,Potato,101,67,34,47.22,65.41,24.0,400.0,4,April,15,Monday,33.663366336633665,1605.48,4382.469999999999,6606.41,High
2024-04-16 03:56:19.052701800,Chennai,Vegetables,Potato,258,211,47,36.58,67.87,24.1,489.0,4,April,16,Tuesday,18.217054263565892,1719.26,14320.570000000002,17510.460000000003,Medium
2024-04-16 15:37:35.103402268,Delhi,Vegetables,Spinach,473,266,207,83.42,130.26,31.6,96.0,4,April,16,Tuesday,43.76321353065539,17267.94,34649.159999999996,61612.979999999996,High
2024-04-17 03:18:51.154102734,Chennai,Fruits,Apple,313,308,5,81.44,142.73,23.8,170.0,4,April,17,Wednesday,1.5974440894568689,407.2,43960.84,44674.49,Low
2024-04-17 15:00:07.204803202,Hyderabad,Prepared Food,Sandwich,253,229,24,80.25,119.76,31.0,109.0,4,April,17,Wednesday,9.486166007905137,1926.0,27425.04,30299.280000000002,Low
2024-04-18 02:41:23.255503668,Bangalore,Dairy,Milk,263,217,46,50.66,86.66,23.7,157.0,4,April,18,Thursday,17.490494296577946,2330.3599999999997,18805.219999999998,22791.579999999998,Medium
2024-04-18 14:22:39.306204136,Chennai,Dairy,Milk,249,183,66,38.1,55.67,24.5,60.0,4,April,18,Thursday,26.506024096385545,2514.6,10187.61,13861.83,Medium
2024-04-19 02:03:55.356904602,Chennai,Dairy,Milk,353,346,7,98.9,138.02,35.3,372.0,4,April,19,Friday,1.9830028328611897,692.3000000000001,47754.920000000006,48721.060000000005,Low
2024-04-19 13:45:11.407605070,Chennai,Dairy,Cheese,266,186,80,72.32,144.2,22.8,68.0,4,April,19,Friday,30.075187969924812,5785.599999999999,26821.199999999997,38357.2,High
2024-04-20 01:26:27.458305536,Bangalore,Vegetables,Potato,387,378,9,79.54,118.15,34.2,213.0,4,April,20,Saturday,2.3255813953488373,715.86,44660.700000000004,45724.05,Low
2024-04-20 13:07:43.509006004,Hyderabad,Fruits,Apple,478,331,147,41.95,56.57,31.4,179.0,4,April,20,Saturday,30.753138075313807,6166.650000000001,18724.670000000002,27040.46,High
2024-04-21 00:48:59.559706470,Delhi,Vegetables,Tomato,126,100,26,58.6,112.28,34.3,349.0,4,April,21,Sunday,20.634920634920633,1523.6000000000001,11228.0,14147.28,Medium
2024-04-21 12:30:15.610406938,Mumbai,Prepared Food,Sandwich,441,311,130,14.71,23.02,28.0,340.0,4,April,21,Sunday,29.47845804988662,1912.3000000000002,7159.22,10151.82,Medium
2024-04-22 00:11:31.661107404,Delhi,Dairy,Yogurt,363,348,15,60.61,119.42,23.9,336.0,4,April,22,Monday,4.132231404958678,909.15,41558.16,43349.46,Low
2024-04-22 11:52:47.711807872,Bangalore,Bakery,Croissant,257,195,62,78.05,120.45,34.6,52.0,4,April,22,Monday,24.124513618677042,4839.099999999999,23487.75,30955.65,Medium
2024-04-22 23:34:03.762508338,Delhi,Prepared Food,Pizza,214,121,93,76.35,140.33,25.4,335.0,4,April,22,Monday,43.45794392523364,7100.549999999999,16979.93,30030.620000000003,High
2024-04-23 11:15:19.813208806,Bangalore,Prepared Food,Burger,330,212,118,21.49,40.36,37.2,275.0,4,April,23,Tuesday,35.75757575757576,2535.8199999999997,8556.32,13318.8,High
2024-04-23 22:56:35.863909272,Delhi,Prepared Food,Sandwich,250,250,0,40.75,63.84,27.6,298.0,4,April,23,Tuesday,0.0,0.0,15960.0,15960.0,Low
2024-04-24 10:37:51.914609740,Mumbai,Bakery,Bread,422,411,11,35.17,68.92,39.2,311.0,4,April,24,Wednesday,2.6066350710900474,386.87,28326.12,29084.24,Low
2024-04-24 22:19:07.965310206,Mumbai,Fruits,Banana,242,218,24,60.99,95.98,31.0,98.0,4,April,24,Wednesday,9.917355371900827,1463.76,20923.64,23227.16,Low
2024-04-25 10:00:24.016010674,Bangalore,Dairy,Cheese,390,371,19,89.02,169.82,37.7,385.0,4,April,25,Thursday,4.871794871794872,1691.3799999999999,63003.219999999994,66229.8,Low
2024-04-25 21:41:40.066711140,Hyderabad,Vegetables,Potato,498,421,77,12.06,16.98,24.9,255.0,4,April,25,Thursday,15.461847389558233,928.62,7148.58,8456.04,Medium
2024-04-26 09:22:56.117411608,Bangalore,Vegetables,Potato,124,69,55,21.93,41.74,40.3,319.0,4,April,26,Friday,44.354838709677416,1206.15,2880.06,5175.76,High
2024-04-26 21:04:12.168112074,Chennai,Bakery,Cake,486,435,51,84.27,148.86,22.7,454.0,4,April,26,Friday,10.493827160493826,4297.7699999999995,64754.100000000006,72345.96,Low
2024-04-27 08:45:28.218812542,Hyderabad,Dairy,Butter,178,164,14,17.2,31.71,22.7,141.0,4,April,27,Saturday,7.865168539325842,240.79999999999998,5200.4400000000005,5644.38,Low
2024-04-27 20:26:44.269513008,Delhi,Prepared Food,Pizza,245,226,19,19.51,34.11,24.8,303.0,4,April,27,Saturday,7.755102040816326,370.69000000000005,7708.86,8356.95,Low
2024-04-28 08:08:00.320213476,Mumbai,Dairy,Butter,386,216,170,80.27,130.19,21.3,316.0,4,April,28,Sunday,44.04145077720207,13645.9,28121.04,50253.34,High
2024-04-28 19:49:16.370913942,Hyderabad,Dairy,Milk,182,108,74,22.8,31.58,26.7,420.0,4,April,28,Sunday,40.65934065934066,1687.2,3410.64,5747.5599999999995,High
2024-04-29 07:30:32.421614410,Delhi,Vegetables,Tomato,359,299,60,30.6,44.76,24.9,270.0,4,April,29,Monday,16.71309192200557,1836.0,13383.24,16068.84,Medium
2024-04-29 19:11:48.472314876,Delhi,Vegetables,Spinach,330,243,87,81.29,128.71,34.4,56.0,4,April,29,Monday,26.36363636363636,7072.2300000000005,31276.530000000002,42474.3,Medium
2024-04-30 06:53:04.523015344,Chennai,Fruits,Mango,185,105,80,10.99,17.49,30.6,295.0,4,April,30,Tuesday,43.24324324324324,879.2,1836.4499999999998,3235.6499999999996,High
2024-04-30 18:34:20.573715810,Bangalore,Prepared Food,Sandwich,475,427,48,65.71,100.3,38.4,262.0,4,April,30,Tuesday,10.105263157894736,3154.08,42828.1,47642.5,Low
2024-05-01 06:15:36.624416278,Chennai,Prepared Food,Sandwich,272,180,92,53.91,74.22,32.1,240.0,5,May,1,Wednesday,33.82352941176471,4959.719999999999,13359.6,20187.84,High
2024-05-01 17:56:52.675116744,Chennai,Prepared Food,Burger,381,242,139,39.22,71.23,30.5,282.0,5,May,1,Wednesday,36.48293963254593,5451.58,17237.66,27138.63,High
2024-05-02 05:38:08.725817212,Chennai,Prepared Food,Burger,141,97,44,96.06,133.83,22.2,169.0,5,May,2,Thursday,31.20567375886525,4226.64,12981.510000000002,18870.030000000002,High
2024-05-02 17:19:24.776517678,Hyderabad,Bakery,Bread,229,184,45,16.88,25.25,40.5,493.0,5,May,2,Thursday,19.65065502183406,759.5999999999999,4646.0,5782.25,Medium
2024-05-03 05:00:40.827218146,Mumbai,Prepared Food,Burger,346,223,123,44.77,72.31,25.0,450.0,5,May,3,Friday,35.54913294797688,5506.71,16125.130000000001,25019.260000000002,High
2024-05-03 16:41:56.877918612,Chennai,Vegetables,Carrot,168,123,45,98.94,159.32,21.1,249.0,5,May,3,Friday,26.785714285714285,4452.3,19596.36,26765.76,Medium
2024-05-04 04:23:12.928619080,Mumbai,Bakery,Croissant,484,374,110,82.19,112.91,20.8,197.0,5,May,4,Saturday,22.727272727272727,9040.9,42228.34,54648.439999999995,Medium
2024-05-04 16:04:28.979319546,Bangalore,Prepared Food,Burger,465,393,72,97.37,190.81,37.2,100.0,5,May,4,Saturday,15.483870967741936,7010.64,74988.33,88726.65,Medium
2024-05-05 03:45:45.030020012,Chennai,Fruits,Banana,360,291,69,84.75,114.25,29.3,160.0,5,May,5,Sunday,19.166666666666668,5847.75,33246.75,41130.0,Medium
2024-05-05 15:27:01.080720480,Hyderabad,Vegetables,Tomato,428,428,0,70.06,91.59,25.6,373.0,5,May,5,Sunday,0.0,0.0,39200.520000000004,39200.520000000004,Low
2024-05-06 03:08:17.131420946,Hyderabad,Bakery,Bread,477,380,97,13.78,27.26,37.6,189.0,5,May,6,Monday,20.335429769392032,1336.6599999999999,10358.800000000001,13003.02,Medium
2024-05-06 14:49:33.182121414,Bangalore,Fruits,Mango,473,272,201,62.42,113.83,37.9,429.0,5,May,6,Monday,42.49471458773784,12546.42,30961.76,53841.59,High
2024-05-07 02:30:49.232821880,Bangalore,Dairy,Yogurt,370,219,151,93.53,136.29,28.2,364.0,5,May,7,Tuesday,40.81081081081081,14123.03,29847.51,50427.299999999996,High
2024-05-07 14:12:05.283522348,Hyderabad,Vegetables,Potato,213,138,75,34.64,67.54,34.9,484.0,5,May,7,Tuesday,35.2112676056338,2598.0,9320.52,14386.02,High
2024-05-08 01:53:21.334222814,Chennai,Bakery,Donut,221,152,69,38.52,73.78,25.7,480.0,5,May,8,Wednesday,31.221719457013574,2657.88,11214.56,16305.380000000001,High
2024-05-08 13:34:37.384923282,Chennai,Dairy,Milk,248,143,105,77.34,130.74,24.0,273.0,5,May,8,Wednesday,42.33870967741936,8120.700000000001,18695.82,32423.520000000004,High
2024-05-09 01:15:53.435623748,Mumbai,Fruits,Mango,444,265,179,58.56,105.97,22.4,262.0,5,May,9,Thursday,40.31531531531532,10482.24,28082.05,47050.68,High
2024-05-09 12:57:09.486324216,Bangalore,Vegetables,Carrot,194,184,10,55.53,104.87,36.1,220.0,5,May,9,Thursday,5.154639175257731,555.3,19296.08,20344.780000000002,Low
2024-05-10 00:38:25.537024682,Hyderabad,Prepared Food,Rice Bowl,283,157,126,36.78,62.36,35.2,344.0,5,May,10,Friday,44.522968197879855,4634.28,9790.52,17647.88,High
2024-05-10 12:19:41.587725150,Hyderabad,Vegetables,Carrot,227,224,3,24.41,39.62,31.0,178.0,5,May,10,Friday,1.3215859030837005,73.23,8874.88,8993.74,Low
2024-05-11 00:00:57.638425616,Mumbai,Vegetables,Tomato,487,370,117,27.46,52.61,34.5,59.0,5,May,11,Saturday,24.02464065708419,3212.82,19465.7,25621.07,Medium
2024-05-11 11:42:13.689126084,Mumbai,Prepared Food,Burger,165,130,35,43.77,73.41,31.5,283.0,5,May,11,Saturday,21.21212121212121,1531.95,9543.3,12112.65,Medium
2024-05-11 23:23:29.739826550,Delhi,Dairy,Cheese,308,182,126,77.46,141.83,34.9,449.0,5,May,11,Saturday,40.909090909090914,9759.96,25813.06,43683.64000000001,High
2024-05-12 11:04:45.790527018,Mumbai,Fruits,Orange,200,167,33,43.15,69.65,35.9,73.0,5,May,12,Sunday,16.5,1423.95,11631.550000000001,13930.000000000002,Medium
2024-05-12 22:46:01.841227484,Chennai,Fruits,Banana,329,233,96,72.61,94.56,33.6,309.0,5,May,12,Sunday,29.17933130699088,6970.5599999999995,22032.48,31110.24,Medium
2024-05-13 10:27:17.891927952,Chennai,Vegetables,Tomato,119,81,38,62.94,103.01,34.1,265.0,5,May,13,Monday,31.932773109243694,2391.72,8343.810000000001,12258.19,High
2024-05-13 22:08:33.942628418,Bangalore,Prepared Food,Burger,154,87,67,14.75,24.2,33.2,452.0,5,May,13,Monday,43.506493506493506,988.25,2105.4,3726.7999999999997,High
2024-05-14 09:49:49.993328886,Mumbai,Vegetables,Spinach,404,284,120,16.94,22.72,27.4,79.0,5,May,14,Tuesday,29.7029702970297,2032.8000000000002,6452.48,9178.88,Medium
2024-05-14 21:31:06.044029352,Chennai,Dairy,Cheese,455,441,14,56.83,88.74,22.7,162.0,5,May,14,Tuesday,3.076923076923077,795.62,39134.34,40376.7,Low
2024-05-15 09:12:22.094729820,Delhi,Bakery,Cake,212,207,5,76.21,152.33,40.5,350.0,5,May,15,Wednesday,2.358490566037736,381.04999999999995,31532.31,32293.960000000003,Low
2024-05-15 20:53:38.145430286,Delhi,Bakery,Bread,247,246,1,26.04,46.35,41.8,173.0,5,May,15,Wednesday,0.4048582995951417,26.04,11402.1,11448.45,Low
2024-05-16 08:34:54.196130754,Hyderabad,Fruits,Orange,189,118,71,28.26,47.93,41.6,308.0,5,May,16,Thursday,37.56613756613756,2006.46,5655.74,9058.77,High
2024-05-16 20:16:10.246831220,Hyderabad,Prepared Food,Pizza,449,363,86,34.58,57.49,26.6,294.0,5,May,16,Thursday,19.15367483296214,2973.8799999999997,20868.87,25813.010000000002,Medium
2024-05-17 07:57:26.297531688,Mumbai,Fruits,Banana,401,373,28,88.55,167.3,24.1,98.0,5,May,17,Friday,6.982543640897755,2479.4,62402.9,67087.3,Low
2024-05-17 19:38:42.348232154,Chennai,Prepared Food,Sandwich,455,319,136,66.81,89.18,39.9,468.0,5,May,17,Friday,29.89010989010989,9086.16,28448.420000000002,40576.9,Medium
2024-05-18 07:19:58.398932622,Hyderabad,Bakery,Donut,199,178,21,15.16,22.1,22.9,106.0,5,May,18,Saturday,10.552763819095476,318.36,3933.8,4397.900000000001,Low
2024-05-18 19:01:14.449633088,Hyderabad,Vegetables,Spinach,135,94,41,16.21,21.72,26.2,269.0,5,May,18,Saturday,30.37037037037037,664.61,2041.6799999999998,2932.2,High
2024-05-19 06:42:30.500333556,Delhi,Fruits,Orange,369,321,48,97.74,152.46,29.4,266.0,5,May,19,Sunday,13.008130081300814,4691.5199999999995,48939.66,56257.740000000005,Low
2024-05-19 18:23:46.551034022,Delhi,Prepared Food,Sandwich,428,279,149,86.78,115.64,33.6,412.0,5,May,19,Sunday,34.81308411214953,12930.22,32263.56,49493.92,High
2024-05-20 06:05:02.601734490,Delhi,Bakery,Bread,277,184,93,79.47,108.12,25.2,209.0,5,May,20,Monday,33.57400722021661,7390.71,19894.08,29949.24,High
2024-05-20 17:46:18.652434956,Chennai,Fruits,Mango,253,246,7,80.89,140.51,30.9,70.0,5,May,20,Monday,2.766798418972332,566.23,34565.46,35549.03,Low
2024-05-21 05:27:34.703135424,Mumbai,Dairy,Milk,186,138,48,60.88,98.91,41.4,433.0,5,May,21,Tuesday,25.806451612903224,2922.2400000000002,13649.58,18397.26,Medium
2024-05-21 17:08:50.753835890,Chennai,Vegetables,Tomato,260,192,68,74.8,119.13,22.0,135.0,5,May,21,Tuesday,26.153846153846157,5086.4,22872.96,30973.8,Medium
2024-05-22 04:50:06.804536358,Chennai,Bakery,Bread,160,115,45,75.05,101.12,35.6,66.0,5,May,22,Wednesday,28.125,3377.25,11628.800000000001,16179.2,Medium
2024-05-22 16:31:22.855236824,Bangalore,Dairy,Cheese,164,163,1,24.92,48.89,38.7,115.0,5,May,22,Wednesday,0.6097560975609756,24.92,7969.07,8017.96,Low
2024-05-23 04:12:38.905937292,Mumbai,Dairy,Cheese,224,161,63,59.09,79.39,31.3,270.0,5,May,23,Thursday,28.125,3722.67,12781.79,17783.36,Medium
2024-05-23 15:53:54.956637758,Mumbai,Fruits,Banana,291,222,69,54.75,84.2,39.2,203.0,5,May,23,Thursday,23.711340206185564,3777.75,18692.4,24502.2,Medium
2024-05-24 03:35:11.007338226,Delhi,Vegetables,Potato,313,291,22,21.36,37.63,23.6,319.0,5,May,24,Friday,7.0287539936102235,469.91999999999996,10950.33,11778.19,Low
2024-05-24 15:16:27.058038692,Hyderabad,Fruits,Apple,267,203,64,77.57,131.14,32.2,297.0,5,May,24,Friday,23.970037453183522,4964.48,26621.42,35014.38,Medium
2024-05-25 02:57:43.108739160,Delhi,Fruits,Mango,196,148,48,54.8,75.29,34.4,138.0,5,May,25,Saturday,24.489795918367346,2630.3999999999996,11142.92,14756.840000000002,Medium
2024-05-25 14:38:59.159439626,Mumbai,Fruits,Banana,296,212,84,27.6,39.49,22.1,346.0,5,May,25,Saturday,28.37837837837838,2318.4,8371.880000000001,11689.04,Medium
2024-05-26 02:20:15.210140092,Chennai,Vegetables,Tomato,171,148,23,67.84,97.49,39.7,259.0,5,May,26,Sunday,13.450292397660817,1560.3200000000002,14428.519999999999,16670.79,Low
2024-05-26 14:01:31.260840560,Delhi,Dairy,Butter,367,330,37,38.51,73.17,39.9,163.0,5,May,26,Sunday,10.08174386920981,1424.87,24146.100000000002,26853.39,Low
2024-05-27 01:42:47.311541026,Hyderabad,Fruits,Mango,319,303,16,13.0,20.21,36.1,225.0,5,May,27,Monday,5.015673981191222,208.0,6123.63,6446.990000000001,Low
2024-05-27 13:24:03.362241494,Delhi,Fruits,Apple,465,273,192,89.42,166.55,31.1,65.0,5,May,27,Monday,41.29032258064516,17168.64,45468.15,77445.75,High
2024-05-28 01:05:19.412941960,Chennai,Bakery,Croissant,474,280,194,75.27,114.87,41.9,272.0,5,May,28,Tuesday,40.92827004219409,14602.38,32163.600000000002,54448.380000000005,High
2024-05-28 12:46:35.463642428,Mumbai,Fruits,Orange,424,257,167,18.37,24.26,38.1,270.0,5,May,28,Tuesday,39.386792452830186,3067.79,6234.820000000001,10286.24,High
2024-05-29 00:27:51.514342894,Chennai,Prepared Food,Pizza,364,315,49,92.64,127.61,36.7,426.0,5,May,29,Wednesday,13.461538461538462,4539.36,40197.15,46450.04,Low
2024-05-29 12:09:07.565043362,Delhi,Fruits,Banana,463,454,9,42.2,69.46,38.2,335.0,5,May,29,Wednesday,1.9438444924406046,379.8,31534.839999999997,32159.979999999996,Low
2024-05-29 23:50:23.615743828,Chennai,Dairy,Butter,255,229,26,19.06,27.98,23.1,90.0,5,May,29,Wednesday,10.196078431372548,495.55999999999995,6407.42,7134.900000000001,Low
2024-05-30 11:31:39.666444296,Bangalore,Fruits,Orange,413,301,112,68.6,119.0,27.8,374.0,5,May,30,Thursday,27.11864406779661,7683.199999999999,35819.0,49147.0,Medium
2024-05-30 23:12:55.717144762,Mumbai,Vegetables,Carrot,388,337,51,70.86,108.24,35.1,205.0,5,May,30,Thursday,13.144329896907218,3613.86,36476.88,41997.119999999995,Low
2024-05-31 10:54:11.767845230,Delhi,Bakery,Donut,100,62,38,16.54,22.39,27.5,491.0,5,May,31,Friday,38.0,628.52,1388.18,2239.0,High
2024-05-31 22:35:27.818545696,Chennai,Bakery,Croissant,326,235,91,37.36,65.65,40.6,450.0,5,May,31,Friday,27.914110429447852,3399.7599999999998,15427.750000000002,21401.9,Medium
2024-06-01 10:16:43.869246164,Delhi,Bakery,Croissant,432,351,81,91.65,162.18,32.3,140.0,6,June,1,Saturday,18.75,7423.650000000001,56925.18,70061.76000000001,Medium
2024-06-01 21:57:59.919946630,Delhi,Dairy,Butter,427,423,4,44.24,87.76,22.4,133.0,6,June,1,Saturday,0.936768149882904,176.96,37122.48,37473.520000000004,Low
2024-06-02 09:39:15.970647098,Bangalore,Bakery,Bread,201,196,5,21.47,38.55,41.4,436.0,6,June,2,Sunday,2.4875621890547266,107.35,7555.799999999999,7748.549999999999,Low
2024-06-02 21:20:32.021347564,Hyderabad,Dairy,Yogurt,383,382,1,96.65,174.81,26.7,424.0,6,June,2,Sunday,0.26109660574412535,96.65,66777.42,66952.23,Low
2024-06-03 09:01:48.072048032,Mumbai,Bakery,Donut,497,392,105,73.33,123.08,22.1,335.0,6,June,3,Monday,21.12676056338028,7699.65,48247.36,61170.76,Medium
2024-06-03 20:43:04.122748498,Hyderabad,Bakery,Donut,475,312,163,37.11,63.79,26.5,492.0,6,June,3,Monday,34.31578947368421,6048.93,19902.48,30300.25,High
2024-06-04 08:24:20.173448966,Mumbai,Bakery,Donut,167,98,69,88.95,136.21,27.5,169.0,6,June,4,Tuesday,41.31736526946108,6137.55,13348.58,22747.07,High
2024-06-04 20:05:36.224149432,Hyderabad,Prepared Food,Sandwich,257,152,105,62.45,124.7,38.8,304.0,6,June,4,Tuesday,40.856031128404666,6557.25,18954.4,32047.9,High
2024-06-05 07:46:52.274849900,Delhi,Prepared Food,Rice Bowl,456,444,12,53.95,97.99,31.6,442.0,6,June,5,Wednesday,2.631578947368421,647.4000000000001,43507.56,44683.439999999995,Low
2024-06-05 19:28:08.325550366,Hyderabad,Vegetables,Carrot,315,237,78,12.26,21.9,21.8,487.0,6,June,5,Wednesday,24.761904761904763,956.28,5190.299999999999,6898.5,Medium
2024-06-06 07:09:24.376250834,Hyderabad,Vegetables,Potato,246,160,86,24.83,35.24,40.9,87.0,6,June,6,Thursday,34.959349593495936,2135.3799999999997,5638.400000000001,8669.04,High
2024-06-06 18:50:40.426951300,Chennai,Vegetables,Tomato,278,155,123,70.88,98.68,31.0,125.0,6,June,6,Thursday,44.24460431654676,8718.24,15295.400000000001,27433.04,High
2024-06-07 06:31:56.477651768,Delhi,Prepared Food,Pizza,293,251,42,76.92,127.26,34.0,311.0,6,June,7,Friday,14.334470989761092,3230.64,31942.260000000002,37287.18,Low
2024-06-07 18:13:12.528352234,Hyderabad,Bakery,Cake,160,99,61,64.37,124.57,25.3,411.0,6,June,7,Friday,38.125,3926.57,12332.429999999998,19931.199999999997,High
2024-06-08 05:54:28.579052702,Chennai,Bakery,Bread,208,153,55,52.28,84.34,30.4,226.0,6,June,8,Saturday,26.442307692307693,2875.4,12904.02,17542.72,Medium
2024-06-08 17:35:44.629753168,Hyderabad,Prepared Food,Rice Bowl,401,332,69,29.72,39.4,22.4,139.0,6,June,8,Saturday,17.206982543640898,2050.68,13080.8,15799.4,Medium
2024-06-09 05:17:00.680453636,Hyderabad,Prepared Food,Rice Bowl,291,221,70,45.71,60.84,26.1,393.0,6,June,9,Sunday,24.054982817869416,3199.7000000000003,13445.640000000001,17704.440000000002,Medium
2024-06-09 16:58:16.731154102,Hyderabad,Prepared Food,Rice Bowl,116,86,30,57.84,110.82,32.6,88.0,6,June,9,Sunday,25.862068965517242,1735.2,9530.519999999999,12855.119999999999,Medium
2024-06-10 04:39:32.781854570,Mumbai,Prepared Food,Burger,246,145,101,21.83,32.58,28.7,157.0,6,June,10,Monday,41.05691056910569,2204.83,4724.099999999999,8014.679999999999,High
2024-06-10 16:20:48.832555036,Chennai,Fruits,Mango,208,125,83,70.71,106.61,35.8,299.0,6,June,10,Monday,39.90384615384615,5868.929999999999,13326.25,22174.88,High
2024-06-11 04:02:04.883255504,Hyderabad,Prepared Food,Burger,446,418,28,14.6,21.61,21.3,224.0,6,June,11,Tuesday,6.278026905829597,408.8,9032.98,9638.06,Low
2024-06-11 15:43:20.933955970,Bangalore,Vegetables,Potato,423,392,31,51.06,79.57,22.7,461.0,6,June,11,Tuesday,7.328605200945626,1582.8600000000001,31191.44,33658.11,Low
2024-06-12 03:24:36.984656438,Hyderabad,Vegetables,Tomato,431,358,73,38.9,70.99,29.1,334.0,6,June,12,Wednesday,16.937354988399072,2839.7,25414.42,30596.69,Medium
2024-06-12 15:05:53.035356904,Bangalore,Bakery,Cake,406,297,109,63.88,105.5,23.1,250.0,6,June,12,Wednesday,26.84729064039409,6962.92,31333.5,42833.0,Medium
2024-06-13 02:47:09.086057372,Delhi,Bakery,Croissant,358,279,79,67.41,122.6,31.7,436.0,6,June,13,Thursday,22.067039106145252,5325.389999999999,34205.4,43890.799999999996,Medium
2024-06-13 14:28:25.136757838,Hyderabad,Dairy,Milk,367,363,4,50.4,68.5,28.8,406.0,6,June,13,Thursday,1.08991825613079,201.6,24865.5,25139.5,Low
2024-06-14 02:09:41.187458306,Hyderabad,Prepared Food,Sandwich,226,218,8,51.99,97.31,21.5,326.0,6,June,14,Friday,3.5398230088495577,415.92,21213.58,21992.06,Low
2024-06-14 13:50:57.238158772,Delhi,Fruits,Banana,198,152,46,34.78,52.67,37.4,237.0,6,June,14,Friday,23.232323232323232,1599.88,8005.84,10428.66,Medium
2024-06-15 01:32:13.288859240,Mumbai,Vegetables,Potato,294,239,55,78.34,107.26,39.6,209.0,6,June,15,Saturday,18.70748299319728,4308.7,25635.14,31534.440000000002,Medium
2024-06-15 13:13:29.339559706,Hyderabad,Dairy,Yogurt,217,151,66,57.32,95.05,23.6,56.0,6,June,15,Saturday,30.414746543778804,3783.12,14352.55,20625.85,High
2024-06-16 00:54:45.390260172,Hyderabad,Vegetables,Tomato,292,206,86,23.9,31.5,34.2,468.0,6,June,16,Sunday,29.45205479452055,2055.4,6489.0,9198.0,Medium
2024-06-16 12:36:01.440960640,Mumbai,Fruits,Orange,225,133,92,38.01,67.43,33.3,467.0,6,June,16,Sunday,40.88888888888889,3496.9199999999996,8968.19,15171.750000000002,High
2024-06-17 00:17:17.491661106,Delhi,Vegetables,Spinach,420,261,159,71.94,100.6,30.7,425.0,6,June,17,Monday,37.857142857142854,11438.46,26256.6,42252.0,High
2024-06-17 11:58:33.542361574,Mumbai,Fruits,Orange,144,82,62,55.37,27.39,40.4,283.0,6,June,17,Monday,43.05555555555556,3432.94,2245.98,3944.16,High
2024-06-17 23:39:49.593062040,Mumbai,Fruits,Banana,224,137,87,53.91,74.99,38.4,86.0,6,June,17,Monday,38.839285714285715,4690.17,10273.63,16797.76,High
2024-06-18 11:21:05.643762508,Chennai,Dairy,Butter,134,95,39,49.97,99.76,32.0,334.0,6,June,18,Tuesday,29.1044776119403,1948.83,9477.2,13367.84,Medium
2024-06-18 23:02:21.694462974,Delhi,Prepared Food,Pizza,208,135,73,58.73,82.69,32.2,211.0,6,June,18,Tuesday,35.09615384615385,4287.29,11163.15,17199.52,High
2024-06-19 10:43:37.745163442,Chennai,Prepared Food,Sandwich,478,348,130,49.64,75.04,25.7,100.0,6,June,19,Wednesday,27.19665271966527,6453.2,26113.920000000002,35869.12,Medium
2024-06-19 22:24:53.795863908,Chennai,Dairy,Milk,482,285,197,96.98,163.93,27.6,141.0,6,June,19,Wednesday,40.871369294605806,19105.06,46720.05,79014.26000000001,High
2024-06-20 10:06:09.846564376,Chennai,Prepared Food,Pizza,210,125,85,28.66,52.95,36.2,387.0,6,June,20,Thursday,40.476190476190474,2436.1,6618.75,11119.5,High
2024-06-20 21:47:25.897264842,Bangalore,Bakery,Donut,374,369,5,75.77,106.35,38.8,150.0,6,June,20,Thursday,1.3368983957219251,378.84999999999997,39243.15,39774.9,Low
2024-06-21 09:28:41.947965310,Mumbai,Vegetables,Potato,163,99,64,41.81,67.77,20.8,295.0,6,June,21,Friday,39.263803680981596,2675.84,6709.23,11046.51,High
2024-06-21 21:09:57.998665776,Delhi,Fruits,Orange,104,73,31,71.27,115.94,20.8,119.0,6,June,21,Friday,29.807692307692307,2209.37,8463.619999999999,12057.76,Medium
2024-06-22 08:51:14.049366244,Mumbai,Bakery,Croissant,253,186,67,18.43,33.69,30.8,232.0,6,June,22,Saturday,26.48221343873518,1234.81,6266.339999999999,8523.57,Medium
2024-06-22 20:32:30.100066710,Mumbai,Dairy,Butter,315,315,0,64.52,125.37,28.0,228.0,6,June,22,Saturday,0.0,0.0,39491.55,39491.55,Low
2024-06-23 08:13:46.150767178,Mumbai,Prepared Food,Sandwich,181,149,32,64.19,110.02,37.7,212.0,6,June,23,Sunday,17.67955801104972,2054.08,16392.98,19913.62,Medium
2024-06-23 19:55:02.201467644,Delhi,Bakery,Donut,436,319,117,86.23,166.01,21.4,343.0,6,June,23,Sunday,26.834862385321102,10088.91,52957.189999999995,72380.36,Medium
2024-06-24 07:36:18.252168112,Chennai,Fruits,Orange,112,107,5,66.39,129.36,20.4,71.0,6,June,24,Monday,4.464285714285714,331.95,13841.520000000002,14488.320000000002,Low
2024-06-24 19:17:34.302868578,Mumbai,Prepared Food,Sandwich,422,285,137,57.45,100.12,34.2,253.0,6,June,24,Monday,32.46445497630332,7870.650000000001,28534.2,42250.64,High
2024-06-25 06:58:50.353569046,Mumbai,Dairy,Milk,283,184,99,96.17,125.62,42.0,313.0,6,June,25,Tuesday,34.98233215547703,9520.83,23114.08,35550.46,High
2024-06-25 18:40:06.404269512,Mumbai,Dairy,Milk,164,125,39,85.07,154.69,23.1,281.0,6,June,25,Tuesday,23.78048780487805,3317.7299999999996,19336.25,25369.16,Medium
2024-06-26 06:21:22.454969980,Hyderabad,Prepared Food,Burger,226,124,102,86.13,148.96,21.9,314.0,6,June,26,Wednesday,45.13274336283185,8785.26,18471.04,33664.96,High
2024-06-26 18:02:38.505670446,Delhi,Dairy,Cheese,457,325,132,41.39,57.02,37.8,222.0,6,June,26,Wednesday,28.88402625820569,5463.4800000000005,18531.5,26058.140000000003,Medium
2024-06-27 05:43:54.556370914,Chennai,Dairy,Milk,182,115,67,71.36,98.41,38.5,429.0,6,June,27,Thursday,36.81318681318682,4781.12,11317.15,17910.62,High
2024-06-27 17:25:10.607071380,Bangalore,Vegetables,Potato,112,107,5,29.0,55.23,28.8,264.0,6,June,27,Thursday,4.464285714285714,145.0,5909.61,6185.759999999999,Low
2024-06-28 05:06:26.657771848,Chennai,Fruits,Banana,330,233,97,85.8,144.51,24.8,318.0,6,June,28,Friday,29.393939393939394,8322.6,33670.829999999994,47688.299999999996,Medium
2024-06-28 16:47:42.708472314,Chennai,Prepared Food,Pizza,374,261,113,78.37,112.19,35.8,81.0,6,June,28,Friday,30.213903743315505,8855.810000000001,29281.59,41959.06,High
2024-06-29 04:28:58.759172782,Delhi,Dairy,Cheese,153,135,18,67.34,112.35,30.2,415.0,6,June,29,Saturday,11.76470588235294,1212.1200000000001,15167.25,17189.55,Low
2024-06-29 16:10:14.809873248,Delhi,Vegetables,Tomato,304,225,79,79.78,118.87,30.9,339.0,6,June,29,Saturday,25.986842105263158,6302.62,26745.75,36136.48,Medium
2024-06-30 03:51:30.860573716,Bangalore,Dairy,Butter,226,198,28,34.44,54.47,22.3,290.0,6,June,30,Sunday,12.389380530973451,964.3199999999999,10785.06,12310.22,Low
2024-06-30 15:32:46.911274182,Bangalore,Dairy,Milk,373,300,73,63.41,122.19,32.8,313.0,6,June,30,Sunday,19.571045576407506,4628.929999999999,36657.0,45576.87,Medium
2024-07-01 03:14:02.961974650,Chennai,Bakery,Cake,476,324,152,38.46,52.74,27.9,196.0,7,July,1,Monday,31.932773109243694,5845.92,17087.760000000002,25104.24,High
2024-07-01 14:55:19.012675116,Bangalore,Bakery,Croissant,199,190,9,90.27,144.76,40.0,161.0,7,July,1,Monday,4.522613065326634,812.43,27504.399999999998,28807.239999999998,Low
2024-07-02 02:36:35.063375584,Chennai,Vegetables,Carrot,285,215,70,66.94,120.0,20.1,72.0,7,July,2,Tuesday,24.561403508771928,4685.8,25800.0,34200.0,Medium
2024-07-02 14:17:51.114076050,Mumbai,Prepared Food,Rice Bowl,112,97,15,96.94,177.66,40.9,480.0,7,July,2,Tuesday,13.392857142857142,1454.1,17233.02,19897.92,Low
2024-07-03 01:59:07.164776518,Hyderabad,Bakery,Cake,120,85,35,80.36,140.7,21.1,150.0,7,July,3,Wednesday,29.166666666666668,2812.6,11959.499999999998,16884.0,Medium
2024-07-03 13:40:23.215476984,Hyderabad,Vegetables,Spinach,454,295,159,19.99,34.86,37.0,410.0,7,July,3,Wednesday,35.02202643171806,3178.41,10283.7,15826.44,High
2024-07-04 01:21:39.266177452,Hyderabad,Vegetables,Carrot,112,78,34,59.69,94.97,35.8,186.0,7,July,4,Thursday,30.357142857142854,2029.46,7407.66,10636.64,High
2024-07-04 13:02:55.316877918,Mumbai,Bakery,Cake,409,407,2,68.29,126.84,36.6,286.0,7,July,4,Thursday,0.4889975550122249,136.58,51623.880000000005,51877.560000000005,Low
2024-07-05 00:44:11.367578386,Delhi,Dairy,Milk,373,207,166,38.41,67.27,28.7,359.0,7,July,5,Friday,44.50402144772118,6376.0599999999995,13924.89,25091.71,High
2024-07-05 12:25:27.418278852,Chennai,Bakery,Donut,351,205,146,15.23,20.99,31.3,93.0,7,July,5,Friday,41.5954415954416,2223.58,4302.95,7367.49,High
2024-07-06 00:06:43.468979320,Chennai,Prepared Food,Sandwich,264,246,18,40.36,53.01,22.7,187.0,7,July,6,Saturday,6.8181818181818175,726.48,13040.46,13994.64,Low
2024-07-06 11:47:59.519679786,Mumbai,Fruits,Apple,210,131,79,91.55,136.1,35.9,458.0,7,July,6,Saturday,37.61904761904762,7232.45,17829.1,28581.0,High
2024-07-06 23:29:15.570380252,Delhi,Vegetables,Potato,445,308,137,38.07,70.12,37.0,153.0,7,July,6,Saturday,30.786516853932582,5215.59,21596.960000000003,31203.4,High
2024-07-07 11:10:31.621080720,Delhi,Vegetables,Potato,382,379,3,79.31,147.91,22.6,183.0,7,July,7,Sunday,0.7853403141361256,237.93,56057.89,56501.619999999995,Low
2024-07-07 22:51:47.671781186,Hyderabad,Prepared Food,Rice Bowl,154,141,13,30.09,52.64,32.6,257.0,7,July,7,Sunday,8.441558441558442,391.17,7422.24,8106.56,Low
2024-07-08 10:33:03.722481654,Delhi,Fruits,Apple,234,227,7,86.24,113.54,39.8,274.0,7,July,8,Monday,2.9914529914529915,603.68,25773.58,26568.36,Low
2024-07-08 22:14:19.773182120,Chennai,Bakery,Donut,313,230,83,37.26,50.15,25.0,147.0,7,July,8,Monday,26.517571884984026,3092.58,11534.5,15696.949999999999,Medium
2024-07-09 09:55:35.823882588,Chennai,Dairy,Butter,178,140,38,15.21,29.97,40.7,182.0,7,July,9,Tuesday,21.34831460674157,577.98,4195.8,5334.66,Medium
2024-07-09 21:36:51.874583054,Mumbai,Vegetables,Potato,242,164,78,16.8,26.14,25.0,248.0,7,July,9,Tuesday,32.231404958677686,1310.4,4286.96,6325.88,High
2024-07-10 09:18:07.925283522,Bangalore,Dairy,Milk,124,77,47,38.36,57.29,41.6,409.0,7,July,10,Wednesday,37.903225806451616,1802.92,4411.33,7103.96,High
2024-07-10 20:59:23.975983988,Delhi,Vegetables,Carrot,420,279,141,95.27,146.35,35.9,106.0,7,July,10,Wednesday,33.57142857142857,13433.07,40831.65,61467.0,High
2024-07-11 08:40:40.026684456,Bangalore,Bakery,Cake,381,322,59,10.71,18.65,29.8,103.0,7,July,11,Thursday,15.485564304461944,631.8900000000001,6005.299999999999,7105.65,Medium
2024-07-11 20:21:56.077384922,Mumbai,Bakery,Cake,325,192,133,41.88,82.27,41.2,439.0,7,July,11,Thursday,40.92307692307692,5570.04,15795.84,26737.75,High
2024-07-12 08:03:12.128085390,Bangalore,Dairy,Cheese,401,360,41,51.27,86.78,39.0,57.0,7,July,12,Friday,10.224438902743142,2102.07,31240.8,34798.78,Low
2024-07-12 19:44:28.178785856,Mumbai,Vegetables,Tomato,207,145,62,22.33,44.58,31.6,400.0,7,July,12,Friday,29.951690821256037,1384.4599999999998,6464.099999999999,9228.06,Medium
2024-07-13 07:25:44.229486324,Hyderabad,Vegetables,Spinach,371,271,100,95.63,190.91,35.7,139.0,7,July,13,Saturday,26.954177897574123,9563.0,51736.61,70827.61,Medium
2024-07-13 19:07:00.280186790,Mumbai,Bakery,Donut,456,338,118,92.74,131.99,24.7,203.0,7,July,13,Saturday,25.877192982456144,10943.32,44612.62,60187.44,Medium
2024-07-14 06:48:16.330887258,Mumbai,Vegetables,Spinach,384,269,115,41.95,75.04,28.7,385.0,7,July,14,Sunday,29.947916666666668,4824.25,20185.760000000002,28815.36,Medium
2024-07-14 18:29:32.381587724,Chennai,Dairy,Cheese,461,260,201,79.58,120.72,25.1,476.0,7,July,14,Sunday,43.600867678958785,15995.58,31387.2,55651.92,High
2024-07-15 06:10:48.432288192,Delhi,Bakery,Croissant,187,187,0,86.97,149.77,38.4,85.0,7,July,15,Monday,0.0,0.0,28006.99,28006.99,Low
2024-07-15 17:52:04.482988658,Delhi,Prepared Food,Burger,354,297,57,86.32,156.26,22.1,150.0,7,July,15,Monday,16.101694915254235,4920.24,46409.219999999994,55316.03999999999,Medium
2024-07-16 05:33:20.533689126,Chennai,Fruits,Apple,463,394,69,10.04,19.39,23.4,296.0,7,July,16,Tuesday,14.902807775377969,692.76,7639.66,8977.57,Low
2024-07-16 17:14:36.584389592,Mumbai,Fruits,Banana,228,156,72,56.14,91.91,34.0,453.0,7,July,16,Tuesday,31.57894736842105,4042.08,14337.96,20955.48,High
2024-07-17 04:55:52.635090060,Mumbai,Prepared Food,Sandwich,198,198,0,34.8,60.39,41.8,398.0,7,July,17,Wednesday,0.0,0.0,11957.22,11957.22,Low
2024-07-17 16:37:08.685790526,Mumbai,Vegetables,Tomato,181,166,15,86.25,166.6,39.3,453.0,7,July,17,Wednesday,8.287292817679557,1293.75,27655.6,30154.6,Low
2024-07-18 04:18:24.736490994,Bangalore,Vegetables,Carrot,414,267,147,13.5,17.89,23.9,403.0,7,July,18,Thursday,35.507246376811594,1984.5,4776.63,7406.46,High
2024-07-18 15:59:40.787191460,Chennai,Prepared Food,Rice Bowl,167,159,8,74.72,126.6,29.4,125.0,7,July,18,Thursday,4.790419161676647,597.76,20129.399999999998,21142.2,Low
2024-07-19 03:40:56.837891928,Mumbai,Dairy,Yogurt,208,173,35,48.71,94.14,38.6,182.0,7,July,19,Friday,16.826923076923077,1704.8500000000001,16286.22,19581.12,Medium
2024-07-19 15:22:12.888592394,Delhi,Prepared Food,Sandwich,378,312,66,90.0,151.3,24.5,441.0,7,July,19,Friday,17.46031746031746,5940.0,47205.600000000006,57191.4,Medium
2024-07-20 03:03:28.939292862,Mumbai,Bakery,Donut,211,161,50,28.64,38.66,21.5,320.0,7,July,20,Saturday,23.696682464454977,1432.0,6224.259999999999,8157.259999999999,Medium
2024-07-20 14:44:44.989993328,Hyderabad,Fruits,Apple,294,271,23,82.98,156.42,27.3,73.0,7,July,20,Saturday,7.8231292517006805,1908.5400000000002,42389.82,45987.479999999996,Low
2024-07-21 02:26:01.040693796,Mumbai,Dairy,Butter,389,389,0,58.52,87.65,29.4,118.0,7,July,21,Sunday,0.0,0.0,34095.850000000006,34095.850000000006,Low
2024-07-21 14:07:17.091394262,Hyderabad,Prepared Food,Sandwich,412,279,133,42.6,76.94,24.4,152.0,7,July,21,Sunday,32.28155339805826,5665.8,21466.26,31699.28,High
2024-07-22 01:48:33.142094730,Delhi,Prepared Food,Rice Bowl,102,77,25,75.64,149.52,24.9,469.0,7,July,22,Monday,24.509803921568626,1891.0,11513.04,15251.04,Medium
2024-07-22 13:29:49.192795196,Chennai,Bakery,Bread,442,300,142,37.26,56.92,35.7,460.0,7,July,22,Monday,32.126696832579185,5290.92,17076.0,25158.64,High
2024-07-23 01:11:05.243495664,Hyderabad,Fruits,Banana,481,386,95,99.96,158.34,24.9,71.0,7,July,23,Tuesday,19.75051975051975,9496.199999999999,61119.24,76161.54000000001,Medium
2024-07-23 12:52:21.294196130,Chennai,Prepared Food,Sandwich,340,202,138,17.06,28.68,35.6,492.0,7,July,23,Tuesday,40.588235294117645,2354.2799999999997,5793.36,9751.2,High
2024-07-24 00:33:37.344896598,Hyderabad,Dairy,Yogurt,238,225,13,13.82,20.53,33.2,485.0,7,July,24,Wednesday,5.46218487394958,179.66,4619.25,4886.14,Low
2024-07-24 12:14:53.395597064,Chennai,Bakery,Croissant,456,351,105,80.27,144.16,23.8,130.0,7,July,24,Wednesday,23.026315789473685,8428.35,50600.159999999996,65736.95999999999,Medium
2024-07-24 23:56:09.446297532,Bangalore,Bakery,Croissant,203,125,78,74.29,120.59,40.3,456.0,7,July,24,Wednesday,38.42364532019704,5794.620000000001,15073.75,24479.77,High
2024-07-25 11:37:25.496997998,Chennai,Dairy,Yogurt,225,179,46,34.67,64.66,24.3,190.0,7,July,25,Thursday,20.444444444444446,1594.8200000000002,11574.14,14548.5,Medium
2024-07-25 23:18:41.547698466,Chennai,Vegetables,Spinach,102,72,30,73.11,132.25,32.4,232.0,7,July,25,Thursday,29.411764705882355,2193.3,9522.0,13489.5,Medium
2024-07-26 10:59:57.598398932,Mumbai,Bakery,Bread,370,302,68,80.76,146.51,28.5,388.0,7,July,26,Friday,18.37837837837838,5491.68,44246.02,54208.7,Medium
2024-07-26 22:41:13.649099398,Mumbai,Fruits,Mango,177,154,23,65.43,123.68,22.1,265.0,7,July,26,Friday,12.994350282485875,1504.89,19046.72,21891.36,Low
2024-07-27 10:22:29.699799866,Mumbai,Fruits,Apple,489,388,101,58.09,97.5,29.5,332.0,7,July,27,Saturday,20.654396728016362,5867.09,37830.0,47677.5,Medium
2024-07-27 22:03:45.750500332,Mumbai,Prepared Food,Burger,246,210,36,30.41,58.25,37.8,144.0,7,July,27,Saturday,14.634146341463413,1094.76,12232.5,14329.5,Low
2024-07-28 09:45:01.801200800,Bangalore,Vegetables,Spinach,475,282,193,70.54,131.04,25.5,489.0,7,July,28,Sunday,40.63157894736842,13614.220000000001,36953.28,62243.99999999999,High
2024-07-28 21:26:17.851901268,Mumbai,Fruits,Banana,278,233,45,32.28,45.64,24.1,61.0,7,July,28,Sunday,16.18705035971223,1452.6000000000001,10634.12,12687.92,Medium
2024-07-29 09:07:33.902601732,Chennai,Prepared Food,Pizza,382,349,33,65.92,101.11,36.1,383.0,7,July,29,Monday,8.638743455497382,2175.36,35287.39,38624.02,Low
2024-07-29 20:48:49.953302200,Mumbai,Prepared Food,Sandwich,132,121,11,48.95,87.12,27.3,499.0,7,July,29,Monday,8.333333333333332,538.45,10541.52,11499.84,Low
2024-07-30 08:30:06.004002668,Chennai,Vegetables,Tomato,183,153,30,76.01,105.0,37.2,177.0,7,July,30,Tuesday,16.39344262295082,2280.3,16065.0,19215.0,Medium
2024-07-30 20:11:22.054703136,Delhi,Prepared Food,Burger,128,93,35,34.87,55.88,41.6,267.0,7,July,30,Tuesday,27.34375,1220.4499999999998,5196.84,7152.64,Medium
2024-07-31 07:52:38.105403600,Hyderabad,Prepared Food,Sandwich,421,236,185,59.3,117.73,32.2,131.0,7,July,31,Wednesday,43.942992874109265,10970.5,27784.280000000002,49564.33,High
2024-07-31 19:33:54.156104068,Hyderabad,Dairy,Butter,318,244,74,33.78,48.77,30.6,257.0,7,July,31,Wednesday,23.270440251572328,2499.7200000000003,11899.880000000001,15508.86,Medium
2024-08-01 07:15:10.206804536,Bangalore,Dairy,Butter,265,166,99,22.95,39.4,23.8,279.0,8,August,1,Thursday,37.35849056603773,2272.0499999999997,6540.4,10441.0,High
2024-08-01 18:56:26.257505004,Hyderabad,Vegetables,Carrot,247,242,5,51.22,69.89,32.2,358.0,8,August,1,Thursday,2.0242914979757085,256.1,16913.38,17262.83,Low
2024-08-02 06:37:42.308205468,Mumbai,Dairy,Cheese,233,206,27,60.73,98.11,34.8,375.0,8,August,2,Friday,11.587982832618025,1639.7099999999998,20210.66,22859.63,Low
2024-08-02 18:18:58.358905936,Delhi,Bakery,Croissant,158,87,71,87.95,172.62,22.3,315.0,8,August,2,Friday,44.936708860759495,6244.45,15017.94,27273.96,High
2024-08-03 06:00:14.409606404,Mumbai,Prepared Food,Pizza,249,186,63,89.47,129.0,32.9,147.0,8,August,3,Saturday,25.301204819277107,5636.61,23994.0,32121.0,Medium
2024-08-03 17:41:30.460306872,Delhi,Bakery,Bread,468,301,167,62.46,92.26,29.9,434.0,8,August,3,Saturday,35.68376068376068,10430.82,27770.260000000002,43177.68,High
2024-08-04 05:22:46.511007336,Hyderabad,Dairy,Butter,336,229,107,26.97,47.76,41.5,194.0,8,August,4,Sunday,31.845238095238095,2885.79,10937.039999999999,16047.359999999999,High
2024-08-04 17:04:02.561707804,Mumbai,Dairy,Cheese,153,133,20,18.34,33.45,40.1,461.0,8,August,4,Sunday,13.071895424836603,366.8,4448.85,5117.85,Low
2024-08-05 04:45:18.612408272,Mumbai,Vegetables,Tomato,172,120,52,10.81,18.51,33.5,426.0,8,August,5,Monday,30.23255813953488,562.12,2221.2000000000003,3183.7200000000003,High
2024-08-05 16:26:34.663108740,Bangalore,Bakery,Cake,311,209,102,27.93,53.46,36.3,96.0,8,August,5,Monday,32.79742765273312,2848.86,11173.14,16626.06,High
2024-08-06 04:07:50.713809204,Chennai,Bakery,Bread,398,393,5,92.01,142.47,29.3,367.0,8,August,6,Tuesday,1.256281407035176,460.05,55990.71,56703.06,Low
2024-08-06 15:49:06.764509672,Mumbai,Dairy,Milk,115,80,35,43.5,66.69,39.5,176.0,8,August,6,Tuesday,30.434782608695656,1522.5,5335.2,7669.349999999999,High
2024-08-07 03:30:22.815210140,Mumbai,Fruits,Mango,418,305,113,80.81,127.54,31.3,425.0,8,August,7,Wednesday,27.033492822966508,9131.53,38899.700000000004,53311.72,Medium
2024-08-07 15:11:38.865910608,Mumbai,Fruits,Banana,308,241,67,28.56,53.12,27.3,493.0,8,August,7,Wednesday,21.753246753246753,1913.52,12801.92,16360.96,Medium
2024-08-08 02:52:54.916611072,Chennai,Vegetables,Tomato,236,210,26,80.86,130.83,33.9,412.0,8,August,8,Thursday,11.016949152542372,2102.36,27474.300000000003,30875.880000000005,Low
2024-08-08 14:34:10.967311540,Bangalore,Fruits,Mango,267,181,86,58.15,81.47,37.2,67.0,8,August,8,Thursday,32.20973782771536,5000.9,14746.07,21752.489999999998,High
2024-08-09 02:15:27.018012008,Mumbai,Dairy,Yogurt,285,159,126,63.12,100.07,30.3,137.0,8,August,9,Friday,44.21052631578947,7953.12,15911.13,28519.949999999997,High
2024-08-09 13:56:43.068712476,Hyderabad,Vegetables,Spinach,410,227,183,46.87,82.43,25.7,87.0,8,August,9,Friday,44.63414634146341,8577.21,18711.61,33796.3,High
2024-08-10 01:37:59.119412940,Chennai,Prepared Food,Burger,232,200,32,94.83,172.85,35.9,352.0,8,August,10,Saturday,13.793103448275861,3034.56,34570.0,40101.2,Low
2024-08-10 13:19:15.170113408,Mumbai,Vegetables,Carrot,168,92,76,37.88,55.87,31.3,72.0,8,August,10,Saturday,45.23809523809524,2878.88,5140.04,9386.16,High
2024-08-11 01:00:31.220813876,Chennai,Bakery,Bread,418,350,68,84.57,156.67,26.8,81.0,8,August,11,Sunday,16.267942583732058,5750.759999999999,54834.49999999999,65488.06,Medium
2024-08-11 12:41:47.271514344,Bangalore,Prepared Food,Burger,276,256,20,34.43,50.35,27.0,366.0,8,August,11,Sunday,7.246376811594203,688.6,12889.6,13896.6,Low
2024-08-12 00:23:03.322214808,Mumbai,Bakery,Cake,208,148,60,41.4,68.94,37.5,136.0,8,August,12,Monday,28.846153846153843,2484.0,10203.119999999999,14339.52,Medium
2024-08-12 12:04:19.372915276,Mumbai,Bakery,Donut,412,352,60,64.95,91.73,34.8,190.0,8,August,12,Monday,14.563106796116504,3897.0,32288.960000000003,37792.76,Low
2024-08-12 23:45:35.423615744,Chennai,Vegetables,Carrot,346,293,53,87.67,146.61,37.4,143.0,8,August,12,Monday,15.31791907514451,4646.51,42956.73,50727.060000000005,Medium
2024-08-13 11:26:51.474316212,Hyderabad,Bakery,Cake,225,154,71,90.18,132.48,27.8,164.0,8,August,13,Tuesday,31.555555555555554,6402.780000000001,20401.92,29807.999999999996,High
2024-08-13 23:08:07.525016676,Hyderabad,Vegetables,Potato,333,210,123,37.99,53.83,25.4,176.0,8,August,13,Tuesday,36.93693693693694,4672.77,11304.3,17925.39,High
2024-08-14 10:49:23.575717144,Delhi,Fruits,Banana,251,209,42,98.76,157.06,36.6,68.0,8,August,14,Wednesday,16.733067729083665,4147.92,32825.54,39422.06,Medium
2024-08-14 22:30:39.626417612,Bangalore,Fruits,Banana,453,389,64,55.37,153.91,31.7,254.0,8,August,14,Wednesday,14.1280353200883,3543.68,59870.99,69721.23,Low
2024-08-15 10:11:55.677118080,Chennai,Bakery,Bread,394,343,51,98.24,162.94,22.5,331.0,8,August,15,Thursday,12.944162436548224,5010.24,55888.42,64198.36,Low
2024-08-15 21:53:11.727818544,Bangalore,Bakery,Croissant,404,324,80,47.73,62.65,37.4,74.0,8,August,15,Thursday,19.801980198019802,3818.3999999999996,20298.6,25310.6,Medium
2024-08-16 09:34:27.778519012,Mumbai,Fruits,Apple,306,196,110,66.56,118.61,25.6,74.0,8,August,16,Friday,35.947712418300654,7321.6,23247.56,36294.659999999996,High
2024-08-16 21:15:43.829219480,Hyderabad,Vegetables,Tomato,192,190,2,85.9,140.84,27.3,282.0,8,August,16,Friday,1.0416666666666665,171.8,26759.600000000002,27041.28,Low
2024-08-17 08:56:59.879919944,Mumbai,Prepared Food,Pizza,370,333,37,11.2,17.77,34.3,195.0,8,August,17,Saturday,10.0,414.4,5917.41,6574.9,Low
2024-08-17 20:38:15.930620412,Bangalore,Fruits,Mango,323,312,11,88.96,139.9,31.9,341.0,8,August,17,Saturday,3.4055727554179565,978.56,43648.8,45187.700000000004,Low
2024-08-18 08:19:31.981320880,Hyderabad,Vegetables,Spinach,148,125,23,50.54,83.86,41.8,69.0,8,August,18,Sunday,15.54054054054054,1162.42,10482.5,12411.28,Medium
2024-08-18 20:00:48.032021348,Bangalore,Prepared Food,Pizza,320,242,78,29.81,46.07,28.2,108.0,8,August,18,Sunday,24.375,2325.18,11148.94,14742.4,Medium
2024-08-19 07:42:04.082721812,Delhi,Vegetables,Carrot,471,333,138,69.11,124.13,20.2,284.0,8,August,19,Monday,29.29936305732484,9537.18,41335.29,58465.229999999996,Medium
2024-08-19 19:23:20.133422280,Hyderabad,Dairy,Cheese,492,361,131,66.88,91.41,22.3,97.0,8,August,19,Monday,26.6260162601626,8761.279999999999,32999.01,44973.72,Medium
2024-08-20 07:04:36.184122748,Hyderabad,Bakery,Donut,349,248,101,80.38,146.79,37.7,363.0,8,August,20,Tuesday,28.939828080229223,8118.379999999999,36403.92,51229.71,Medium
2024-08-20 18:45:52.234823216,Mumbai,Vegetables,Tomato,310,213,97,76.8,108.97,24.3,269.0,8,August,20,Tuesday,31.290322580645164,7449.599999999999,23210.61,33780.7,High
2024-08-21 06:27:08.285523680,Hyderabad,Prepared Food,Sandwich,499,488,11,64.49,103.39,37.0,294.0,8,August,21,Wednesday,2.2044088176352705,709.39,50454.32,51591.61,Low
2024-08-21 18:08:24.336224148,Bangalore,Dairy,Butter,368,212,156,34.38,49.56,26.9,89.0,8,August,21,Wednesday,42.391304347826086,5363.280000000001,10506.720000000001,18238.08,High
2024-08-22 05:49:40.386924616,Bangalore,Prepared Food,Pizza,193,181,12,75.19,137.0,32.3,267.0,8,August,22,Thursday,6.217616580310881,902.28,24797.0,26441.0,Low
2024-08-22 17:30:56.437625084,Delhi,Dairy,Cheese,470,347,123,50.57,99.67,29.5,111.0,8,August,22,Thursday,26.170212765957444,6220.11,34585.49,46844.9,Medium
2024-08-23 05:12:12.488325548,Mumbai,Bakery,Croissant,265,211,54,67.27,102.73,25.9,205.0,8,August,23,Friday,20.37735849056604,3632.58,21676.030000000002,27223.45,Medium
2024-08-23 16:53:28.539026016,Chennai,Prepared Food,Sandwich,455,384,71,33.82,59.64,37.9,437.0,8,August,23,Friday,15.604395604395604,2401.22,22901.760000000002,27136.2,Medium
2024-08-24 04:34:44.589726484,Chennai,Vegetables,Potato,439,401,38,48.91,64.65,25.7,119.0,8,August,24,Saturday,8.656036446469248,1858.58,25924.65,28381.350000000002,Low
2024-08-24 16:16:00.640426952,Mumbai,Prepared Food,Rice Bowl,178,101,77,66.7,126.78,37.2,266.0,8,August,24,Saturday,43.258426966292134,5135.900000000001,12804.78,22566.84,High
2024-08-25 03:57:16.691127416,Chennai,Fruits,Mango,203,187,16,84.29,159.43,25.5,231.0,8,August,25,Sunday,7.8817733990147785,1348.64,29813.41,32364.29,Low
2024-08-25 15:38:32.741827884,Mumbai,Prepared Food,Burger,375,345,30,39.4,71.85,37.7,414.0,8,August,25,Sunday,8.0,1182.0,24788.249999999996,26943.749999999996,Low
2024-08-26 03:19:48.792528352,Chennai,Fruits,Orange,368,314,54,96.5,185.69,38.7,487.0,8,August,26,Monday,14.673913043478262,5211.0,58306.659999999996,68333.92,Low
2024-08-26 15:01:04.843228820,Delhi,Fruits,Banana,403,255,148,11.42,14.98,40.2,482.0,8,August,26,Monday,36.72456575682382,1690.16,3819.9,6036.9400000000005,High
2024-08-27 02:42:20.893929284,Mumbai,Vegetables,Spinach,454,251,203,66.22,126.16,32.9,74.0,8,August,27,Tuesday,44.713656387665196,13442.66,31666.16,57276.64,High
2024-08-27 14:23:36.944629752,Chennai,Vegetables,Tomato,482,283,199,49.81,89.42,28.6,325.0,8,August,27,Tuesday,41.286307053941904,9912.19,25305.86,43100.44,High
2024-08-28 02:04:52.995330220,Mumbai,Fruits,Orange,209,168,41,65.67,114.47,30.3,198.0,8,August,28,Wednesday,19.617224880382775,2692.4700000000003,19230.96,23924.23,Medium
2024-08-28 13:46:09.046030688,Delhi,Vegetables,Potato,345,301,44,51.51,100.85,31.1,337.0,8,August,28,Wednesday,12.753623188405797,2266.44,30355.85,34793.25,Low
2024-08-29 01:27:25.096731152,Bangalore,Fruits,Apple,254,193,61,87.73,120.81,40.4,477.0,8,August,29,Thursday,24.015748031496063,5351.530000000001,23316.33,30685.74,Medium
2024-08-29 13:08:41.147431620,Hyderabad,Prepared Food,Pizza,158,139,19,34.78,49.02,34.0,309.0,8,August,29,Thursday,12.025316455696203,660.82,6813.780000000001,7745.160000000001,Low
2024-08-30 00:49:57.198132088,Delhi,Bakery,Croissant,313,264,49,95.39,128.05,35.1,466.0,8,August,30,Friday,15.654952076677317,4674.11,33805.200000000004,40079.65,Medium
2024-08-30 12:31:13.248832556,Delhi,Fruits,Orange,395,334,61,71.71,138.91,34.1,139.0,8,August,30,Friday,15.443037974683543,4374.3099999999995,46395.94,54869.45,Medium
2024-08-31 00:12:29.299533020,Bangalore,Prepared Food,Rice Bowl,392,391,1,34.93,67.94,32.8,413.0,8,August,31,Saturday,0.25510204081632654,34.93,26564.54,26632.48,Low
2024-08-31 11:53:45.350233488,Delhi,Fruits,Banana,107,86,21,48.1,65.38,31.0,165.0,8,August,31,Saturday,19.626168224299064,1010.1,5622.679999999999,6995.66,Medium
2024-08-31 23:35:01.400933956,Chennai,Fruits,Orange,338,272,66,89.61,124.35,24.4,342.0,8,August,31,Saturday,19.526627218934912,5914.26,33823.2,42030.299999999996,Medium
2024-09-01 11:16:17.451634424,Hyderabad,Dairy,Milk,363,293,70,79.83,110.93,27.6,270.0,9,September,1,Sunday,19.28374655647383,5588.099999999999,32502.49,40267.590000000004,Medium
2024-09-01 22:57:33.502334888,Hyderabad,Vegetables,Tomato,163,130,33,94.42,128.37,28.5,483.0,9,September,1,Sunday,20.245398773006134,3115.86,16688.100000000002,20924.31,Medium
2024-09-02 10:38:49.553035356,Bangalore,Vegetables,Potato,350,211,139,14.97,29.34,21.6,320.0,9,September,2,Monday,39.714285714285715,2080.83,6190.74,10269.0,High
2024-09-02 22:20:05.603735824,Mumbai,Prepared Food,Burger,392,340,52,24.94,34.42,20.2,456.0,9,September,2,Monday,13.26530612244898,1296.88,11702.800000000001,13492.640000000001,Low
2024-09-03 10:01:21.654436292,Chennai,Fruits,Banana,449,301,148,21.67,32.06,27.8,174.0,9,September,3,Tuesday,32.962138084632514,3207.1600000000003,9650.060000000001,14394.94,High
2024-09-03 21:42:37.705136756,Delhi,Prepared Food,Burger,200,135,65,82.81,116.17,27.5,432.0,9,September,3,Tuesday,32.5,5382.650000000001,15682.95,23234.0,High
2024-09-04 09:23:53.755837224,Mumbai,Dairy,Yogurt,401,315,86,24.04,39.3,37.2,177.0,9,September,4,Wednesday,21.44638403990025,2067.44,12379.5,15759.3,Medium
2024-09-04 21:05:09.806537692,Delhi,Fruits,Mango,442,387,55,49.76,98.97,28.7,488.0,9,September,4,Wednesday,12.44343891402715,2736.7999999999997,38301.39,43744.74,Low
2024-09-05 08:46:25.857238160,Bangalore,Dairy,Milk,364,221,143,75.25,128.08,34.7,473.0,9,September,5,Thursday,39.285714285714285,10760.75,28305.680000000004,46621.12,High
2024-09-05 20:27:41.907938624,Bangalore,Bakery,Croissant,370,265,105,21.37,36.2,36.8,89.0,9,September,5,Thursday,28.37837837837838,2243.85,9593.0,13394.000000000002,Medium
2024-09-06 08:08:57.958639092,Mumbai,Vegetables,Potato,181,175,6,76.75,126.24,30.6,260.0,9,September,6,Friday,3.314917127071823,460.5,22092.0,22849.44,Low
2024-09-06 19:50:14.009339560,Hyderabad,Vegetables,Carrot,326,226,100,46.61,71.3,30.0,394.0,9,September,6,Friday,30.67484662576687,4661.0,16113.8,23243.8,High
2024-09-07 07:31:30.060040024,Hyderabad,Prepared Food,Rice Bowl,328,313,15,61.1,104.21,30.8,144.0,9,September,7,Saturday,4.573170731707317,916.5,32617.73,34180.88,Low
2024-09-07 19:12:46.110740492,Hyderabad,Vegetables,Spinach,432,396,36,35.15,48.93,38.8,102.0,9,September,7,Saturday,8.333333333333332,1265.3999999999999,19376.28,21137.76,Low
2024-09-08 06:54:02.161440960,Mumbai,Fruits,Mango,336,333,3,64.35,109.63,32.3,367.0,9,September,8,Sunday,0.8928571428571428,193.04999999999998,36506.79,36835.68,Low
2024-09-08 18:35:18.212141428,Mumbai,Bakery,Cake,493,401,92,90.46,138.97,36.0,398.0,9,September,8,Sunday,18.66125760649087,8322.32,55726.97,68512.21,Medium
2024-09-09 06:16:34.262841892,Delhi,Prepared Food,Sandwich,444,370,74,29.85,43.36,39.2,432.0,9,September,9,Monday,16.666666666666664,2208.9,16043.199999999999,19251.84,Medium
2024-09-09 17:57:50.313542360,Chennai,Vegetables,Tomato,226,165,61,81.33,141.44,36.5,487.0,9,September,9,Monday,26.991150442477874,4961.13,23337.6,31965.44,Medium
2024-09-10 05:39:06.364242828,Hyderabad,Vegetables,Tomato,498,477,21,18.44,30.25,40.3,158.0,9,September,10,Tuesday,4.216867469879518,387.24,14429.25,15064.5,Low
2024-09-10 17:20:22.414943296,Mumbai,Fruits,Banana,368,368,0,10.58,19.48,35.5,424.0,9,September,10,Tuesday,0.0,0.0,7168.64,7168.64,Low
2024-09-11 05:01:38.465643760,Bangalore,Dairy,Cheese,385,313,72,94.17,147.19,35.6,387.0,9,September,11,Wednesday,18.7012987012987,6780.24,46070.47,56668.15,Medium
2024-09-11 16:42:54.516344228,Chennai,Prepared Food,Pizza,193,126,67,14.09,24.69,25.0,192.0,9,September,11,Wednesday,34.715025906735754,944.03,3110.94,4765.17,High
2024-09-12 04:24:10.567044696,Bangalore,Bakery,Donut,463,306,157,14.52,19.23,32.1,357.0,9,September,12,Thursday,33.909287257019436,2279.64,5884.38,8903.49,High
2024-09-12 16:05:26.617745164,Hyderabad,Bakery,Cake,143,86,57,40.24,65.43,37.0,490.0,9,September,12,Thursday,39.86013986013986,2293.6800000000003,5626.9800000000005,9356.490000000002,High
2024-09-13 03:46:42.668445628,Delhi,Fruits,Banana,420,337,83,82.13,129.31,36.5,220.0,9,September,13,Friday,19.761904761904763,6816.79,43577.47,54310.200000000004,Medium
2024-09-13 15:27:58.719146096,Bangalore,Bakery,Bread,320,260,60,85.16,165.99,28.0,151.0,9,September,13,Friday,18.75,5109.599999999999,43157.4,53116.8,Medium
2024-09-14 03:09:14.769846564,Mumbai,Prepared Food,Rice Bowl,409,400,9,31.1,47.94,20.7,164.0,9,September,14,Saturday,2.2004889975550124,279.90000000000003,19176.0,19607.46,Low
2024-09-14 14:50:30.820547032,Mumbai,Dairy,Yogurt,458,406,52,63.76,112.05,24.2,77.0,9,September,14,Saturday,11.353711790393014,3315.52,45492.299999999996,51318.9,Low
2024-09-15 02:31:46.871247496,Chennai,Dairy,Cheese,470,325,145,41.54,80.55,27.5,318.0,9,September,15,Sunday,30.851063829787233,6023.3,26178.75,37858.5,High
2024-09-15 14:13:02.921947964,Hyderabad,Vegetables,Potato,204,171,33,99.11,150.48,27.5,409.0,9,September,15,Sunday,16.176470588235293,3270.63,25732.079999999998,30697.92,Medium
2024-09-16 01:54:18.972648432,Hyderabad,Fruits,Mango,309,216,93,85.11,166.38,24.1,257.0,9,September,16,Monday,30.097087378640776,7915.23,35938.08,51411.42,High
2024-09-16 13:35:35.023348900,Delhi,Dairy,Butter,236,144,92,73.91,110.2,27.5,286.0,9,September,16,Monday,38.983050847457626,6799.719999999999,15868.800000000001,26007.2,High
2024-09-17 01:16:51.074049364,Bangalore,Bakery,Croissant,166,114,52,52.39,92.38,36.5,497.0,9,September,17,Tuesday,31.32530120481928,2724.28,10531.32,15335.08,High
2024-09-17 12:58:07.124749832,Mumbai,Dairy,Yogurt,251,142,109,20.33,39.83,37.3,212.0,9,September,17,Tuesday,43.42629482071713,2215.97,5655.86,9997.33,High
2024-09-18 00:39:23.175450300,Chennai,Vegetables,Tomato,143,103,40,74.54,141.57,27.8,189.0,9,September,18,Wednesday,27.972027972027973,2981.6000000000004,14581.71,20244.51,Medium
2024-09-18 12:20:39.226150768,Hyderabad,Vegetables,Carrot,345,277,68,75.67,148.17,33.3,389.0,9,September,18,Wednesday,19.710144927536234,5145.56,41043.09,51118.649999999994,Medium
2024-09-19 00:01:55.276851232,Chennai,Bakery,Donut,471,296,175,71.39,140.28,23.0,351.0,9,September,19,Thursday,37.15498938428875,12493.25,41522.88,66071.88,High
2024-09-19 11:43:11.327551700,Hyderabad,Bakery,Bread,477,394,83,41.96,55.88,24.8,140.0,9,September,19,Thursday,17.40041928721174,3482.6800000000003,22016.72,26654.760000000002,Medium
2024-09-19 23:24:27.378252168,Delhi,Dairy,Milk,326,282,44,69.13,133.34,28.8,394.0,9,September,19,Thursday,13.496932515337424,3041.72,37601.88,43468.840000000004,Low
2024-09-20 11:05:43.428952636,Mumbai,Vegetables,Tomato,160,151,9,19.4,33.05,30.2,105.0,9,September,20,Friday,5.625,174.6,4990.549999999999,5288.0,Low
2024-09-20 22:46:59.479653100,Chennai,Fruits,Apple,296,234,62,90.61,167.49,35.4,356.0,9,September,20,Friday,20.945945945945947,5617.82,39192.66,49577.04,Medium
2024-09-21 10:28:15.530353568,Delhi,Fruits,Mango,431,403,28,25.53,43.34,26.5,494.0,9,September,21,Saturday,6.496519721577726,714.84,17466.02,18679.54,Low
2024-09-21 22:09:31.581054036,Delhi,Prepared Food,Sandwich,477,355,122,33.37,66.03,29.5,211.0,9,September,21,Saturday,25.57651991614256,4071.14,23440.65,31496.31,Medium
2024-09-22 09:50:47.631754504,Delhi,Vegetables,Tomato,484,448,36,29.64,59.06,32.6,298.0,9,September,22,Sunday,7.43801652892562,1067.04,26458.88,28585.04,Low
2024-09-22 21:32:03.682454968,Bangalore,Dairy,Cheese,434,259,175,52.96,81.85,28.0,224.0,9,September,22,Sunday,40.32258064516129,9268.0,21199.149999999998,35522.899999999994,High
2024-09-23 09:13:19.733155436,Bangalore,Bakery,Bread,240,148,92,85.11,131.99,40.1,212.0,9,September,23,Monday,38.333333333333336,7830.12,19534.52,31677.600000000002,High
2024-09-23 20:54:35.783855904,Chennai,Prepared Food,Pizza,382,222,160,51.32,77.61,40.5,55.0,9,September,23,Monday,41.8848167539267,8211.2,17229.42,29647.02,High
2024-09-24 08:35:51.834556372,Bangalore,Prepared Food,Sandwich,404,372,32,57.84,76.51,30.5,69.0,9,September,24,Tuesday,7.920792079207921,1850.88,28461.72,30910.04,Low
2024-09-24 20:17:07.885256836,Bangalore,Fruits,Mango,245,137,108,60.6,109.1,21.5,433.0,9,September,24,Tuesday,44.08163265306123,6544.8,14946.699999999999,26729.5,High
2024-09-25 07:58:23.935957304,Mumbai,Vegetables,Carrot,162,123,39,16.91,26.18,32.1,465.0,9,September,25,Wednesday,24.074074074074073,659.49,3220.14,4241.16,Medium
2024-09-25 19:39:39.986657772,Delhi,Dairy,Butter,459,403,56,65.06,101.59,25.6,114.0,9,September,25,Wednesday,12.200435729847495,3643.36,40940.770000000004,46629.810000000005,Low
2024-09-26 07:20:56.037358240,Delhi,Fruits,Mango,240,201,39,70.82,124.69,21.5,288.0,9,September,26,Thursday,16.25,2761.9799999999996,25062.69,29925.6,Medium
2024-09-26 19:02:12.088058704,Mumbai,Vegetables,Spinach,307,299,8,47.73,67.67,39.3,336.0,9,September,26,Thursday,2.6058631921824107,381.84,20233.33,20774.690000000002,Low
2024-09-27 06:43:28.138759172,Mumbai,Fruits,Banana,258,213,45,38.17,71.97,21.1,413.0,9,September,27,Friday,17.441860465116278,1717.65,15329.61,18568.26,Medium
2024-09-27 18:24:44.189459640,Bangalore,Fruits,Orange,224,179,45,35.71,48.71,26.9,419.0,9,September,27,Friday,20.089285714285715,1606.95,8719.09,10911.04,Medium
2024-09-28 06:06:00.240160104,Chennai,Prepared Food,Rice Bowl,159,129,30,90.42,159.2,20.2,489.0,9,September,28,Saturday,18.867924528301888,2712.6,20536.8,25312.8,Medium
2024-09-28 17:47:16.290860572,Delhi,Dairy,Milk,103,84,19,92.36,136.31,38.6,473.0,9,September,28,Saturday,18.446601941747574,1754.84,11450.04,14039.93,Medium
2024-09-29 05:28:32.341561040,Hyderabad,Dairy,Butter,328,185,143,39.27,52.13,26.0,188.0,9,September,29,Sunday,43.59756097560975,5615.610000000001,9644.050000000001,17098.64,High
2024-09-29 17:09:48.392261508,Delhi,Fruits,Apple,436,279,157,28.98,55.06,38.0,340.0,9,September,29,Sunday,36.00917431192661,4549.86,15361.74,24006.16,High
2024-09-30 04:51:04.442961972,Mumbai,Bakery,Donut,350,194,156,99.79,143.08,30.1,67.0,9,September,30,Monday,44.57142857142857,15567.240000000002,27757.520000000004,50078.00000000001,High
2024-09-30 16:32:20.493662440,Hyderabad,Bakery,Croissant,428,257,171,15.91,30.56,29.2,421.0,9,September,30,Monday,39.953271028037385,2720.61,7853.92,13079.68,High
2024-10-01 04:13:36.544362908,Bangalore,Bakery,Donut,336,295,41,49.8,92.53,35.9,363.0,10,October,1,Tuesday,12.202380952380953,2041.8,27296.35,31090.08,Low
2024-10-01 15:54:52.595063376,Mumbai,Bakery,Bread,215,165,50,24.67,36.11,20.5,454.0,10,October,1,Tuesday,23.25581395348837,1233.5,5958.15,7763.65,Medium
2024-10-02 03:36:08.645763840,Hyderabad,Prepared Food,Pizza,481,327,154,34.99,46.37,40.4,380.0,10,October,2,Wednesday,32.016632016632016,5388.46,15162.99,22303.969999999998,High
2024-10-02 15:17:24.696464308,Bangalore,Bakery,Croissant,286,246,40,95.21,175.87,26.9,288.0,10,October,2,Wednesday,13.986013986013987,3808.3999999999996,43264.020000000004,50298.82,Low
2024-10-03 02:58:40.747164776,Delhi,Dairy,Butter,432,368,64,97.64,164.13,26.1,332.0,10,October,3,Thursday,14.814814814814813,6248.96,60399.84,70904.16,Low
2024-10-03 14:39:56.797865244,Chennai,Vegetables,Spinach,353,236,117,82.51,120.22,25.0,57.0,10,October,3,Thursday,33.14447592067989,9653.67,28371.92,42437.659999999996,High
2024-10-04 02:21:12.848565708,Delhi,Prepared Food,Sandwich,383,327,56,40.37,77.09,21.8,449.0,10,October,4,Friday,14.621409921671018,2260.72,25208.43,29525.47,Low
2024-10-04 14:02:28.899266176,Chennai,Dairy,Yogurt,279,276,3,78.32,141.7,30.7,480.0,10,October,4,Friday,1.0752688172043012,234.95999999999998,39109.2,39534.299999999996,Low
2024-10-05 01:43:44.949966644,Chennai,Vegetables,Carrot,205,132,73,82.49,151.13,23.4,270.0,10,October,5,Saturday,35.609756097560975,6021.7699999999995,19949.16,30981.649999999998,High
2024-10-05 13:25:01.000667112,Delhi,Bakery,Cake,485,415,70,21.3,30.24,38.2,79.0,10,October,5,Saturday,14.432989690721648,1491.0,12549.599999999999,14666.4,Low
2024-10-06 01:06:17.051367576,Bangalore,Prepared Food,Pizza,240,174,66,67.74,100.38,39.5,485.0,10,October,6,Sunday,27.500000000000004,4470.839999999999,17466.12,24091.199999999997,Medium
2024-10-06 12:47:33.102068044,Mumbai,Vegetables,Tomato,137,80,57,88.76,164.5,23.1,337.0,10,October,6,Sunday,41.605839416058394,5059.320000000001,13160.0,22536.5,High
2024-10-07 00:28:49.152768512,Bangalore,Vegetables,Potato,104,76,28,69.07,115.67,21.8,373.0,10,October,7,Monday,26.923076923076923,1933.9599999999998,8790.92,12029.68,Medium
2024-10-07 12:10:05.203468980,Bangalore,Prepared Food,Burger,176,137,39,50.01,82.68,22.6,208.0,10,October,7,Monday,22.15909090909091,1950.3899999999999,11327.160000000002,14551.68,Medium
2024-10-07 23:51:21.254169444,Chennai,Fruits,Apple,288,240,48,98.67,181.32,29.6,187.0,10,October,7,Monday,16.666666666666664,4736.16,43516.799999999996,52220.159999999996,Medium
2024-10-08 11:32:37.304869912,Delhi,Dairy,Cheese,372,299,73,86.55,124.72,40.6,156.0,10,October,8,Tuesday,19.623655913978492,6318.15,37291.28,46395.84,Medium
2024-10-08 23:13:53.355570380,Chennai,Bakery,Croissant,103,62,41,11.46,21.46,20.9,274.0,10,October,8,Tuesday,39.80582524271845,469.86,1330.52,2210.38,High
2024-10-09 10:55:09.406270848,Hyderabad,Fruits,Mango,146,132,14,78.88,116.52,39.0,157.0,10,October,9,Wednesday,9.58904109589041,1104.32,15380.64,17011.92,Low
2024-10-09 22:36:25.456971312,Mumbai,Fruits,Banana,395,266,129,70.65,133.73,27.1,332.0,10,October,9,Wednesday,32.65822784810127,9113.85,35572.18,52823.35,High
2024-10-10 10:17:41.507671780,Bangalore,Bakery,Cake,404,365,39,10.49,13.65,28.3,333.0,10,October,10,Thursday,9.653465346534654,409.11,4982.25,5514.6,Low
2024-10-10 21:58:57.558372248,Chennai,Bakery,Donut,365,241,124,31.0,53.87,36.4,91.0,10,October,10,Thursday,33.97260273972603,3844.0,12982.67,19662.55,High
2024-10-11 09:40:13.609072716,Chennai,Prepared Food,Sandwich,121,85,36,73.12,100.86,41.9,209.0,10,October,11,Friday,29.75206611570248,2632.32,8573.1,12204.06,Medium
2024-10-11 21:21:29.659773180,Bangalore,Dairy,Milk,111,100,11,21.37,28.2,33.7,275.0,10,October,11,Friday,9.90990990990991,235.07000000000002,2820.0,3130.2,Low
2024-10-12 09:02:45.710473648,Delhi,Vegetables,Carrot,165,154,11,70.56,127.5,30.8,435.0,10,October,12,Saturday,6.666666666666667,776.1600000000001,19635.0,21037.5,Low
2024-10-12 20:44:01.761174116,Bangalore,Bakery,Cake,384,225,159,90.13,153.57,32.4,329.0,10,October,12,Saturday,41.40625,14330.67,34553.25,58970.88,High
2024-10-13 08:25:17.811874584,Chennai,Prepared Food,Sandwich,245,221,24,40.69,79.02,28.9,85.0,10,October,13,Sunday,9.795918367346939,976.56,17463.42,19359.899999999998,Low
2024-10-13 20:06:33.862575048,Chennai,Prepared Food,Burger,455,433,22,81.3,144.18,35.0,67.0,10,October,13,Sunday,4.835164835164836,1788.6,62429.94,65601.90000000001,Low
2024-10-14 07:47:49.913275516,Chennai,Fruits,Orange,222,137,85,29.61,52.21,33.9,280.0,10,October,14,Monday,38.288288288288285,2516.85,7152.77,11590.62,High
2024-10-14 19:29:05.963975984,Hyderabad,Vegetables,Spinach,186,115,71,21.46,29.79,37.9,450.0,10,October,14,Monday,38.17204301075269,1523.66,3425.85,5540.94,High
2024-10-15 07:10:22.014676452,Delhi,Bakery,Cake,197,112,85,19.31,30.54,36.0,428.0,10,October,15,Tuesday,43.14720812182741,1641.35,3420.48,6016.38,High
2024-10-15 18:51:38.065376916,Chennai,Fruits,Apple,386,310,76,42.09,62.21,20.3,337.0,10,October,15,Tuesday,19.689119170984455,3198.84,19285.1,24013.06,Medium
2024-10-16 06:32:54.116077384,Delhi,Prepared Food,Pizza,390,346,44,56.3,76.54,32.1,327.0,10,October,16,Wednesday,11.282051282051283,2477.2,26482.840000000004,29850.600000000002,Low
2024-10-16 18:14:10.166777852,Chennai,Dairy,Milk,318,262,56,45.09,73.77,23.0,145.0,10,October,16,Wednesday,17.61006289308176,2525.04,19327.739999999998,23458.859999999997,Medium
2024-10-17 05:55:26.217478320,Mumbai,Fruits,Orange,153,99,54,99.6,170.11,37.9,107.0,10,October,17,Thursday,35.294117647058826,5378.4,16840.890000000003,26026.83,High
2024-10-17 17:36:42.268178784,Hyderabad,Prepared Food,Pizza,436,432,4,70.53,125.37,26.9,484.0,10,October,17,Thursday,0.9174311926605505,282.12,54159.840000000004,54661.32,Low
2024-10-18 05:17:58.318879252,Delhi,Bakery,Croissant,262,212,50,62.06,110.8,35.4,122.0,10,October,18,Friday,19.083969465648856,3103.0,23489.6,29029.6,Medium
2024-10-18 16:59:14.369579720,Mumbai,Vegetables,Carrot,201,200,1,65.73,94.04,20.6,135.0,10,October,18,Friday,0.4975124378109453,65.73,18808.0,18902.04,Low
2024-10-19 04:40:30.420280184,Chennai,Vegetables,Spinach,464,340,124,30.93,45.1,32.1,395.0,10,October,19,Saturday,26.72413793103448,3835.32,15334.0,20926.4,Medium
2024-10-19 16:21:46.470980652,Mumbai,Fruits,Banana,176,123,53,79.44,139.52,38.3,484.0,10,October,19,Saturday,30.113636363636363,4210.32,17160.960000000003,24555.52,High
2024-10-20 04:03:02.521681120,Mumbai,Vegetables,Carrot,253,180,73,83.81,111.39,31.0,497.0,10,October,20,Sunday,28.85375494071146,6118.13,20050.2,28181.670000000002,Medium
2024-10-20 15:44:18.572381588,Hyderabad,Vegetables,Potato,319,239,80,97.93,164.65,23.0,480.0,10,October,20,Sunday,25.07836990595611,7834.400000000001,39351.35,52523.35,Medium
2024-10-21 03:25:34.623082052,Chennai,Fruits,Orange,423,384,39,73.04,134.34,27.4,100.0,10,October,21,Monday,9.219858156028367,2848.5600000000004,51586.56,56825.82,Low
2024-10-21 15:06:50.673782520,Chennai,Prepared Food,Rice Bowl,187,181,6,15.12,27.77,35.4,490.0,10,October,21,Monday,3.2085561497326207,90.72,5026.37,5192.99,Low
2024-10-22 02:48:06.724482988,Delhi,Vegetables,Potato,174,143,31,70.85,107.34,28.1,264.0,10,October,22,Tuesday,17.81609195402299,2196.35,15349.62,18677.16,Medium
2024-10-22 14:29:22.775183456,Bangalore,Prepared Food,Pizza,127,111,16,97.24,152.13,21.4,402.0,10,October,22,Tuesday,12.598425196850393,1555.84,16886.43,19320.51,Low
2024-10-23 02:10:38.825883920,Mumbai,Vegetables,Potato,385,302,83,99.8,161.3,27.8,142.0,10,October,23,Wednesday,21.558441558441558,8283.4,48712.600000000006,62100.50000000001,Medium
2024-10-23 13:51:54.876584388,Hyderabad,Prepared Food,Pizza,457,356,101,65.26,113.0,30.1,471.0,10,October,23,Wednesday,22.100656455142232,6591.26,40228.0,51641.0,Medium
2024-10-24 01:33:10.927284856,Hyderabad,Bakery,Cake,309,242,67,52.97,91.18,32.8,279.0,10,October,24,Thursday,21.68284789644013,3548.99,22065.56,28174.620000000003,Medium
2024-10-24 13:14:26.977985324,Hyderabad,Fruits,Mango,100,98,2,45.26,63.99,36.2,476.0,10,October,24,Thursday,2.0,90.52,6271.02,6399.0,Low
2024-10-25 00:55:43.028685788,Hyderabad,Dairy,Butter,170,142,28,88.47,150.74,27.6,341.0,10,October,25,Friday,16.470588235294116,2477.16,21405.08,25625.800000000003,Medium
2024-10-25 12:36:59.079386256,Mumbai,Dairy,Butter,398,244,154,63.35,88.93,23.8,462.0,10,October,25,Friday,38.69346733668342,9755.9,21698.920000000002,35394.14,High
2024-10-26 00:18:15.130086724,Mumbai,Fruits,Orange,286,187,99,63.61,86.28,40.7,481.0,10,October,26,Saturday,34.61538461538461,6297.39,16134.36,24676.08,High
2024-10-26 11:59:31.180787192,Mumbai,Bakery,Donut,165,101,64,84.58,156.34,26.1,302.0,10,October,26,Saturday,38.78787878787879,5413.12,15790.34,25796.100000000002,High
2024-10-26 23:40:47.231487656,Bangalore,Bakery,Croissant,445,330,115,39.31,61.95,33.3,201.0,10,October,26,Saturday,25.842696629213485,4520.650000000001,20443.5,27567.75,Medium
2024-10-27 11:22:03.282188124,Bangalore,Fruits,Apple,194,135,59,70.5,115.4,37.8,167.0,10,October,27,Sunday,30.412371134020617,4159.5,15579.0,22387.600000000002,High
2024-10-27 23:03:19.332888592,Hyderabad,Fruits,Orange,345,337,8,11.16,16.28,32.5,166.0,10,October,27,Sunday,2.318840579710145,89.28,5486.360000000001,5616.6,Low
2024-10-28 10:44:35.383589060,Chennai,Dairy,Butter,271,202,69,21.44,30.71,30.1,471.0,10,October,28,Monday,25.461254612546124,1479.3600000000001,6203.42,8322.41,Medium
2024-10-28 22:25:51.434289524,Hyderabad,Prepared Food,Sandwich,463,440,23,27.72,44.6,24.4,245.0,10,October,28,Monday,4.967602591792657,637.56,19624.0,20649.8,Low
2024-10-29 10:07:07.484989992,Chennai,Bakery,Cake,121,67,54,84.33,146.9,37.3,270.0,10,October,29,Tuesday,44.62809917355372,4553.82,9842.300000000001,17774.9,High
2024-10-29 21:48:23.535690460,Mumbai,Prepared Food,Pizza,243,227,16,58.7,101.17,24.9,168.0,10,October,29,Tuesday,6.584362139917696,939.2,22965.59,24584.31,Low
2024-10-30 09:29:39.586390928,Bangalore,Bakery,Bread,249,167,82,84.24,155.96,26.2,492.0,10,October,30,Wednesday,32.93172690763052,6907.679999999999,26045.32,38834.04,High
2024-10-30 21:10:55.637091392,Bangalore,Dairy,Yogurt,370,359,11,11.11,15.55,36.3,78.0,10,October,30,Wednesday,2.9729729729729732,122.21,5582.45,5753.5,Low
2024-10-31 08:52:11.687791860,Delhi,Fruits,Banana,210,152,58,56.05,91.83,28.4,171.0,10,October,31,Thursday,27.61904761904762,3250.8999999999996,13958.16,19284.3,Medium
2024-10-31 20:33:27.738492328,Delhi,Vegetables,Carrot,278,236,42,12.32,20.79,31.4,244.0,10,October,31,Thursday,15.107913669064748,517.44,4906.44,5779.62,Medium
2024-11-01 08:14:43.789192796,Chennai,Bakery,Donut,426,248,178,80.0,150.05,39.9,162.0,11,November,1,Friday,41.78403755868544,14240.0,37212.4,63921.3,High
2024-11-01 19:55:59.839893260,Hyderabad,Prepared Food,Burger,365,309,56,50.89,82.24,40.6,394.0,11,November,1,Friday,15.342465753424658,2849.84,25412.16,30017.6,Medium
2024-11-02 07:37:15.890593728,Bangalore,Bakery,Donut,467,333,134,32.13,49.82,41.8,476.0,11,November,2,Saturday,28.693790149892934,4305.42,16590.06,23265.94,Medium
2024-11-02 19:18:31.941294196,Chennai,Bakery,Cake,142,105,37,16.91,22.03,34.7,270.0,11,November,2,Saturday,26.056338028169012,625.67,2313.15,3128.26,Medium
2024-11-03 06:59:47.991994664,Hyderabad,Fruits,Mango,331,249,82,25.94,35.51,41.0,441.0,11,November,3,Sunday,24.773413897280967,2127.08,8841.99,11753.81,Medium
2024-11-03 18:41:04.042695128,Chennai,Prepared Food,Rice Bowl,124,87,37,26.11,48.52,34.9,350.0,11,November,3,Sunday,29.838709677419356,966.0699999999999,4221.240000000001,6016.4800000000005,Medium
2024-11-04 06:22:20.093395596,Delhi,Dairy,Yogurt,213,171,42,80.42,160.42,25.3,287.0,11,November,4,Monday,19.718309859154928,3377.64,27431.819999999996,34169.46,Medium
2024-11-04 18:03:36.144096064,Hyderabad,Prepared Food,Burger,292,210,82,76.57,132.36,20.4,324.0,11,November,4,Monday,28.08219178082192,6278.74,27795.600000000002,38649.12,Medium
2024-11-05 05:44:52.194796532,Delhi,Dairy,Butter,447,432,15,62.05,116.83,37.7,302.0,11,November,5,Tuesday,3.3557046979865772,930.75,50470.56,52223.01,Low
2024-11-05 17:26:08.245496996,Bangalore,Bakery,Bread,198,147,51,59.37,93.92,31.4,359.0,11,November,5,Tuesday,25.757575757575758,3027.87,13806.24,18596.16,Medium
2024-11-06 05:07:24.296197464,Mumbai,Vegetables,Spinach,272,194,78,11.0,19.92,32.6,331.0,11,November,6,Wednesday,28.676470588235293,858.0,3864.4800000000005,5418.240000000001,Medium
2024-11-06 16:48:40.346897932,Hyderabad,Prepared Food,Rice Bowl,164,95,69,41.99,74.26,30.6,456.0,11,November,6,Wednesday,42.073170731707314,2897.31,7054.700000000001,12178.640000000001,High
2024-11-07 04:29:56.397598400,Bangalore,Prepared Food,Pizza,442,391,51,52.46,88.52,32.5,137.0,11,November,7,Thursday,11.538461538461538,2675.46,34611.32,39125.84,Low
2024-11-07 16:11:12.448298864,Mumbai,Fruits,Orange,269,153,116,80.22,135.95,25.7,186.0,11,November,7,Thursday,43.12267657992565,9305.52,20800.35,36570.549999999996,High
2024-11-08 03:52:28.498999332,Hyderabad,Prepared Food,Rice Bowl,386,232,154,76.15,131.52,30.7,392.0,11,November,8,Friday,39.89637305699482,11727.1,30512.640000000003,50766.72,High
2024-11-08 15:33:44.549699800,Chennai,Vegetables,Tomato,191,121,70,72.46,103.47,27.0,346.0,11,November,8,Friday,36.64921465968586,5072.2,12519.869999999999,19762.77,High
2024-11-09 03:15:00.600400264,Chennai,Fruits,Apple,137,80,57,12.16,20.79,40.7,422.0,11,November,9,Saturday,41.605839416058394,693.12,1663.1999999999998,2848.23,High
2024-11-09 14:56:16.651100732,Mumbai,Fruits,Apple,245,197,48,59.55,94.4,31.5,239.0,11,November,9,Saturday,19.591836734693878,2858.3999999999996,18596.800000000003,23128.0,Medium
2024-11-10 02:37:32.701801200,Hyderabad,Bakery,Donut,225,220,5,90.16,154.88,37.8,260.0,11,November,10,Sunday,2.2222222222222223,450.79999999999995,34073.6,34848.0,Low
2024-11-10 14:18:48.752501668,Mumbai,Bakery,Donut,428,363,65,39.47,55.86,24.0,409.0,11,November,10,Sunday,15.186915887850466,2565.5499999999997,20277.18,23908.079999999998,Medium
2024-11-11 02:00:04.803202132,Hyderabad,Dairy,Cheese,480,308,172,62.92,100.58,33.5,97.0,11,November,11,Monday,35.833333333333336,10822.24,30978.64,48278.4,High
2024-11-11 13:41:20.853902600,Bangalore,Fruits,Orange,109,88,21,74.34,126.77,20.3,430.0,11,November,11,Monday,19.26605504587156,1561.14,11155.76,13817.93,Medium
2024-11-12 01:22:36.904603068,Delhi,Bakery,Croissant,290,167,123,37.79,56.89,25.9,192.0,11,November,12,Tuesday,42.41379310344828,4648.17,9500.63,16498.1,High
2024-11-12 13:03:52.955303536,Delhi,Fruits,Apple,168,96,72,60.81,107.28,34.9,62.0,11,November,12,Tuesday,42.857142857142854,4378.32,10298.880000000001,18023.04,High
2024-11-13 00:45:09.006004000,Chennai,Vegetables,Potato,429,423,6,35.85,68.68,21.1,415.0,11,November,13,Wednesday,1.3986013986013985,215.10000000000002,29051.640000000003,29463.72,Low
2024-11-13 12:26:25.056704468,Chennai,Bakery,Cake,366,299,67,91.29,120.25,24.6,190.0,11,November,13,Wednesday,18.30601092896175,6116.43,35954.75,44011.5,Medium
2024-11-14 00:07:41.107404936,Bangalore,Vegetables,Tomato,172,145,27,56.1,99.65,40.5,152.0,11,November,14,Thursday,15.69767441860465,1514.7,14449.25,17139.8,Medium
2024-11-14 11:48:57.158105404,Chennai,Prepared Food,Pizza,305,255,50,23.67,36.21,21.2,179.0,11,November,14,Thursday,16.39344262295082,1183.5,9233.550000000001,11044.050000000001,Medium
2024-11-14 23:30:13.208805868,Bangalore,Bakery,Bread,458,356,102,75.35,117.31,23.2,124.0,11,November,14,Thursday,22.270742358078603,7685.7,41762.36,53727.98,Medium
2024-11-15 11:11:29.259506336,Chennai,Vegetables,Spinach,313,230,83,10.61,17.68,40.3,433.0,11,November,15,Friday,26.517571884984026,880.63,4066.4,5533.84,Medium
2024-11-15 22:52:45.310206804,Hyderabad,Bakery,Donut,134,127,7,22.88,40.28,34.1,79.0,11,November,15,Friday,5.223880597014925,160.16,5115.56,5397.52,Low
2024-11-16 10:34:01.360907272,Hyderabad,Fruits,Apple,243,243,0,34.07,63.67,21.8,129.0,11,November,16,Saturday,0.0,0.0,15471.810000000001,15471.810000000001,Low
2024-11-16 22:15:17.411607736,Bangalore,Vegetables,Carrot,372,210,162,87.15,159.94,23.2,457.0,11,November,16,Saturday,43.54838709677419,14118.300000000001,33587.4,59497.68,High
2024-11-17 09:56:33.462308204,Chennai,Dairy,Yogurt,225,147,78,14.84,26.25,25.1,432.0,11,November,17,Sunday,34.66666666666667,1157.52,3858.75,5906.25,High
2024-11-17 21:37:49.513008672,Bangalore,Fruits,Banana,383,340,43,25.94,33.82,29.8,225.0,11,November,17,Sunday,11.22715404699739,1115.42,11498.8,12953.06,Low
2024-11-18 09:19:05.563709140,Mumbai,Prepared Food,Sandwich,427,412,15,95.12,144.49,38.9,442.0,11,November,18,Monday,3.51288056206089,1426.8000000000002,59529.880000000005,61697.23,Low
2024-11-18 21:00:21.614409604,Chennai,Prepared Food,Rice Bowl,290,214,76,68.22,118.53,34.0,286.0,11,November,18,Monday,26.20689655172414,5184.72,25365.420000000002,34373.7,Medium
2024-11-19 08:41:37.665110072,Mumbai,Fruits,Apple,329,266,63,25.15,47.42,32.1,227.0,11,November,19,Tuesday,19.148936170212767,1584.4499999999998,12613.720000000001,15601.18,Medium
2024-11-19 20:22:53.715810540,Hyderabad,Vegetables,Tomato,286,283,3,52.95,98.23,41.6,52.0,11,November,19,Tuesday,1.048951048951049,158.85000000000002,27799.09,28093.780000000002,Low
2024-11-20 08:04:09.766511008,Mumbai,Vegetables,Carrot,215,131,84,70.39,125.85,28.0,322.0,11,November,20,Wednesday,39.06976744186046,5912.76,16486.35,27057.75,High
2024-11-20 19:45:25.817211472,Delhi,Vegetables,Spinach,250,218,32,46.7,89.69,21.0,119.0,11,November,20,Wednesday,12.8,1494.4,19552.42,22422.5,Low
2024-11-21 07:26:41.867911940,Bangalore,Fruits,Orange,391,222,169,72.57,126.33,39.0,403.0,11,November,21,Thursday,43.22250639386189,12264.329999999998,28045.26,49395.03,High
2024-11-21 19:07:57.918612408,Delhi,Prepared Food,Burger,340,199,141,97.82,152.44,27.9,426.0,11,November,21,Thursday,41.47058823529412,13792.619999999999,30335.56,51829.6,High
2024-11-22 06:49:13.969312876,Bangalore,Prepared Food,Sandwich,291,197,94,15.68,24.74,30.4,406.0,11,November,22,Friday,32.302405498281786,1473.92,4873.78,7199.339999999999,High
2024-11-22 18:30:30.020013340,Chennai,Bakery,Donut,439,325,114,46.96,87.92,39.7,355.0,11,November,22,Friday,25.968109339407746,5353.4400000000005,28574.0,38596.88,Medium
2024-11-23 06:11:46.070713808,Hyderabad,Dairy,Butter,372,283,89,33.1,60.46,31.3,399.0,11,November,23,Saturday,23.9247311827957,2945.9,17110.18,22491.12,Medium
2024-11-23 17:53:02.121414276,Hyderabad,Bakery,Croissant,424,301,123,92.86,143.14,21.2,250.0,11,November,23,Saturday,29.009433962264154,11421.78,43085.14,60691.35999999999,Medium
2024-11-24 05:34:18.172114744,Hyderabad,Prepared Food,Sandwich,421,239,182,59.84,99.28,26.2,211.0,11,November,24,Sunday,43.23040380047506,10890.880000000001,23727.920000000002,41796.88,High
2024-11-24 17:15:34.222815208,Mumbai,Prepared Food,Sandwich,465,351,114,75.16,146.57,29.5,265.0,11,November,24,Sunday,24.516129032258064,8568.24,51446.07,68155.05,Medium
2024-11-25 04:56:50.273515676,Chennai,Vegetables,Spinach,181,125,56,43.73,75.87,35.8,154.0,11,November,25,Monday,30.939226519337016,2448.8799999999997,9483.75,13732.470000000001,High
2024-11-25 16:38:06.324216144,Bangalore,Vegetables,Spinach,186,157,29,66.22,89.85,29.9,162.0,11,November,25,Monday,15.591397849462366,1920.3799999999999,14106.449999999999,16712.1,Medium
2024-11-26 04:19:22.374916612,Chennai,Prepared Food,Pizza,178,114,64,87.94,114.93,37.1,363.0,11,November,26,Tuesday,35.95505617977528,5628.16,13102.02,20457.54,High
2024-11-26 16:00:38.425617076,Bangalore,Vegetables,Carrot,205,118,87,77.91,114.84,31.8,354.0,11,November,26,Tuesday,42.4390243902439,6778.17,13551.12,23542.2,High
2024-11-27 03:41:54.476317544,Mumbai,Vegetables,Potato,384,359,25,58.12,110.49,27.2,347.0,11,November,27,Wednesday,6.510416666666667,1453.0,39665.909999999996,42428.159999999996,Low
2024-11-27 15:23:10.527018012,Mumbai,Fruits,Mango,297,290,7,91.37,123.17,41.8,231.0,11,November,27,Wednesday,2.356902356902357,639.59,35719.3,36581.49,Low
2024-11-28 03:04:26.577718480,Mumbai,Bakery,Bread,418,413,5,36.22,57.67,28.3,71.0,11,November,28,Thursday,1.1961722488038278,181.1,23817.71,24106.06,Low
2024-11-28 14:45:42.628418944,Chennai,Fruits,Mango,141,141,0,95.81,128.59,26.5,322.0,11,November,28,Thursday,0.0,0.0,18131.19,18131.19,Low
2024-11-29 02:26:58.679119412,Mumbai,Bakery,Croissant,155,103,52,39.37,51.75,36.7,434.0,11,November,29,Friday,33.5483870967742,2047.2399999999998,5330.25,8021.25,High
2024-11-29 14:08:14.729819880,Chennai,Vegetables,Tomato,297,227,70,95.99,141.38,38.9,270.0,11,November,29,Friday,23.56902356902357,6719.299999999999,32093.26,41989.86,Medium
2024-11-30 01:49:30.780520344,Bangalore,Prepared Food,Sandwich,435,303,132,85.28,140.86,20.3,236.0,11,November,30,Saturday,30.344827586206897,11256.960000000001,42680.58,61274.100000000006,High
2024-11-30 13:30:46.831220812,Delhi,Vegetables,Tomato,434,399,35,43.93,69.2,32.0,376.0,11,November,30,Saturday,8.064516129032258,1537.55,27610.800000000003,30032.800000000003,Low
2024-12-01 01:12:02.881921280,Bangalore,Fruits,Banana,224,203,21,55.3,102.72,36.3,389.0,12,December,1,Sunday,9.375,1161.3,20852.16,23009.28,Low
2024-12-01 12:53:18.932621748,Chennai,Bakery,Cake,157,155,2,81.38,118.36,24.1,72.0,12,December,1,Sunday,1.2738853503184715,162.76,18345.8,18582.52,Low
2024-12-02 00:34:34.983322212,Delhi,Dairy,Milk,126,94,32,76.12,136.23,38.8,268.0,12,December,2,Monday,25.396825396825395,2435.84,12805.619999999999,17164.98,Medium
2024-12-02 12:15:51.034022680,Chennai,Bakery,Bread,229,179,50,84.62,140.11,33.6,257.0,12,December,2,Monday,21.83406113537118,4231.0,25079.690000000002,32085.190000000002,Medium
2024-12-02 23:57:07.084723148,Mumbai,Prepared Food,Sandwich,178,163,15,27.28,38.25,40.6,200.0,12,December,2,Monday,8.426966292134832,409.20000000000005,6234.75,6808.5,Low
2024-12-03 11:38:23.135423616,Bangalore,Fruits,Banana,142,84,58,83.83,141.95,34.8,55.0,12,December,3,Tuesday,40.845070422535215,4862.14,11923.8,20156.899999999998,High
2024-12-03 23:19:39.186124080,Bangalore,Dairy,Yogurt,325,303,22,31.77,50.77,41.3,219.0,12,December,3,Tuesday,6.769230769230769,698.9399999999999,15383.310000000001,16500.25,Low
2024-12-04 11:00:55.236824548,Delhi,Fruits,Mango,155,125,30,57.35,105.04,35.7,369.0,12,December,4,Wednesday,19.35483870967742,1720.5,13130.0,16281.2,Medium
2024-12-04 22:42:11.287525016,Bangalore,Fruits,Banana,229,160,69,56.56,89.88,24.4,270.0,12,December,4,Wednesday,30.131004366812224,3902.6400000000003,14380.8,20582.52,High
2024-12-05 10:23:27.338225484,Mumbai,Dairy,Milk,173,119,54,64.88,95.28,28.5,478.0,12,December,5,Thursday,31.213872832369944,3503.5199999999995,11338.32,16483.44,High
2024-12-05 22:04:43.388925948,Chennai,Bakery,Bread,412,355,57,45.75,67.34,37.9,373.0,12,December,5,Thursday,13.834951456310678,2607.75,23905.7,27744.08,Low
2024-12-06 09:45:59.439626416,Chennai,Bakery,Bread,405,333,72,62.34,112.23,25.3,451.0,12,December,6,Friday,17.77777777777778,4488.4800000000005,37372.590000000004,45453.15,Medium
2024-12-06 21:27:15.490326884,Bangalore,Prepared Food,Burger,464,399,65,27.59,39.08,40.2,131.0,12,December,6,Friday,14.00862068965517,1793.35,15592.92,18133.12,Low
2024-12-07 09:08:31.541027352,Hyderabad,Bakery,Bread,256,234,22,10.35,17.09,32.8,96.0,12,December,7,Saturday,8.59375,227.7,3999.06,4375.04,Low
2024-12-07 20:49:47.591727816,Hyderabad,Fruits,Mango,304,245,59,54.93,79.74,39.2,395.0,12,December,7,Saturday,19.407894736842106,3240.87,19536.3,24240.96,Medium
2024-12-08 08:31:03.642428284,Hyderabad,Vegetables,Potato,253,164,89,33.56,58.29,38.2,180.0,12,December,8,Sunday,35.177865612648226,2986.84,9559.56,14747.369999999999,High
2024-12-08 20:12:19.693128752,Bangalore,Dairy,Milk,374,221,153,36.93,59.15,26.9,180.0,12,December,8,Sunday,40.909090909090914,5650.29,13072.15,22122.1,High
2024-12-09 07:53:35.743829220,Bangalore,Fruits,Apple,454,448,6,81.45,159.54,33.7,351.0,12,December,9,Monday,1.3215859030837005,488.70000000000005,71473.92,72431.16,Low
2024-12-09 19:34:51.794529684,Chennai,Vegetables,Spinach,409,285,124,50.14,65.88,21.4,193.0,12,December,9,Monday,30.317848410757946,6217.36,18775.8,26944.92,High
2024-12-10 07:16:07.845230152,Chennai,Dairy,Butter,447,378,69,67.13,96.03,36.5,348.0,12,December,10,Tuesday,15.436241610738255,4631.969999999999,36299.340000000004,42925.41,Medium
2024-12-10 18:57:23.895930620,Hyderabad,Dairy,Cheese,125,124,1,53.43,77.54,41.3,302.0,12,December,10,Tuesday,0.8,53.43,9614.960000000001,9692.5,Low
2024-12-11 06:38:39.946631088,Bangalore,Dairy,Yogurt,497,380,117,52.76,101.75,31.6,318.0,12,December,11,Wednesday,23.541247484909455,6172.92,38665.0,50569.75,Medium
2024-12-11 18:19:55.997331552,Bangalore,Dairy,Butter,248,163,85,48.59,65.0,20.5,136.0,12,December,11,Wednesday,34.274193548387096,4130.150000000001,10595.0,16120.0,High
2024-12-12 06:01:12.048032020,Hyderabad,Prepared Food,Pizza,353,241,112,59.56,83.81,36.0,436.0,12,December,12,Thursday,31.728045325779036,6670.72,20198.21,29584.93,High
2024-12-12 17:42:28.098732488,Bangalore,Vegetables,Spinach,199,186,13,61.62,94.84,34.3,183.0,12,December,12,Thursday,6.532663316582915,801.06,17640.24,18873.16,Low
2024-12-13 05:23:44.149432956,Delhi,Prepared Food,Burger,377,224,153,39.51,73.92,33.1,100.0,12,December,13,Friday,40.58355437665783,6045.03,16558.08,27867.84,High
2024-12-13 17:05:00.200133420,Delhi,Fruits,Banana,254,191,63,17.93,33.06,38.6,60.0,12,December,13,Friday,24.803149606299215,1129.59,6314.46,8397.24,Medium
2024-12-14 04:46:16.250833888,Chennai,Fruits,Banana,122,119,3,58.18,101.51,24.3,66.0,12,December,14,Saturday,2.459016393442623,174.54,12079.69,12384.220000000001,Low
2024-12-14 16:27:32.301534356,Chennai,Dairy,Milk,476,271,205,73.39,143.11,36.3,168.0,12,December,14,Saturday,43.0672268907563,15044.95,38782.810000000005,68120.36,High
2024-12-15 04:08:48.352234824,Delhi,Dairy,Butter,218,152,66,14.75,26.67,22.7,495.0,12,December,15,Sunday,30.275229357798167,973.5,4053.84,5814.06,High
2024-12-15 15:50:04.402935288,Delhi,Fruits,Apple,458,254,204,25.71,46.15,35.7,170.0,12,December,15,Sunday,44.54148471615721,5244.84,11722.1,21136.7,High
2024-12-16 03:31:20.453635756,Chennai,Vegetables,Potato,118,65,53,20.93,37.77,24.0,174.0,12,December,16,Monday,44.91525423728814,1109.29,2455.05,4456.860000000001,High
2024-12-16 15:12:36.504336224,Hyderabad,Fruits,Orange,482,404,78,54.08,90.32,27.4,358.0,12,December,16,Monday,16.182572614107883,4218.24,36489.28,43534.24,Medium
2024-12-17 02:53:52.555036692,Chennai,Vegetables,Potato,311,282,29,26.72,36.33,29.6,63.0,12,December,17,Tuesday,9.32475884244373,774.88,10245.06,11298.63,Low
2024-12-17 14:35:08.605737156,Chennai,Dairy,Milk,335,233,102,16.27,31.33,28.5,442.0,12,December,17,Tuesday,30.447761194029848,1659.54,7299.889999999999,10495.55,High
2024-12-18 02:16:24.656437624,Chennai,Bakery,Cake,143,121,22,86.7,115.19,21.1,100.0,12,December,18,Wednesday,15.384615384615385,1907.4,13937.99,16472.17,Medium
2024-12-18 13:57:40.707138092,Mumbai,Dairy,Cheese,365,319,46,97.52,162.14,33.5,431.0,12,December,18,Wednesday,12.602739726027398,4485.92,51722.659999999996,59181.1,Low
2024-12-19 01:38:56.757838560,Bangalore,Bakery,Croissant,319,231,88,51.11,96.7,22.5,123.0,12,December,19,Thursday,27.586206896551722,4497.68,22337.7,30847.3,Medium
2024-12-19 13:20:12.808539024,Bangalore,Bakery,Donut,131,113,18,61.91,85.65,20.8,229.0,12,December,19,Thursday,13.740458015267176,1114.3799999999999,9678.45,11220.150000000001,Low
2024-12-20 01:01:28.859239492,Hyderabad,Prepared Food,Pizza,312,172,140,33.62,53.63,20.9,340.0,12,December,20,Friday,44.871794871794876,4706.799999999999,9224.36,16732.56,High
2024-12-20 12:42:44.909939960,Chennai,Fruits,Banana,345,334,11,39.92,60.71,31.0,221.0,12,December,20,Friday,3.1884057971014492,439.12,20277.14,20944.95,Low
2024-12-21 00:24:00.960640424,Delhi,Prepared Food,Sandwich,276,161,115,88.17,149.47,31.4,62.0,12,December,21,Saturday,41.66666666666667,10139.550000000001,24064.67,41253.72,High
2024-12-21 12:05:17.011340892,Bangalore,Bakery,Donut,309,262,47,53.38,97.71,26.2,370.0,12,December,21,Saturday,15.210355987055015,2508.86,25600.019999999997,30192.39,Medium
2024-12-21 23:46:33.062041360,Bangalore,Vegetables,Spinach,408,359,49,25.47,42.87,23.6,231.0,12,December,21,Saturday,12.009803921568627,1248.03,15390.33,17490.96,Low
2024-12-22 11:27:49.112741828,Chennai,Prepared Food,Pizza,358,285,73,56.38,77.33,36.5,435.0,12,December,22,Sunday,20.391061452513966,4115.74,22039.05,27684.14,Medium
2024-12-22 23:09:05.163442292,Delhi,Fruits,Mango,181,175,6,87.46,156.24,20.2,440.0,12,December,22,Sunday,3.314917127071823,524.76,27342.0,28279.440000000002,Low
2024-12-23 10:50:21.214142760,Delhi,Dairy,Cheese,115,85,30,62.35,114.5,28.9,446.0,12,December,23,Monday,26.08695652173913,1870.5,9732.5,13167.5,Medium
2024-12-23 22:31:37.264843228,Bangalore,Prepared Food,Pizza,407,299,108,34.44,52.4,38.6,297.0,12,December,23,Monday,26.535626535626534,3719.5199999999995,15667.6,21326.8,Medium
2024-12-24 10:12:53.315543696,Mumbai,Vegetables,Spinach,354,336,18,26.56,48.59,30.4,60.0,12,December,24,Tuesday,5.084745762711865,478.08,16326.240000000002,17200.86,Low
2024-12-24 21:54:09.366244160,Chennai,Vegetables,Potato,250,229,21,50.52,74.61,29.7,473.0,12,December,24,Tuesday,8.4,1060.92,17085.69,18652.5,Low
2024-12-25 09:35:25.416944628,Mumbai,Prepared Food,Pizza,243,226,17,79.22,126.58,32.4,358.0,12,December,25,Wednesday,6.995884773662551,1346.74,28607.079999999998,30758.94,Low
2024-12-25 21:16:41.467645096,Delhi,Dairy,Milk,495,361,134,83.5,160.29,21.9,61.0,12,December,25,Wednesday,27.070707070707073,11189.0,57864.689999999995,79343.55,Medium
2024-12-26 08:57:57.518345564,Delhi,Prepared Food,Sandwich,281,181,100,84.66,117.98,40.6,382.0,12,December,26,Thursday,35.587188612099645,8466.0,21354.38,33152.380000000005,High
2024-12-26 20:39:13.569046028,Bangalore,Dairy,Milk,177,171,6,94.44,140.99,27.3,105.0,12,December,26,Thursday,3.389830508474576,566.64,24109.29,24955.230000000003,Low
2024-12-27 08:20:29.619746496,Chennai,Bakery,Donut,355,245,110,28.43,52.84,36.2,310.0,12,December,27,Friday,30.985915492957744,3127.3,12945.800000000001,18758.2,High
2024-12-27 20:01:45.670446964,Mumbai,Prepared Food,Pizza,109,70,39,95.91,186.35,21.0,341.0,12,December,27,Friday,35.77981651376147,3740.49,13044.5,20312.149999999998,High
2024-12-28 07:43:01.721147432,Delhi,Bakery,Croissant,197,143,54,66.6,116.43,38.7,476.0,12,December,28,Saturday,27.411167512690355,3596.3999999999996,16649.49,22936.710000000003,Medium
2024-12-28 19:24:17.771847896,Hyderabad,Fruits,Banana,325,282,43,63.38,104.1,22.9,483.0,12,December,28,Saturday,13.230769230769232,2725.34,29356.199999999997,33832.5,Low
2024-12-29 07:05:33.822548364,Delhi,Vegetables,Potato,215,186,29,36.03,56.15,34.6,322.0,12,December,29,Sunday,13.488372093023257,1044.8700000000001,10443.9,12072.25,Low
2024-12-29 18:46:49.873248832,Mumbai,Fruits,Orange,273,191,82,70.66,92.68,27.5,456.0,12,December,29,Sunday,30.036630036630036,5794.12,17701.88,25301.640000000003,High
2024-12-30 06:28:05.923949300,Mumbai,Vegetables,Tomato,423,361,62,94.06,130.91,37.5,288.0,12,December,30,Monday,14.657210401891252,5831.72,47258.51,55374.93,Low
2024-12-30 18:09:21.974649764,Bangalore,Fruits,Orange,315,296,19,42.37,70.98,35.8,76.0,12,December,30,Monday,6.031746031746032,805.03,21010.08,22358.7,Low
2024-12-31 05:50:38.025350232,Delhi,Vegetables,Spinach,294,273,21,17.49,33.3,30.6,354.0,12,December,31,Tuesday,7.142857142857142,367.28999999999996,9090.9,9790.199999999999,Low
2024-12-31 17:31:54.076050700,Chennai,Vegetables,Carrot,411,320,91,88.66,128.96,23.5,133.0,12,December,31,Tuesday,22.14111922141119,8068.0599999999995,41267.200000000004,53002.560000000005,Medium
2025-01-01 05:13:10.126751168,Chennai,Vegetables,Spinach,244,170,74,87.21,131.99,24.2,111.0,1,January,1,Wednesday,30.327868852459016,6453.54,22438.300000000003,32205.56,High
2025-01-01 16:54:26.177451632,Delhi,Vegetables,Spinach,407,241,166,52.45,76.54,23.7,117.0,1,January,1,Wednesday,40.78624078624078,8706.7,18446.140000000003,31151.780000000002,High
2025-01-02 04:35:42.228152100,Bangalore,Fruits,Banana,424,287,137,98.93,162.21,23.9,427.0,1,January,2,Thursday,32.31132075471698,13553.410000000002,46554.270000000004,68777.04000000001,High
2025-01-02 16:16:58.278852568,Mumbai,Dairy,Cheese,227,174,53,56.94,78.99,41.2,127.0,1,January,2,Thursday,23.348017621145374,3017.8199999999997,13744.259999999998,17930.73,Medium
2025-01-03 03:58:14.329553036,Chennai,Prepared Food,Sandwich,148,89,59,14.24,18.71,24.2,357.0,1,January,3,Friday,39.86486486486486,840.16,1665.19,2769.08,High
2025-01-03 15:39:30.380253500,Mumbai,Prepared Food,Burger,162,107,55,80.52,105.27,36.8,146.0,1,January,3,Friday,33.95061728395062,4428.599999999999,11263.89,17053.739999999998,High
2025-01-04 03:20:46.430953968,Hyderabad,Prepared Food,Pizza,391,336,55,32.58,53.98,40.0,120.0,1,January,4,Saturday,14.066496163682865,1791.8999999999999,18137.28,21106.18,Low
2025-01-04 15:02:02.481654436,Chennai,Dairy,Yogurt,191,184,7,96.59,159.98,30.0,231.0,1,January,4,Saturday,3.664921465968586,676.13,29436.32,30556.179999999997,Low
2025-01-05 02:43:18.532354904,Chennai,Bakery,Donut,219,140,79,62.18,93.13,26.1,433.0,1,January,5,Sunday,36.07305936073059,4912.22,13038.199999999999,20395.469999999998,High
2025-01-05 14:24:34.583055368,Chennai,Bakery,Bread,486,436,50,62.07,84.28,23.4,176.0,1,January,5,Sunday,10.2880658436214,3103.5,36746.08,40960.08,Low
2025-01-06 02:05:50.633755836,Chennai,Prepared Food,Sandwich,154,135,19,20.38,38.9,30.4,417.0,1,January,6,Monday,12.337662337662337,387.21999999999997,5251.5,5990.599999999999,Low
2025-01-06 13:47:06.684456304,Chennai,Fruits,Apple,186,174,12,10.56,19.72,40.9,440.0,1,January,6,Monday,6.451612903225806,126.72,3431.2799999999997,3667.9199999999996,Low
2025-01-07 01:28:22.735156772,Mumbai,Dairy,Cheese,375,278,97,11.28,16.7,29.9,149.0,1,January,7,Tuesday,25.866666666666667,1094.1599999999999,4642.599999999999,6262.5,Medium
2025-01-07 13:09:38.785857236,Chennai,Fruits,Apple,472,457,15,58.0,91.87,23.7,458.0,1,January,7,Tuesday,3.1779661016949152,870.0,41984.590000000004,43362.64,Low
2025-01-08 00:50:54.836557704,Delhi,Prepared Food,Sandwich,295,190,105,30.45,51.18,35.3,195.0,1,January,8,Wednesday,35.59322033898305,3197.25,9724.2,15098.1,High
2025-01-08 12:32:10.887258172,Mumbai,Dairy,Milk,367,217,150,86.67,162.25,20.3,178.0,1,January,8,Wednesday,40.87193460490463,13000.5,35208.25,59545.75,High
2025-01-09 00:13:26.937958640,Delhi,Vegetables,Tomato,287,183,104,40.79,76.15,25.2,482.0,1,January,9,Thursday,36.23693379790941,4242.16,13935.45,21855.050000000003,High
2025-01-09 11:54:42.988659104,Bangalore,Prepared Food,Rice Bowl,146,138,8,26.69,38.1,31.3,417.0,1,January,9,Thursday,5.47945205479452,213.52,5257.8,5562.6,Low
2025-01-09 23:35:59.039359572,Bangalore,Fruits,Mango,266,194,72,61.23,116.8,32.8,303.0,1,January,9,Thursday,27.06766917293233,4408.5599999999995,22659.2,31068.8,Medium
2025-01-10 11:17:15.090060040,Delhi,Dairy,Yogurt,137,133,4,45.5,86.77,25.4,304.0,1,January,10,Friday,2.9197080291970803,182.0,11540.41,11887.49,Low
2025-01-10 22:58:31.140760504,Bangalore,Fruits,Orange,488,409,79,41.32,79.62,41.3,458.0,1,January,10,Friday,16.188524590163937,3264.28,32564.58,38854.560000000005,Medium
2025-01-11 10:39:47.191460972,Bangalore,Vegetables,Spinach,334,332,2,34.01,47.06,25.1,360.0,1,January,11,Saturday,0.5988023952095809,68.02,15623.92,15718.04,Low
2025-01-11 22:21:03.242161440,Hyderabad,Vegetables,Carrot,100,61,39,38.41,63.14,27.1,227.0,1,January,11,Saturday,39.0,1497.9899999999998,3851.54,6314.0,High
2025-01-12 10:02:19.292861908,Delhi,Dairy,Cheese,495,374,121,47.0,75.73,32.7,171.0,1,January,12,Sunday,24.444444444444443,5687.0,28323.02,37486.35,Medium
2025-01-12 21:43:35.343562372,Hyderabad,Bakery,Donut,351,311,40,10.7,17.6,41.7,228.0,1,January,12,Sunday,11.396011396011396,428.0,5473.6,6177.6,Low
2025-01-13 09:24:51.394262840,Bangalore,Dairy,Butter,456,409,47,29.58,41.22,41.0,116.0,1,January,13,Monday,10.307017543859649,1390.26,16858.98,18796.32,Low
2025-01-13 21:06:07.444963308,Chennai,Prepared Food,Burger,275,167,108,65.82,110.67,22.8,280.0,1,January,13,Monday,39.27272727272727,7108.5599999999995,18481.89,30434.25,High
2025-01-14 08:47:23.495663776,Mumbai,Bakery,Donut,424,369,55,29.57,46.03,28.6,53.0,1,January,14,Tuesday,12.971698113207546,1626.35,16985.07,19516.72,Low
2025-01-14 20:28:39.546364240,Mumbai,Fruits,Orange,423,332,91,16.12,24.53,25.9,157.0,1,January,14,Tuesday,21.513002364066196,1466.92,8143.96,10376.19,Medium
2025-01-15 08:09:55.597064708,Chennai,Bakery,Donut,423,277,146,86.04,133.51,35.1,281.0,1,January,15,Wednesday,34.515366430260045,12561.84,36982.27,56474.729999999996,High
2025-01-15 19:51:11.647765176,Hyderabad,Bakery,Croissant,357,272,85,46.83,71.68,35.3,71.0,1,January,15,Wednesday,23.809523809523807,3980.5499999999997,19496.960000000003,25589.760000000002,Medium
2025-01-16 07:32:27.698465644,Mumbai,Fruits,Orange,326,318,8,75.43,134.65,41.7,346.0,1,January,16,Thursday,2.4539877300613497,603.44,42818.700000000004,43895.9,Low
2025-01-16 19:13:43.749166108,Chennai,Bakery,Bread,367,213,154,92.36,130.18,36.5,385.0,1,January,16,Thursday,41.96185286103542,14223.44,27728.34,47776.060000000005,High
2025-01-17 06:54:59.799866576,Mumbai,Prepared Food,Pizza,475,265,210,56.65,102.28,23.8,443.0,1,January,17,Friday,44.21052631578947,11896.5,27104.2,48583.0,High
2025-01-17 18:36:15.850567044,Bangalore,Dairy,Butter,166,162,4,12.44,20.08,26.5,119.0,1,January,17,Friday,2.4096385542168677,49.76,3252.9599999999996,3333.2799999999997,Low
2025-01-18 06:17:31.901267512,Delhi,Bakery,Croissant,325,317,8,22.0,42.89,39.1,430.0,1,January,18,Saturday,2.4615384615384617,176.0,13596.130000000001,13939.25,Low
2025-01-18 17:58:47.951967976,Bangalore,Fruits,Banana,313,255,58,20.26,35.47,38.4,214.0,1,January,18,Saturday,18.53035143769968,1175.0800000000002,9044.85,11102.109999999999,Medium
2025-01-19 05:40:04.002668444,Hyderabad,Bakery,Donut,377,320,57,57.58,76.24,34.1,422.0,1,January,19,Sunday,15.119363395225463,3282.06,24396.8,28742.48,Medium
2025-01-19 17:21:20.053368912,Mumbai,Prepared Food,Sandwich,419,367,52,33.86,54.26,42.0,136.0,1,January,19,Sunday,12.410501193317423,1760.72,19913.42,22734.94,Low
2025-01-20 05:02:36.104069380,Mumbai,Bakery,Donut,197,135,62,57.18,101.03,25.9,270.0,1,January,20,Monday,31.472081218274113,3545.16,13639.05,19902.91,High
2025-01-20 16:43:52.154769844,Chennai,Vegetables,Tomato,247,158,89,67.88,103.25,33.7,459.0,1,January,20,Monday,36.032388663967616,6041.32,16313.5,25502.75,High
2025-01-21 04:25:08.205470312,Chennai,Dairy,Yogurt,286,194,92,44.8,83.99,41.3,273.0,1,January,21,Tuesday,32.16783216783217,4121.599999999999,16294.06,24021.14,High
2025-01-21 16:06:24.256170780,Mumbai,Dairy,Butter,492,333,159,34.76,60.74,27.5,309.0,1,January,21,Tuesday,32.31707317073171,5526.839999999999,20226.420000000002,29884.08,High
2025-01-22 03:47:40.306871248,Chennai,Fruits,Mango,471,269,202,12.22,21.85,36.0,70.0,1,January,22,Wednesday,42.88747346072187,2468.44,5877.650000000001,10291.35,High
2025-01-22 15:28:56.357571712,Delhi,Dairy,Yogurt,210,196,14,89.14,147.97,31.9,461.0,1,January,22,Wednesday,6.666666666666667,1247.96,29002.12,31073.7,Low
2025-01-23 03:10:12.408272180,Mumbai,Bakery,Bread,183,166,17,29.14,39.86,21.4,497.0,1,January,23,Thursday,9.289617486338798,495.38,6616.76,7294.38,Low
2025-01-23 14:51:28.458972648,Hyderabad,Dairy,Milk,357,357,0,52.21,101.81,34.1,125.0,1,January,23,Thursday,0.0,0.0,36346.17,36346.17,Low
2025-01-24 02:32:44.509673116,Chennai,Vegetables,Potato,148,129,19,98.29,173.31,38.0,395.0,1,January,24,Friday,12.837837837837837,1867.5100000000002,22356.99,25649.88,Low
2025-01-24 14:14:00.560373580,Chennai,Vegetables,Potato,353,208,145,69.0,91.62,33.1,485.0,1,January,24,Friday,41.07648725212464,10005.0,19056.96,32341.86,High
2025-01-25 01:55:16.611074048,Mumbai,Prepared Food,Burger,248,201,47,70.37,131.94,25.4,407.0,1,January,25,Saturday,18.951612903225808,3307.3900000000003,26519.94,32721.12,Medium
2025-01-25 13:36:32.661774516,Hyderabad,Bakery,Croissant,216,188,28,27.32,37.46,40.0,496.0,1,January,25,Saturday,12.962962962962962,764.96,7042.4800000000005,8091.360000000001,Low
2025-01-26 01:17:48.712474984,Delhi,Prepared Food,Burger,363,256,107,64.52,112.41,31.6,314.0,1,January,26,Sunday,29.476584022038566,6903.639999999999,28776.96,40804.83,Medium
2025-01-26 12:59:04.763175448,Chennai,Dairy,Cheese,179,133,46,26.94,38.5,21.3,456.0,1,January,26,Sunday,25.69832402234637,1239.24,5120.5,6891.5,Medium
2025-01-27 00:40:20.813875916,Chennai,Bakery,Donut,435,340,95,14.41,24.51,38.0,274.0,1,January,27,Monday,21.839080459770116,1368.95,8333.4,10661.85,Medium
2025-01-27 12:21:36.864576384,Hyderabad,Bakery,Bread,190,180,10,12.39,22.48,33.8,269.0,1,January,27,Monday,5.263157894736842,123.9,4046.4,4271.2,Low
2025-01-28 00:02:52.915276852,Bangalore,Prepared Food,Rice Bowl,234,169,65,41.72,57.92,22.9,74.0,1,January,28,Tuesday,27.77777777777778,2711.7999999999997,9788.48,13553.28,Medium
2025-01-28 11:44:08.965977316,Mumbai,Bakery,Bread,228,211,17,66.55,95.09,22.3,116.0,1,January,28,Tuesday,7.456140350877193,1131.35,20063.99,21680.52,Low
2025-01-28 23:25:25.016677784,Chennai,Prepared Food,Sandwich,165,147,18,73.29,138.09,21.2,342.0,1,January,28,Tuesday,10.909090909090908,1319.22,20299.23,22784.850000000002,Low
2025-01-29 11:06:41.067378252,Delhi,Vegetables,Carrot,164,154,10,38.27,75.41,20.7,154.0,1,January,29,Wednesday,6.097560975609756,382.70000000000005,11613.14,12367.24,Low
2025-01-29 22:47:57.118078716,Mumbai,Fruits,Banana,315,217,98,92.34,133.73,23.2,84.0,1,January,29,Wednesday,31.11111111111111,9049.32,29019.409999999996,42124.95,High
2025-01-30 10:29:13.168779184,Mumbai,Vegetables,Spinach,342,331,11,61.65,95.28,38.3,267.0,1,January,30,Thursday,3.216374269005848,678.15,31537.68,32585.760000000002,Low
2025-01-30 22:10:29.219479652,Mumbai,Fruits,Mango,424,373,51,98.57,148.31,26.5,227.0,1,January,30,Thursday,12.028301886792454,5027.07,55319.63,62883.44,Low
2025-01-31 09:51:45.270180120,Mumbai,Fruits,Orange,303,172,131,89.09,128.08,40.8,51.0,1,January,31,Friday,43.23432343234324,11670.79,22029.760000000002,38808.240000000005,High
2025-01-31 21:33:01.320880584,Delhi,Bakery,Croissant,375,322,53,95.11,168.7,26.6,105.0,1,January,31,Friday,14.133333333333335,5040.83,54321.399999999994,63262.49999999999,Low
2025-02-01 09:14:17.371581052,Delhi,Fruits,Mango,316,252,64,48.06,89.24,23.1,71.0,2,February,1,Saturday,20.253164556962027,3075.84,22488.48,28199.84,Medium
2025-02-01 20:55:33.422281520,Delhi,Fruits,Apple,456,430,26,59.05,80.35,25.2,483.0,2,February,1,Saturday,5.701754385964912,1535.3,34550.5,36639.6,Low
2025-02-02 08:36:49.472981988,Bangalore,Bakery,Cake,120,101,19,71.44,124.31,25.9,359.0,2,February,2,Sunday,15.833333333333332,1357.36,12555.31,14917.2,Medium
2025-02-02 20:18:05.523682452,Hyderabad,Dairy,Milk,435,426,9,61.25,115.31,41.8,150.0,2,February,2,Sunday,2.0689655172413794,551.25,49122.06,50159.85,Low
2025-02-03 07:59:21.574382920,Mumbai,Dairy,Butter,452,346,106,30.36,42.27,39.5,51.0,2,February,3,Monday,23.451327433628318,3218.16,14625.420000000002,19106.04,Medium
2025-02-03 19:40:37.625083388,Mumbai,Fruits,Apple,222,222,0,83.54,134.82,30.8,319.0,2,February,3,Monday,0.0,0.0,29930.039999999997,29930.039999999997,Low
2025-02-04 07:21:53.675783856,Chennai,Vegetables,Carrot,436,344,92,50.43,98.76,41.0,411.0,2,February,4,Tuesday,21.100917431192663,4639.56,33973.44,43059.36,Medium
2025-02-04 19:03:09.726484320,Hyderabad,Bakery,Bread,199,126,73,34.12,66.14,33.9,458.0,2,February,4,Tuesday,36.68341708542713,2490.7599999999998,8333.64,13161.86,High
2025-02-05 06:44:25.777184788,Chennai,Dairy,Milk,359,278,81,51.2,69.98,39.8,124.0,2,February,5,Wednesday,22.56267409470752,4147.2,19454.440000000002,25122.82,Medium
2025-02-05 18:25:41.827885256,Bangalore,Fruits,Orange,161,151,10,14.16,24.15,40.1,69.0,2,February,5,Wednesday,6.211180124223603,141.6,3646.6499999999996,3888.1499999999996,Low
2025-02-06 06:06:57.878585724,Hyderabad,Dairy,Butter,412,344,68,69.66,137.64,40.1,349.0,2,February,6,Thursday,16.50485436893204,4736.88,47348.159999999996,56707.67999999999,Medium
2025-02-06 17:48:13.929286188,Chennai,Dairy,Butter,473,328,145,97.97,193.5,23.6,175.0,2,February,6,Thursday,30.655391120507396,14205.65,63468.0,91525.5,High
2025-02-07 05:29:29.979986656,Bangalore,Fruits,Banana,303,194,109,83.44,130.57,21.9,459.0,2,February,7,Friday,35.973597359735976,9094.96,25330.579999999998,39562.71,High
2025-02-07 17:10:46.030687124,Mumbai,Dairy,Cheese,167,115,52,73.81,142.77,23.0,442.0,2,February,7,Friday,31.137724550898206,3838.12,16418.550000000003,23842.59,High
2025-02-08 04:52:02.081387592,Hyderabad,Dairy,Milk,271,212,59,75.47,139.66,25.4,382.0,2,February,8,Saturday,21.771217712177123,4452.73,29607.92,37847.86,Medium
2025-02-08 16:33:18.132088056,Bangalore,Prepared Food,Sandwich,399,292,107,75.87,107.87,27.9,335.0,2,February,8,Saturday,26.81704260651629,8118.09,31498.04,43040.130000000005,Medium
2025-02-09 04:14:34.182788524,Mumbai,Fruits,Apple,125,124,1,83.45,133.72,37.5,235.0,2,February,9,Sunday,0.8,83.45,16581.28,16715.0,Low
2025-02-09 15:55:50.233488992,Delhi,Bakery,Cake,110,98,12,91.92,129.43,33.8,485.0,2,February,9,Sunday,10.909090909090908,1103.04,12684.140000000001,14237.300000000001,Low
2025-02-10 03:37:06.284189460,Chennai,Vegetables,Potato,286,270,16,41.07,58.36,33.7,147.0,2,February,10,Monday,5.594405594405594,657.12,15757.2,16690.96,Low
2025-02-10 15:18:22.334889924,Hyderabad,Bakery,Croissant,214,136,78,74.56,131.6,27.6,433.0,2,February,10,Monday,36.44859813084112,5815.68,17897.6,28162.399999999998,High
2025-02-11 02:59:38.385590392,Mumbai,Fruits,Orange,139,107,32,62.79,101.64,31.4,219.0,2,February,11,Tuesday,23.021582733812952,2009.28,10875.48,14127.960000000001,Medium
2025-02-11 14:40:54.436290860,Delhi,Prepared Food,Pizza,268,179,89,49.84,90.34,25.1,328.0,2,February,11,Tuesday,33.2089552238806,4435.76,16170.86,24211.120000000003,High
2025-02-12 02:22:10.486991328,Delhi,Dairy,Butter,171,98,73,49.62,66.91,32.7,182.0,2,February,12,Wednesday,42.69005847953216,3622.2599999999998,6557.179999999999,11441.609999999999,High
2025-02-12 14:03:26.537691792,Hyderabad,Prepared Food,Burger,206,135,71,14.76,26.43,21.2,331.0,2,February,12,Wednesday,34.46601941747573,1047.96,3568.05,5444.58,High
2025-02-13 01:44:42.588392260,Hyderabad,Prepared Food,Pizza,253,186,67,53.73,91.13,40.2,95.0,2,February,13,Thursday,26.48221343873518,3599.91,16950.18,23055.89,Medium
2025-02-13 13:25:58.639092728,Bangalore,Dairy,Cheese,315,244,71,65.69,89.15,24.8,235.0,2,February,13,Thursday,22.53968253968254,4663.99,21752.600000000002,28082.25,Medium
2025-02-14 01:07:14.689793196,Delhi,Dairy,Yogurt,198,121,77,58.86,81.85,28.3,483.0,2,February,14,Friday,38.88888888888889,4532.22,9903.849999999999,16206.3,High
2025-02-14 12:48:30.740493660,Chennai,Bakery,Bread,332,319,13,80.02,116.38,23.6,435.0,2,February,14,Friday,3.91566265060241,1040.26,37125.22,38638.159999999996,Low
2025-02-15 00:29:46.791194128,Bangalore,Bakery,Bread,150,139,11,47.7,79.28,21.9,169.0,2,February,15,Saturday,7.333333333333333,524.7,11019.92,11892.0,Low
2025-02-15 12:11:02.841894596,Hyderabad,Fruits,Banana,422,334,88,37.58,74.17,41.2,170.0,2,February,15,Saturday,20.85308056872038,3307.04,24772.78,31299.74,Medium
2025-02-15 23:52:18.892595064,Hyderabad,Vegetables,Tomato,190,166,24,47.14,64.6,31.2,342.0,2,February,15,Saturday,12.631578947368421,1131.3600000000001,10723.599999999999,12273.999999999998,Low
2025-02-16 11:33:34.943295528,Mumbai,Prepared Food,Burger,455,388,67,71.63,103.75,25.3,192.0,2,February,16,Sunday,14.725274725274726,4799.21,40255.0,47206.25,Low
2025-02-16 23:14:50.993995996,Bangalore,Vegetables,Carrot,398,291,107,19.33,34.63,26.6,201.0,2,February,16,Sunday,26.884422110552762,2068.31,10077.33,13782.740000000002,Medium
2025-02-17 10:56:07.044696464,Mumbai,Dairy,Cheese,331,207,124,98.22,172.38,36.3,353.0,2,February,17,Monday,37.46223564954683,12179.28,35682.659999999996,57057.78,High
2025-02-17 22:37:23.095396932,Mumbai,Bakery,Bread,445,389,56,43.19,79.42,37.8,454.0,2,February,17,Monday,12.584269662921349,2418.64,30894.38,35341.9,Low
2025-02-18 10:18:39.146097396,Mumbai,Fruits,Banana,297,206,91,53.55,103.26,40.0,217.0,2,February,18,Tuesday,30.63973063973064,4873.05,21271.56,30668.22,High
2025-02-18 21:59:55.196797864,Mumbai,Dairy,Butter,175,171,4,29.54,49.61,41.3,118.0,2,February,18,Tuesday,2.2857142857142856,118.16,8483.31,8681.75,Low
2025-02-19 09:41:11.247498332,Mumbai,Bakery,Bread,168,157,11,58.38,99.42,34.2,214.0,2,February,19,Wednesday,6.547619047619048,642.1800000000001,15608.94,16702.56,Low
2025-02-19 21:22:27.298198796,Delhi,Fruits,Mango,130,81,49,22.88,29.97,32.5,276.0,2,February,19,Wednesday,37.69230769230769,1121.12,2427.5699999999997,3896.1,High
2025-02-20 09:03:43.348899264,Chennai,Dairy,Yogurt,120,70,50,95.8,185.11,35.7,366.0,2,February,20,Thursday,41.66666666666667,4790.0,12957.7,22213.2,High
2025-02-20 20:44:59.399599732,Hyderabad,Vegetables,Potato,485,386,99,78.86,129.31,23.3,274.0,2,February,20,Thursday,20.412371134020617,7807.14,49913.66,62715.35,Medium
2025-02-21 08:26:15.450300200,Chennai,Bakery,Croissant,112,79,33,65.18,91.91,41.2,381.0,2,February,21,Friday,29.464285714285715,2150.94,7260.889999999999,10293.92,Medium
2025-02-21 20:07:31.501000664,Chennai,Prepared Food,Sandwich,284,279,5,98.11,162.01,30.0,295.0,2,February,21,Friday,1.7605633802816902,490.55,45200.79,46010.84,Low
2025-02-22 07:48:47.551701136,Bangalore,Bakery,Donut,311,186,125,18.05,28.75,38.8,88.0,2,February,22,Saturday,40.19292604501607,2256.25,5347.5,8941.25,High
2025-02-22 19:30:03.602401600,Delhi,Bakery,Cake,236,232,4,74.8,102.54,33.7,64.0,2,February,22,Saturday,1.694915254237288,299.2,23789.280000000002,24199.440000000002,Low
2025-02-23 07:11:19.653102064,Chennai,Vegetables,Tomato,313,245,68,88.63,123.09,39.1,139.0,2,February,23,Sunday,21.72523961661342,6026.84,30157.05,38527.17,Medium
2025-02-23 18:52:35.703802536,Mumbai,Prepared Food,Burger,128,92,36,86.79,148.14,21.7,326.0,2,February,23,Sunday,28.125,3124.44,13628.88,18961.92,Medium
2025-02-24 06:33:51.754503000,Hyderabad,Bakery,Croissant,285,248,37,45.48,86.13,30.8,126.0,2,February,24,Monday,12.982456140350877,1682.76,21360.239999999998,24547.05,Low
2025-02-24 18:15:07.805203464,Hyderabad,Dairy,Yogurt,330,198,132,62.91,122.94,36.0,68.0,2,February,24,Monday,40.0,8304.119999999999,24342.12,40570.2,High
2025-02-25 05:56:23.855903936,Mumbai,Fruits,Banana,219,153,66,40.06,55.07,25.3,390.0,2,February,25,Tuesday,30.136986301369863,2643.96,8425.710000000001,12060.33,High
2025-02-25 17:37:39.906604400,Bangalore,Fruits,Orange,352,319,33,28.94,51.59,39.3,65.0,2,February,25,Tuesday,9.375,955.0200000000001,16457.210000000003,18159.68,Low
2025-02-26 05:18:55.957304872,Hyderabad,Vegetables,Carrot,120,115,5,39.59,59.17,24.1,183.0,2,February,26,Wednesday,4.166666666666666,197.95000000000002,6804.55,7100.400000000001,Low
2025-02-26 17:00:12.008005336,Hyderabad,Fruits,Mango,165,98,67,73.84,97.09,29.2,152.0,2,February,26,Wednesday,40.60606060606061,4947.280000000001,9514.82,16019.85,High
2025-02-27 04:41:28.058705800,Hyderabad,Bakery,Croissant,200,179,21,92.54,158.1,30.2,170.0,2,February,27,Thursday,10.5,1943.3400000000001,28299.899999999998,31620.0,Low
2025-02-27 16:22:44.109406272,Bangalore,Dairy,Cheese,130,94,36,27.01,40.44,25.9,447.0,2,February,27,Thursday,27.692307692307693,972.36,3801.3599999999997,5257.2,Medium
2025-02-28 04:04:00.160106736,Bangalore,Vegetables,Spinach,123,111,12,62.49,113.38,27.1,165.0,2,February,28,Friday,9.75609756097561,749.88,12585.18,13945.74,Low
2025-02-28 15:45:16.210807200,Bangalore,Dairy,Cheese,136,99,37,54.42,88.02,20.8,231.0,2,February,28,Friday,27.205882352941174,2013.54,8713.98,11970.72,Medium
2025-03-01 03:26:32.261507672,Mumbai,Dairy,Cheese,152,145,7,85.34,162.63,31.0,136.0,3,March,1,Saturday,4.605263157894736,597.38,23581.35,24719.76,Low
2025-03-01 15:07:48.312208136,Mumbai,Fruits,Mango,200,146,54,78.07,130.98,21.7,179.0,3,March,1,Saturday,27.0,4215.78,19123.079999999998,26195.999999999996,Medium
2025-03-02 02:49:04.362908608,Delhi,Vegetables,Carrot,487,480,7,93.99,164.12,37.6,380.0,3,March,2,Sunday,1.4373716632443532,657.93,78777.6,79926.44,Low
2025-03-02 14:30:20.413609072,Bangalore,Vegetables,Spinach,222,129,93,88.83,164.18,23.7,99.0,3,March,2,Sunday,41.891891891891895,8261.19,21179.22,36447.96,High
2025-03-03 02:11:36.464309536,Hyderabad,Dairy,Yogurt,494,461,33,70.54,100.26,35.9,489.0,3,March,3,Monday,6.680161943319838,2327.82,46219.86,49528.44,Low
2025-03-03 13:52:52.515010008,Hyderabad,Vegetables,Carrot,120,75,45,75.1,104.78,38.4,237.0,3,March,3,Monday,37.5,3379.4999999999995,7858.5,12573.6,High
2025-03-04 01:34:08.565710472,Bangalore,Vegetables,Spinach,250,149,101,89.99,120.87,29.9,170.0,3,March,4,Tuesday,40.400000000000006,9088.99,18009.63,30217.5,High
2025-03-04 13:15:24.616410936,Chennai,Fruits,Orange,248,193,55,37.24,60.4,26.1,386.0,3,March,4,Tuesday,22.177419354838708,2048.2000000000003,11657.199999999999,14979.199999999999,Medium
2025-03-05 00:56:40.667111408,Bangalore,Fruits,Orange,105,78,27,10.9,20.9,32.6,371.0,3,March,5,Wednesday,25.71428571428571,294.3,1630.1999999999998,2194.5,Medium
2025-03-05 12:37:56.717811872,Chennai,Dairy,Yogurt,436,373,63,19.91,31.31,25.3,465.0,3,March,5,Wednesday,14.449541284403669,1254.33,11678.63,13651.16,Low
2025-03-06 00:19:12.768512344,Mumbai,Fruits,Mango,437,327,110,72.77,127.34,37.2,96.0,3,March,6,Thursday,25.171624713958813,8004.7,41640.18,55647.58,Medium
2025-03-06 12:00:28.819212808,Hyderabad,Fruits,Banana,373,248,125,18.43,36.28,33.4,248.0,3,March,6,Thursday,33.51206434316354,2303.75,8997.44,13532.44,High
2025-03-06 23:41:44.869913272,Mumbai,Prepared Food,Sandwich,333,298,35,95.31,141.15,27.4,269.0,3,March,6,Thursday,10.51051051051051,3335.85,42062.700000000004,47002.950000000004,Low
2025-03-07 11:23:00.920613744,Chennai,Dairy,Cheese,408,355,53,41.56,76.51,37.7,335.0,3,March,7,Friday,12.990196078431374,2202.6800000000003,27161.050000000003,31216.08,Low
2025-03-07 23:04:16.971314208,Chennai,Dairy,Milk,325,184,141,73.65,105.56,28.1,102.0,3,March,7,Friday,43.38461538461538,10384.650000000001,19423.04,34307.0,High
2025-03-08 10:45:33.022014672,Delhi,Dairy,Cheese,463,365,98,55.29,90.97,20.1,413.0,3,March,8,Saturday,21.166306695464364,5418.42,33204.05,42119.11,Medium
2025-03-08 22:26:49.072715144,Delhi,Dairy,Cheese,182,110,72,55.37,75.13,34.6,415.0,3,March,8,Saturday,39.56043956043956,3986.64,8264.3,13673.66,High
2025-03-09 10:08:05.123415608,Mumbai,Dairy,Cheese,157,94,63,78.12,134.73,23.7,283.0,3,March,9,Sunday,40.12738853503185,4921.56,12664.619999999999,21152.609999999997,High
2025-03-09 21:49:21.174116080,Delhi,Bakery,Donut,380,355,25,90.27,135.5,27.2,123.0,3,March,9,Sunday,6.578947368421052,2256.75,48102.5,51490.0,Low
2025-03-10 09:30:37.224816544,Mumbai,Vegetables,Carrot,354,221,133,69.71,131.43,24.7,443.0,3,March,10,Monday,37.570621468926554,9271.429999999998,29046.030000000002,46526.22,High
2025-03-10 21:11:53.275517008,Mumbai,Fruits,Banana,456,354,102,51.58,99.66,21.1,311.0,3,March,10,Monday,22.36842105263158,5261.16,35279.64,45444.96,Medium
2025-03-11 08:53:09.326217480,Delhi,Fruits,Orange,320,298,22,55.37,80.92,21.4,274.0,3,March,11,Tuesday,6.875000000000001,1218.1399999999999,24114.16,25894.4,Low
2025-03-11 20:34:25.376917944,Delhi,Dairy,Cheese,282,226,56,33.01,51.34,38.6,285.0,3,March,11,Tuesday,19.858156028368796,1848.56,11602.84,14477.880000000001,Medium
2025-03-12 08:15:41.427618408,Mumbai,Prepared Food,Pizza,356,227,129,50.0,69.96,22.3,313.0,3,March,12,Wednesday,36.235955056179776,6450.0,15880.919999999998,24905.76,High
2025-03-12 19:56:57.478318880,Bangalore,Bakery,Cake,236,215,21,45.05,88.58,27.0,133.0,3,March,12,Wednesday,8.898305084745763,946.05,19044.7,20904.88,Low
2025-03-13 07:38:13.529019344,Mumbai,Dairy,Milk,351,344,7,43.46,57.04,35.5,344.0,3,March,13,Thursday,1.9943019943019942,304.22,19621.76,20021.04,Low
2025-03-13 19:19:29.579719808,Hyderabad,Fruits,Orange,401,257,144,60.9,100.65,20.3,83.0,3,March,13,Thursday,35.910224438902745,8769.6,25867.050000000003,40360.65,High
2025-03-14 07:00:45.630420280,Hyderabad,Vegetables,Carrot,260,189,71,53.55,96.92,27.0,338.0,3,March,14,Friday,27.307692307692307,3802.0499999999997,18317.88,25199.2,Medium
2025-03-14 18:42:01.681120744,Chennai,Vegetables,Tomato,304,251,53,17.59,31.3,35.6,190.0,3,March,14,Friday,17.434210526315788,932.27,7856.3,9515.2,Medium
2025-03-15 06:23:17.731821216,Hyderabad,Bakery,Donut,338,230,108,49.81,88.07,26.9,444.0,3,March,15,Saturday,31.952662721893493,5379.4800000000005,20256.1,29767.659999999996,High
2025-03-15 18:04:33.782521680,Hyderabad,Vegetables,Potato,276,199,77,98.1,154.06,25.9,102.0,3,March,15,Saturday,27.898550724637683,7553.7,30657.94,42520.56,Medium
2025-03-16 05:45:49.833222144,Hyderabad,Dairy,Cheese,155,88,67,91.03,160.7,22.3,229.0,3,March,16,Sunday,43.225806451612904,6099.01,14141.599999999999,24908.5,High
2025-03-16 17:27:05.883922616,Delhi,Fruits,Orange,407,302,105,88.14,140.13,35.4,107.0,3,March,16,Sunday,25.7985257985258,9254.7,42319.26,57032.909999999996,Medium
2025-03-17 05:08:21.934623080,Mumbai,Prepared Food,Burger,202,122,80,10.91,15.32,37.1,111.0,3,March,17,Monday,39.603960396039604,872.8,1869.04,3094.64,High
2025-03-17 16:49:37.985323544,Hyderabad,Dairy,Butter,332,279,53,95.05,168.38,21.4,201.0,3,March,17,Monday,15.963855421686745,5037.65,46978.02,55902.159999999996,Medium
2025-03-18 04:30:54.036024016,Bangalore,Vegetables,Tomato,240,162,78,50.99,87.07,27.8,272.0,3,March,18,Tuesday,32.5,3977.2200000000003,14105.339999999998,20896.8,High
2025-03-18 16:12:10.086724480,Bangalore,Bakery,Donut,239,231,8,40.45,79.07,40.1,396.0,3,March,18,Tuesday,3.3472803347280333,323.6,18265.17,18897.73,Low
2025-03-19 03:53:26.137424952,Chennai,Bakery,Bread,208,144,64,95.3,127.47,22.3,190.0,3,March,19,Wednesday,30.76923076923077,6099.2,18355.68,26513.76,High
2025-03-19 15:34:42.188125416,Hyderabad,Vegetables,Carrot,470,356,114,90.29,163.7,31.2,111.0,3,March,19,Wednesday,24.25531914893617,10293.060000000001,58277.2,76939.0,Medium
2025-03-20 03:15:58.238825880,Chennai,Prepared Food,Pizza,218,204,14,17.93,28.5,36.5,386.0,3,March,20,Thursday,6.422018348623854,251.01999999999998,5814.0,6213.0,Low
2025-03-20 14:57:14.289526352,Mumbai,Dairy,Butter,339,321,18,49.65,94.33,35.1,172.0,3,March,20,Thursday,5.3097345132743365,893.6999999999999,30279.93,31977.87,Low
2025-03-21 02:38:30.340226816,Delhi,Prepared Food,Sandwich,115,79,36,69.43,115.66,20.5,87.0,3,March,21,Friday,31.30434782608696,2499.4800000000005,9137.14,13300.9,High
2025-03-21 14:19:46.390927280,Hyderabad,Prepared Food,Rice Bowl,199,198,1,28.74,41.49,24.2,128.0,3,March,21,Friday,0.5025125628140703,28.74,8215.02,8256.51,Low
2025-03-22 02:01:02.441627752,Bangalore,Bakery,Croissant,275,162,113,79.74,144.7,37.5,55.0,3,March,22,Saturday,41.090909090909086,9010.619999999999,23441.399999999998,39792.5,High
2025-03-22 13:42:18.492328216,Mumbai,Dairy,Butter,215,152,63,40.27,68.89,22.3,259.0,3,March,22,Saturday,29.30232558139535,2537.01,10471.28,14811.35,Medium
2025-03-23 01:23:34.543028688,Bangalore,Bakery,Donut,343,273,70,76.13,112.41,30.8,141.0,3,March,23,Sunday,20.408163265306122,5329.099999999999,30687.93,38556.63,Medium
2025-03-23 13:04:50.593729152,Chennai,Fruits,Mango,378,343,35,95.9,183.35,35.6,327.0,3,March,23,Sunday,9.25925925925926,3356.5,62889.049999999996,69306.3,Low
2025-03-24 00:46:06.644429616,Mumbai,Fruits,Mango,433,276,157,22.96,45.91,33.7,210.0,3,March,24,Monday,36.25866050808314,3604.7200000000003,12671.16,19879.03,High
2025-03-24 12:27:22.695130088,Delhi,Fruits,Banana,133,122,11,99.72,159.68,27.0,95.0,3,March,24,Monday,8.270676691729323,1096.92,19480.96,21237.440000000002,Low
2025-03-25 00:08:38.745830552,Mumbai,Bakery,Bread,311,283,28,33.87,60.3,40.9,443.0,3,March,25,Tuesday,9.003215434083602,948.3599999999999,17064.899999999998,18753.3,Low
2025-03-25 11:49:54.796531016,Bangalore,Fruits,Mango,144,137,7,33.53,65.81,36.0,209.0,3,March,25,Tuesday,4.861111111111112,234.71,9015.970000000001,9476.64,Low
2025-03-25 23:31:10.847231488,Mumbai,Dairy,Yogurt,289,191,98,77.84,135.08,31.9,253.0,3,March,25,Tuesday,33.910034602076124,7628.320000000001,25800.280000000002,39038.12,High
2025-03-26 11:12:26.897931952,Mumbai,Prepared Food,Burger,422,313,109,42.38,67.13,41.3,321.0,3,March,26,Wednesday,25.829383886255926,4619.42,21011.69,28328.859999999997,Medium
2025-03-26 22:53:42.948632424,Mumbai,Dairy,Butter,394,392,2,34.93,47.02,35.5,360.0,3,March,26,Wednesday,0.5076142131979695,69.86,18431.84,18525.88,Low
2025-03-27 10:34:58.999332888,Delhi,Bakery,Bread,376,242,134,90.22,143.26,23.2,283.0,3,March,27,Thursday,35.638297872340424,12089.48,34668.92,53865.759999999995,High
2025-03-27 22:16:15.050033352,Hyderabad,Bakery,Bread,477,285,192,10.9,14.82,37.8,277.0,3,March,27,Thursday,40.25157232704403,2092.8,4223.7,7069.14,High
2025-03-28 09:57:31.100733824,Chennai,Vegetables,Tomato,122,85,37,71.49,95.56,37.2,445.0,3,March,28,Friday,30.327868852459016,2645.1299999999997,8122.6,11658.32,High
2025-03-28 21:38:47.151434288,Mumbai,Dairy,Yogurt,258,233,25,30.96,58.57,36.0,64.0,3,March,28,Friday,9.689922480620156,774.0,13646.81,15111.06,Low
2025-03-29 09:20:03.202134752,Bangalore,Bakery,Croissant,458,446,12,29.06,53.9,24.1,126.0,3,March,29,Saturday,2.6200873362445414,348.71999999999997,24039.399999999998,24686.2,Low
2025-03-29 21:01:19.252835224,Chennai,Prepared Food,Rice Bowl,223,140,83,17.2,26.69,38.9,346.0,3,March,29,Saturday,37.219730941704036,1427.6,3736.6000000000004,5951.87,High
2025-03-30 08:42:35.303535688,Chennai,Fruits,Mango,125,74,51,93.28,177.94,31.0,412.0,3,March,30,Sunday,40.8,4757.28,13167.56,22242.5,High
2025-03-30 20:23:51.354236160,Delhi,Dairy,Yogurt,285,225,60,82.45,163.01,25.9,202.0,3,March,30,Sunday,21.052631578947366,4947.0,36677.25,46457.85,Medium
2025-03-31 08:05:07.404936624,Hyderabad,Bakery,Croissant,214,122,92,23.0,37.02,27.4,382.0,3,March,31,Monday,42.99065420560748,2116.0,4516.4400000000005,7922.280000000001,High
2025-03-31 19:46:23.455637088,Hyderabad,Prepared Food,Burger,151,149,2,78.49,141.21,28.1,488.0,3,March,31,Monday,1.3245033112582782,156.98,21040.29,21322.710000000003,Low
2025-04-01 07:27:39.506337560,Chennai,Prepared Food,Burger,408,368,40,39.12,55.89,32.7,438.0,4,April,1,Tuesday,9.803921568627452,1564.8,20567.52,22803.12,Low
2025-04-01 19:08:55.557038024,Delhi,Vegetables,Spinach,248,212,36,69.04,106.24,36.4,216.0,4,April,1,Tuesday,14.516129032258066,2485.44,22522.879999999997,26347.52,Low
2025-04-02 06:50:11.607738488,Delhi,Vegetables,Tomato,436,387,49,97.73,183.53,21.3,462.0,4,April,2,Wednesday,11.238532110091743,4788.77,71026.11,80019.08,Low
2025-04-02 18:31:27.658438960,Mumbai,Vegetables,Spinach,374,301,73,92.13,176.12,31.0,199.0,4,April,2,Wednesday,19.518716577540108,6725.49,53012.12,65868.88,Medium
2025-04-03 06:12:43.709139424,Chennai,Bakery,Croissant,388,345,43,27.2,50.41,30.0,201.0,4,April,3,Thursday,11.082474226804123,1169.6,17391.449999999997,19559.079999999998,Low
2025-04-03 17:53:59.759839888,Mumbai,Fruits,Orange,418,341,77,77.41,115.39,22.6,205.0,4,April,3,Thursday,18.421052631578945,5960.57,39347.99,48233.02,Medium
2025-04-04 05:35:15.810540360,Mumbai,Vegetables,Tomato,395,393,2,59.56,116.8,24.7,234.0,4,April,4,Friday,0.5063291139240507,119.12,45902.4,46136.0,Low
2025-04-04 17:16:31.861240824,Bangalore,Bakery,Cake,429,341,88,83.67,161.46,37.2,424.0,4,April,4,Friday,20.51282051282051,7362.96,55057.86,69266.34,Medium
2025-04-05 04:57:47.911941296,Hyderabad,Fruits,Banana,336,220,116,13.27,18.2,36.0,137.0,4,April,5,Saturday,34.523809523809526,1539.32,4004.0,6115.2,High
2025-04-05 16:39:03.962641760,Bangalore,Bakery,Bread,150,129,21,57.21,100.48,37.1,242.0,4,April,5,Saturday,14.000000000000002,1201.41,12961.92,15072.0,Low
2025-04-06 04:20:20.013342224,Delhi,Vegetables,Potato,303,176,127,41.11,74.83,29.6,341.0,4,April,6,Sunday,41.914191419141915,5220.97,13170.08,22673.489999999998,High
2025-04-06 16:01:36.064042696,Hyderabad,Vegetables,Carrot,240,149,91,95.31,128.53,30.0,336.0,4,April,6,Sunday,37.916666666666664,8673.210000000001,19150.97,30847.2,High
2025-04-07 03:42:52.114743160,Bangalore,Prepared Food,Rice Bowl,287,286,1,78.07,144.89,30.9,372.0,4,April,7,Monday,0.34843205574912894,78.07,41438.53999999999,41583.42999999999,Low
2025-04-07 15:24:08.165443624,Chennai,Fruits,Orange,215,209,6,90.66,161.37,38.9,120.0,4,April,7,Monday,2.7906976744186047,543.96,33726.33,34694.55,Low
2025-04-08 03:05:24.216144096,Delhi,Dairy,Cheese,204,199,5,48.6,83.1,31.5,376.0,4,April,8,Tuesday,2.450980392156863,243.0,16536.899999999998,16952.399999999998,Low
2025-04-08 14:46:40.266844560,Mumbai,Dairy,Milk,164,123,41,42.31,78.94,28.5,110.0,4,April,8,Tuesday,25.0,1734.71,9709.619999999999,12946.16,Medium
2025-04-09 02:27:56.317545032,Delhi,Prepared Food,Burger,482,404,78,77.0,108.29,22.9,402.0,4,April,9,Wednesday,16.182572614107883,6006.0,43749.16,52195.780000000006,Medium
2025-04-09 14:09:12.368245496,Mumbai,Vegetables,Tomato,123,97,26,55.37,105.96,31.5,487.0,4,April,9,Wednesday,21.138211382113823,1439.62,10278.119999999999,13033.08,Medium
2025-04-10 01:50:28.418945960,Hyderabad,Dairy,Cheese,174,145,29,11.59,19.26,31.7,103.0,4,April,10,Thursday,16.666666666666664,336.11,2792.7000000000003,3351.2400000000002,Medium
2025-04-10 13:31:44.469646432,Chennai,Dairy,Butter,486,404,82,81.11,117.81,34.9,399.0,4,April,10,Thursday,16.872427983539097,6651.0199999999995,47595.24,57255.66,Medium
2025-04-11 01:13:00.520346896,Bangalore,Dairy,Butter,470,386,84,42.0,78.38,26.5,207.0,4,April,11,Friday,17.872340425531917,3528.0,30254.679999999997,36838.6,Medium
2025-04-11 12:54:16.571047360,Hyderabad,Vegetables,Carrot,121,99,22,86.61,161.0,25.9,405.0,4,April,11,Friday,18.181818181818183,1905.42,15939.0,19481.0,Medium
2025-04-12 00:35:32.621747832,Chennai,Vegetables,Spinach,492,374,118,49.48,71.88,22.9,216.0,4,April,12,Saturday,23.983739837398375,5838.639999999999,26883.12,35364.96,Medium
2025-04-12 12:16:48.672448296,Mumbai,Bakery,Cake,147,86,61,52.17,89.41,39.5,260.0,4,April,12,Saturday,41.49659863945578,3182.37,7689.259999999999,13143.269999999999,High
2025-04-12 23:58:04.723148768,Hyderabad,Prepared Food,Rice Bowl,291,221,70,11.56,19.48,38.9,288.0,4,April,12,Saturday,24.054982817869416,809.2,4305.08,5668.68,Medium
2025-04-13 11:39:20.773849232,Bangalore,Vegetables,Spinach,462,455,7,41.01,57.93,32.4,138.0,4,April,13,Sunday,1.5151515151515151,287.07,26358.15,26763.66,Low
2025-04-13 23:20:36.824549696,Chennai,Prepared Food,Sandwich,443,436,7,22.86,41.95,37.4,84.0,4,April,13,Sunday,1.580135440180587,160.01999999999998,18290.2,18583.850000000002,Low
2025-04-14 11:01:52.875250168,Chennai,Bakery,Croissant,493,335,158,89.4,143.37,36.4,490.0,4,April,14,Monday,32.048681541582155,14125.2,48028.950000000004,70681.41,High
2025-04-14 22:43:08.925950632,Bangalore,Prepared Food,Rice Bowl,419,270,149,62.86,89.38,41.2,154.0,4,April,14,Monday,35.56085918854415,9366.14,24132.6,37450.22,High
2025-04-15 10:24:24.976651096,Hyderabad,Dairy,Yogurt,159,135,24,63.84,109.89,21.4,218.0,4,April,15,Tuesday,15.09433962264151,1532.16,14835.15,17472.51,Medium
2025-04-15 22:05:41.027351568,Delhi,Prepared Food,Sandwich,344,267,77,33.79,50.72,31.2,245.0,4,April,15,Tuesday,22.38372093023256,2601.83,13542.24,17447.68,Medium
2025-04-16 09:46:57.078052032,Mumbai,Vegetables,Spinach,203,152,51,11.35,17.24,32.9,216.0,4,April,16,Wednesday,25.12315270935961,578.85,2620.4799999999996,3499.72,Medium
2025-04-16 21:28:13.128752504,Chennai,Dairy,Milk,164,104,60,38.43,69.58,39.2,154.0,4,April,16,Wednesday,36.58536585365854,2305.8,7236.32,11411.119999999999,High
2025-04-17 09:09:29.179452968,Hyderabad,Dairy,Butter,453,309,144,39.97,55.46,22.3,182.0,4,April,17,Thursday,31.788079470198678,5755.68,17137.14,25123.38,High
2025-04-17 20:50:45.230153432,Chennai,Bakery,Donut,206,129,77,57.41,76.93,22.4,347.0,4,April,17,Thursday,37.37864077669903,4420.57,9923.970000000001,15847.580000000002,High
2025-04-18 08:32:01.280853904,Mumbai,Fruits,Apple,419,260,159,83.63,164.8,38.1,254.0,4,April,18,Friday,37.94749403341289,13297.17,42848.0,69051.20000000001,High
2025-04-18 20:13:17.331554368,Chennai,Fruits,Banana,297,192,105,55.37,26.34,37.8,179.0,4,April,18,Friday,35.35353535353536,5813.849999999999,5057.28,7822.98,High
2025-04-19 07:54:33.382254832,Delhi,Prepared Food,Rice Bowl,455,303,152,94.22,161.9,37.8,339.0,4,April,19,Saturday,33.4065934065934,14321.44,49055.700000000004,73664.5,High
2025-04-19 19:35:49.432955304,Bangalore,Fruits,Banana,229,218,11,27.75,40.22,34.9,294.0,4,April,19,Saturday,4.8034934497816595,305.25,8767.96,9210.38,Low
2025-04-20 07:17:05.483655768,Chennai,Dairy,Milk,107,67,40,91.37,128.79,28.1,428.0,4,April,20,Sunday,37.38317757009346,3654.8,8628.93,13780.529999999999,High
2025-04-20 18:58:21.534356240,Mumbai,Fruits,Apple,375,353,22,92.33,130.82,22.7,203.0,4,April,20,Sunday,5.866666666666666,2031.26,46179.46,49057.5,Low
2025-04-21 06:39:37.585056704,Mumbai,Bakery,Cake,258,182,76,37.89,62.72,28.8,245.0,4,April,21,Monday,29.457364341085274,2879.64,11415.039999999999,16181.76,Medium
2025-04-21 18:20:53.635757168,Hyderabad,Dairy,Yogurt,374,274,100,39.43,68.59,26.1,153.0,4,April,21,Monday,26.737967914438503,3943.0,18793.66,25652.66,Medium
2025-04-22 06:02:09.686457640,Bangalore,Fruits,Mango,155,106,49,88.55,165.61,25.1,72.0,4,April,22,Tuesday,31.61290322580645,4338.95,17554.66,25669.550000000003,High
2025-04-22 17:43:25.737158104,Bangalore,Prepared Food,Rice Bowl,293,233,60,96.22,158.97,21.8,134.0,4,April,22,Tuesday,20.477815699658702,5773.2,37040.01,46578.21,Medium
2025-04-23 05:24:41.787858568,Mumbai,Dairy,Butter,396,328,68,27.36,39.23,36.9,205.0,4,April,23,Wednesday,17.17171717171717,1860.48,12867.439999999999,15535.079999999998,Medium
2025-04-23 17:05:57.838559040,Hyderabad,Prepared Food,Rice Bowl,429,417,12,58.21,110.49,20.1,319.0,4,April,23,Wednesday,2.797202797202797,698.52,46074.329999999994,47400.21,Low
2025-04-24 04:47:13.889259504,Hyderabad,Vegetables,Tomato,262,209,53,69.34,114.93,30.5,69.0,4,April,24,Thursday,20.229007633587788,3675.02,24020.370000000003,30111.660000000003,Medium
2025-04-24 16:28:29.939959968,Bangalore,Dairy,Milk,203,152,51,82.14,137.22,30.6,302.0,4,April,24,Thursday,25.12315270935961,4189.14,20857.44,27855.66,Medium
2025-04-25 04:09:45.990660440,Delhi,Fruits,Mango,235,223,12,78.66,144.4,27.8,277.0,4,April,25,Friday,5.106382978723404,943.92,32201.2,33934.0,Low
2025-04-25 15:51:02.041360904,Mumbai,Bakery,Cake,108,88,20,47.45,94.16,24.4,340.0,4,April,25,Friday,18.51851851851852,949.0,8286.08,10169.279999999999,Medium
2025-04-26 03:32:18.092061376,Mumbai,Prepared Food,Pizza,235,132,103,91.98,159.19,29.1,477.0,4,April,26,Saturday,43.829787234042556,9473.94,21013.079999999998,37409.65,High
2025-04-26 15:13:34.142761840,Delhi,Fruits,Apple,439,308,131,59.45,104.59,28.4,378.0,4,April,26,Saturday,29.84054669703872,7787.950000000001,32213.72,45915.01,Medium
2025-04-27 02:54:50.193462304,Bangalore,Prepared Food,Burger,201,186,15,56.04,79.09,21.2,418.0,4,April,27,Sunday,7.462686567164178,840.6,14710.74,15897.09,Low
2025-04-27 14:36:06.244162776,Bangalore,Prepared Food,Rice Bowl,127,121,6,44.45,81.34,26.7,250.0,4,April,27,Sunday,4.724409448818897,266.70000000000005,9842.140000000001,10330.18,Low
2025-04-28 02:17:22.294863240,Chennai,Bakery,Cake,467,339,128,16.52,24.83,39.4,495.0,4,April,28,Monday,27.40899357601713,2114.56,8417.369999999999,11595.609999999999,Medium
2025-04-28 13:58:38.345563704,Mumbai,Prepared Food,Sandwich,402,332,70,81.15,119.3,40.0,293.0,4,April,28,Monday,17.412935323383085,5680.5,39607.6,47958.6,Medium
2025-04-29 01:39:54.396264176,Delhi,Fruits,Apple,183,115,68,67.71,107.63,26.4,495.0,4,April,29,Tuesday,37.15846994535519,4604.28,12377.449999999999,19696.29,High
2025-04-29 13:21:10.446964640,Mumbai,Fruits,Apple,345,221,124,97.21,189.87,39.2,141.0,4,April,29,Tuesday,35.94202898550725,12054.039999999999,41961.270000000004,65505.15,High
2025-04-30 01:02:26.497665112,Delhi,Bakery,Bread,333,228,105,61.94,108.39,38.7,477.0,4,April,30,Wednesday,31.53153153153153,6503.7,24712.920000000002,36093.87,High
2025-04-30 12:43:42.548365576,Hyderabad,Fruits,Apple,151,136,15,21.92,38.81,31.2,82.0,4,April,30,Wednesday,9.933774834437086,328.8,5278.16,5860.31,Low
2025-05-01 00:24:58.599066040,Hyderabad,Bakery,Cake,453,305,148,37.29,59.69,30.4,321.0,5,May,1,Thursday,32.671081677704194,5518.92,18205.45,27039.57,High
2025-05-01 12:06:14.649766512,Chennai,Prepared Food,Burger,370,352,18,72.45,102.28,39.7,410.0,5,May,1,Thursday,4.864864864864865,1304.1000000000001,36002.56,37843.6,Low
2025-05-01 23:47:30.700466976,Bangalore,Dairy,Yogurt,148,145,3,13.49,19.3,38.3,120.0,5,May,1,Thursday,2.027027027027027,40.47,2798.5,2856.4,Low
2025-05-02 11:28:46.751167440,Chennai,Fruits,Apple,370,313,57,10.02,14.72,24.6,180.0,5,May,2,Friday,15.405405405405407,571.14,4607.360000000001,5446.400000000001,Medium
2025-05-02 23:10:02.801867912,Hyderabad,Bakery,Cake,266,171,95,27.24,45.03,39.0,58.0,5,May,2,Friday,35.714285714285715,2587.7999999999997,7700.13,11977.98,High
2025-05-03 10:51:18.852568376,Mumbai,Prepared Food,Burger,406,286,120,77.29,130.27,38.0,240.0,5,May,3,Saturday,29.55665024630542,9274.800000000001,37257.22,52889.62,Medium
2025-05-03 22:32:34.903268848,Chennai,Fruits,Apple,267,200,67,54.4,72.25,41.7,466.0,5,May,3,Saturday,25.0936329588015,3644.7999999999997,14450.0,19290.75,Medium
2025-05-04 10:13:50.953969312,Hyderabad,Vegetables,Carrot,109,94,15,62.72,107.3,29.8,189.0,5,May,4,Sunday,13.761467889908257,940.8,10086.199999999999,11695.699999999999,Low
2025-05-04 21:55:07.004669776,Delhi,Dairy,Cheese,328,242,86,69.73,128.92,28.7,369.0,5,May,4,Sunday,26.21951219512195,5996.780000000001,31198.639999999996,42285.759999999995,Medium
2025-05-05 09:36:23.055370248,Bangalore,Bakery,Cake,289,246,43,71.94,133.05,37.5,258.0,5,May,5,Monday,14.878892733564014,3093.42,32730.300000000003,38451.450000000004,Low
2025-05-05 21:17:39.106070712,Chennai,Bakery,Croissant,488,372,116,93.69,153.53,30.8,483.0,5,May,5,Monday,23.770491803278688,10868.039999999999,57113.16,74922.64,Medium
2025-05-06 08:58:55.156771176,Hyderabad,Bakery,Cake,445,429,16,51.41,67.38,26.2,319.0,5,May,6,Tuesday,3.5955056179775284,822.56,28906.019999999997,29984.1,Low
2025-05-06 20:40:11.207471648,Mumbai,Prepared Food,Burger,171,127,44,31.81,61.94,31.5,377.0,5,May,6,Tuesday,25.730994152046783,1399.6399999999999,7866.38,10591.74,Medium
2025-05-07 08:21:27.258172112,Delhi,Vegetables,Carrot,497,463,34,29.93,55.79,21.3,112.0,5,May,7,Wednesday,6.841046277665996,1017.62,25830.77,27727.63,Low
2025-05-07 20:02:43.308872584,Bangalore,Bakery,Bread,436,341,95,40.2,73.79,29.5,243.0,5,May,7,Wednesday,21.788990825688074,3819.0000000000005,25162.390000000003,32172.440000000002,Medium
2025-05-08 07:43:59.359573048,Chennai,Vegetables,Carrot,187,112,75,65.67,99.61,21.9,493.0,5,May,8,Thursday,40.106951871657756,4925.25,11156.32,18627.07,High
2025-05-08 19:25:15.410273512,Delhi,Bakery,Donut,164,106,58,13.89,21.07,27.0,259.0,5,May,8,Thursday,35.36585365853659,805.62,2233.42,3455.48,High
2025-05-09 07:06:31.460973984,Delhi,Bakery,Cake,152,126,26,99.65,142.88,26.9,184.0,5,May,9,Friday,17.105263157894736,2590.9,18002.88,21717.76,Medium
2025-05-09 18:47:47.511674448,Bangalore,Dairy,Milk,109,106,3,97.25,175.71,24.7,116.0,5,May,9,Friday,2.7522935779816518,291.75,18625.260000000002,19152.39,Low
2025-05-10 06:29:03.562374912,Chennai,Dairy,Yogurt,407,323,84,91.73,170.9,21.4,411.0,5,May,10,Saturday,20.638820638820636,7705.320000000001,55200.700000000004,69556.3,Medium
2025-05-10 18:10:19.613075384,Chennai,Prepared Food,Burger,416,395,21,58.06,111.22,29.0,271.0,5,May,10,Saturday,5.048076923076923,1219.26,43931.9,46267.52,Low
2025-05-11 05:51:35.663775848,Hyderabad,Bakery,Donut,156,146,10,25.51,46.6,40.1,121.0,5,May,11,Sunday,6.41025641025641,255.10000000000002,6803.6,7269.6,Low
2025-05-11 17:32:51.714476320,Hyderabad,Dairy,Yogurt,464,263,201,98.57,178.94,37.0,340.0,5,May,11,Sunday,43.31896551724138,19812.57,47061.22,83028.16,High
2025-05-12 05:14:07.765176784,Delhi,Bakery,Bread,389,333,56,74.8,136.71,24.8,414.0,5,May,12,Monday,14.395886889460154,4188.8,45524.43,53180.19,Low
2025-05-12 16:55:23.815877248,Delhi,Prepared Food,Rice Bowl,182,127,55,96.61,185.8,25.9,127.0,5,May,12,Monday,30.21978021978022,5313.55,23596.600000000002,33815.6,High
2025-05-13 04:36:39.866577720,Delhi,Fruits,Orange,172,131,41,46.98,81.77,35.4,122.0,5,May,13,Tuesday,23.837209302325583,1926.1799999999998,10711.869999999999,14064.439999999999,Medium
2025-05-13 16:17:55.917278184,Mumbai,Fruits,Apple,297,240,57,33.62,49.4,30.6,125.0,5,May,13,Tuesday,19.19191919191919,1916.34,11856.0,14671.8,Medium
2025-05-14 03:59:11.967978648,Chennai,Fruits,Orange,318,295,23,18.71,30.56,41.8,425.0,5,May,14,Wednesday,7.232704402515723,430.33000000000004,9015.199999999999,9718.08,Low
2025-05-14 15:40:28.018679120,Delhi,Dairy,Butter,372,271,101,46.86,86.51,37.0,379.0,5,May,14,Wednesday,27.1505376344086,4732.86,23444.210000000003,32181.72,Medium
2025-05-15 03:21:44.069379584,Mumbai,Bakery,Croissant,210,116,94,44.19,72.97,33.3,148.0,5,May,15,Thursday,44.761904761904766,4153.86,8464.52,15323.699999999999,High
2025-05-15 15:03:00.120080048,Bangalore,Fruits,Apple,281,154,127,25.88,48.37,31.9,346.0,5,May,15,Thursday,45.195729537366546,3286.7599999999998,7448.98,13591.97,High
2025-05-16 02:44:16.170780520,Bangalore,Prepared Food,Pizza,438,295,143,67.23,128.58,21.8,226.0,5,May,16,Friday,32.64840182648402,9613.890000000001,37931.100000000006,56318.04000000001,High
2025-05-16 14:25:32.221480984,Chennai,Bakery,Croissant,474,458,16,78.43,125.04,40.8,72.0,5,May,16,Friday,3.375527426160337,1254.88,57268.32,59268.96000000001,Low
2025-05-17 02:06:48.272181456,Hyderabad,Prepared Food,Burger,455,276,179,60.92,109.67,40.6,96.0,5,May,17,Saturday,39.34065934065934,10904.68,30268.920000000002,49899.85,High
2025-05-17 13:48:04.322881920,Chennai,Bakery,Croissant,494,394,100,37.2,71.67,41.4,122.0,5,May,17,Saturday,20.242914979757085,3720.0000000000005,28237.98,35404.98,Medium
2025-05-18 01:29:20.373582384,Hyderabad,Dairy,Butter,145,96,49,60.54,81.8,36.8,59.0,5,May,18,Sunday,33.793103448275865,2966.46,7852.799999999999,11861.0,High
2025-05-18 13:10:36.424282856,Delhi,Bakery,Croissant,159,89,70,72.63,102.79,36.6,51.0,5,May,18,Sunday,44.0251572327044,5084.099999999999,9148.310000000001,16343.61,High
2025-05-19 00:51:52.474983320,Mumbai,Vegetables,Potato,264,246,18,15.04,24.61,31.8,114.0,5,May,19,Monday,6.8181818181818175,270.71999999999997,6054.0599999999995,6497.04,Low
2025-05-19 12:33:08.525683784,Hyderabad,Vegetables,Tomato,356,244,112,93.65,162.94,28.7,386.0,5,May,19,Monday,31.46067415730337,10488.800000000001,39757.36,58006.64,High
2025-05-20 00:14:24.576384256,Bangalore,Vegetables,Spinach,339,206,133,50.0,73.97,24.2,167.0,5,May,20,Tuesday,39.233038348082594,6650.0,15237.82,25075.829999999998,High
2025-05-20 11:55:40.627084720,Chennai,Prepared Food,Sandwich,274,240,34,44.76,73.38,27.8,374.0,5,May,20,Tuesday,12.408759124087592,1521.84,17611.199999999997,20106.12,Low
2025-05-20 23:36:56.677785192,Bangalore,Dairy,Butter,163,159,4,12.68,17.12,34.5,454.0,5,May,20,Tuesday,2.4539877300613497,50.72,2722.0800000000004,2790.56,Low
2025-05-21 11:18:12.728485656,Hyderabad,Vegetables,Tomato,164,122,42,55.37,82.03,23.1,466.0,5,May,21,Wednesday,25.609756097560975,2325.54,10007.66,13452.92,Medium
2025-05-21 22:59:28.779186120,Hyderabad,Prepared Food,Pizza,257,197,60,59.04,88.47,40.9,114.0,5,May,21,Wednesday,23.346303501945524,3542.4,17428.59,22736.79,Medium
2025-05-22 10:40:44.829886592,Hyderabad,Vegetables,Tomato,380,209,171,24.46,48.55,23.5,365.0,5,May,22,Thursday,45.0,4182.66,10146.949999999999,18449.0,High
2025-05-22 22:22:00.880587056,Bangalore,Fruits,Apple,101,63,38,21.61,34.6,26.0,322.0,5,May,22,Thursday,37.62376237623762,821.18,2179.8,3494.6000000000004,High
2025-05-23 10:03:16.931287520,Delhi,Bakery,Donut,230,168,62,36.78,68.14,20.7,95.0,5,May,23,Friday,26.956521739130434,2280.36,11447.52,15672.2,Medium
2025-05-23 21:44:32.981987992,Hyderabad,Dairy,Yogurt,435,377,58,42.63,57.4,41.8,423.0,5,May,23,Friday,13.333333333333334,2472.54,21639.8,24969.0,Low
2025-05-24 09:25:49.032688456,Hyderabad,Dairy,Milk,313,297,16,53.41,95.71,21.5,76.0,5,May,24,Saturday,5.111821086261981,854.56,28425.87,29957.23,Low
2025-05-24 21:07:05.083388928,Bangalore,Dairy,Milk,130,97,33,18.81,32.04,32.2,286.0,5,May,24,Saturday,25.384615384615383,620.7299999999999,3107.88,4165.2,Medium
2025-05-25 08:48:21.134089392,Chennai,Fruits,Apple,145,85,60,92.98,133.57,41.1,252.0,5,May,25,Sunday,41.37931034482759,5578.8,11353.449999999999,19367.649999999998,High
2025-05-25 20:29:37.184789856,Hyderabad,Vegetables,Spinach,430,393,37,21.06,36.51,34.9,417.0,5,May,25,Sunday,8.604651162790699,779.2199999999999,14348.429999999998,15699.3,Low
2025-05-26 08:10:53.235490328,Chennai,Fruits,Orange,401,332,69,11.22,15.86,31.0,426.0,5,May,26,Monday,17.206982543640898,774.1800000000001,5265.5199999999995,6359.86,Medium
2025-05-26 19:52:09.286190792,Bangalore,Vegetables,Carrot,180,143,37,74.5,133.67,25.2,205.0,5,May,26,Monday,20.555555555555554,2756.5,19114.809999999998,24060.6,Medium
2025-05-27 07:33:25.336891256,Delhi,Bakery,Donut,421,375,46,75.85,106.79,38.8,238.0,5,May,27,Tuesday,10.926365795724466,3489.1,40046.25,44958.590000000004,Low
2025-05-27 19:14:41.387591728,Bangalore,Fruits,Banana,463,325,138,18.95,32.65,22.7,244.0,5,May,27,Tuesday,29.805615550755938,2615.1,10611.25,15116.949999999999,Medium
2025-05-28 06:55:57.438292192,Mumbai,Vegetables,Tomato,106,66,40,71.55,118.15,37.1,110.0,5,May,28,Wednesday,37.735849056603776,2862.0,7797.900000000001,12523.900000000001,High
2025-05-28 18:37:13.488992664,Bangalore,Dairy,Cheese,302,196,106,18.53,36.75,26.3,433.0,5,May,28,Wednesday,35.099337748344375,1964.18,7203.0,11098.5,High
2025-05-29 06:18:29.539693128,Delhi,Prepared Food,Burger,206,192,14,24.62,47.43,35.1,354.0,5,May,29,Thursday,6.796116504854369,344.68,9106.56,9770.58,Low
2025-05-29 17:59:45.590393592,Hyderabad,Bakery,Cake,194,117,77,61.52,97.4,28.0,108.0,5,May,29,Thursday,39.69072164948454,4737.04,11395.800000000001,18895.600000000002,High
2025-05-30 05:41:01.641094064,Bangalore,Vegetables,Carrot,315,229,86,63.74,101.79,29.8,306.0,5,May,30,Friday,27.3015873015873,5481.64,23309.91,32063.850000000002,Medium
2025-05-30 17:22:17.691794528,Chennai,Prepared Food,Pizza,151,125,26,37.43,53.42,21.9,315.0,5,May,30,Friday,17.218543046357617,973.18,6677.5,8066.42,Medium
2025-05-31 05:03:33.742494992,Bangalore,Prepared Food,Burger,127,121,6,23.36,39.43,31.6,157.0,5,May,31,Saturday,4.724409448818897,140.16,4771.03,5007.61,Low
2025-05-31 16:44:49.793195464,Bangalore,Fruits,Banana,283,177,106,35.76,58.01,24.3,108.0,5,May,31,Saturday,37.455830388692576,3790.56,10267.77,16416.829999999998,High
2025-06-01 04:26:05.843895928,Mumbai,Vegetables,Tomato,166,127,39,87.47,114.04,20.8,427.0,6,June,1,Sunday,23.49397590361446,3411.33,14483.08,18930.64,Medium
2025-06-01 16:07:21.894596400,Hyderabad,Dairy,Butter,369,362,7,40.57,72.85,32.3,200.0,6,June,1,Sunday,1.8970189701897018,283.99,26371.699999999997,26881.649999999998,Low
2025-06-02 03:48:37.945296864,Chennai,Vegetables,Tomato,270,242,28,58.28,93.6,25.9,137.0,6,June,2,Monday,10.37037037037037,1631.8400000000001,22651.199999999997,25272.0,Low
2025-06-02 15:29:53.995997328,Chennai,Fruits,Apple,346,249,97,98.54,194.37,27.1,223.0,6,June,2,Monday,28.034682080924856,9558.380000000001,48398.130000000005,67252.02,Medium
2025-06-03 03:11:10.046697800,Hyderabad,Bakery,Cake,478,403,75,91.13,154.03,39.1,445.0,6,June,3,Tuesday,15.690376569037657,6834.75,62074.090000000004,73626.34,Medium
2025-06-03 14:52:26.097398264,Hyderabad,Fruits,Banana,260,171,89,40.25,61.02,20.4,161.0,6,June,3,Tuesday,34.23076923076923,3582.25,10434.42,15865.2,High
2025-06-04 02:33:42.148098728,Delhi,Bakery,Bread,237,217,20,11.15,21.3,29.8,419.0,6,June,4,Wednesday,8.438818565400844,223.0,4622.1,5048.1,Low
2025-06-04 14:14:58.198799200,Hyderabad,Vegetables,Potato,186,114,72,71.08,113.35,41.2,116.0,6,June,4,Wednesday,38.70967741935484,5117.76,12921.9,21083.1,High
2025-06-05 01:56:14.249499664,Chennai,Prepared Food,Burger,288,187,101,34.45,49.91,33.3,146.0,6,June,5,Thursday,35.06944444444444,3479.4500000000003,9333.17,14374.079999999998,High
2025-06-05 13:37:30.300200128,Delhi,Prepared Food,Rice Bowl,224,194,30,46.44,76.83,41.4,170.0,6,June,5,Thursday,13.392857142857142,1393.1999999999998,14905.02,17209.92,Low
2025-06-06 01:18:46.350900600,Bangalore,Prepared Food,Sandwich,221,146,75,71.33,105.39,39.4,210.0,6,June,6,Friday,33.93665158371041,5349.75,15386.94,23291.19,High
2025-06-06 13:00:02.401601064,Delhi,Bakery,Donut,115,83,32,54.45,107.44,36.9,131.0,6,June,6,Friday,27.82608695652174,1742.4,8917.52,12355.6,Medium
2025-06-07 00:41:18.452301536,Delhi,Vegetables,Potato,420,303,117,15.07,23.49,31.1,228.0,6,June,7,Saturday,27.857142857142858,1763.19,7117.469999999999,9865.8,Medium
2025-06-07 12:22:34.503002000,Chennai,Dairy,Cheese,486,418,68,86.14,137.76,26.0,70.0,6,June,7,Saturday,13.991769547325102,5857.52,57583.67999999999,66951.36,Low
2025-06-08 00:03:50.553702464,Mumbai,Fruits,Apple,184,139,45,27.62,51.89,38.3,330.0,6,June,8,Sunday,24.456521739130434,1242.9,7212.71,9547.76,Medium
2025-06-08 11:45:06.604402936,Bangalore,Bakery,Bread,374,224,150,99.03,140.3,21.0,429.0,6,June,8,Sunday,40.106951871657756,14854.5,31427.200000000004,52472.200000000004,High
2025-06-08 23:26:22.655103400,Delhi,Bakery,Cake,449,329,120,73.35,143.91,29.0,277.0,6,June,8,Sunday,26.7260579064588,8802.0,47346.39,64615.59,Medium
2025-06-09 11:07:38.705803864,Chennai,Bakery,Croissant,220,217,3,58.83,86.08,32.6,159.0,6,June,9,Monday,1.3636363636363635,176.49,18679.36,18937.6,Low
2025-06-09 22:48:54.756504336,Hyderabad,Fruits,Apple,130,125,5,45.33,69.78,38.3,106.0,6,June,9,Monday,3.8461538461538463,226.64999999999998,8722.5,9071.4,Low
2025-06-10 10:30:10.807204800,Bangalore,Vegetables,Potato,118,115,3,58.81,82.55,36.4,241.0,6,June,10,Tuesday,2.5423728813559325,176.43,9493.25,9740.9,Low
2025-06-10 22:11:26.857905272,Delhi,Vegetables,Carrot,224,165,59,92.5,165.93,34.8,198.0,6,June,10,Tuesday,26.339285714285715,5457.5,27378.45,37168.32,Medium
2025-06-11 09:52:42.908605736,Hyderabad,Bakery,Bread,382,226,156,54.03,84.72,24.9,174.0,6,June,11,Wednesday,40.83769633507853,8428.68,19146.72,32363.04,High
2025-06-11 21:33:58.959306200,Hyderabad,Fruits,Apple,303,171,132,94.96,126.63,38.7,226.0,6,June,11,Wednesday,43.56435643564357,12534.72,21653.73,38368.89,High
2025-06-12 09:15:15.010006672,Mumbai,Dairy,Milk,235,131,104,30.82,55.92,26.7,387.0,6,June,12,Thursday,44.25531914893617,3205.28,7325.52,13141.2,High
2025-06-12 20:56:31.060707136,Hyderabad,Dairy,Milk,210,132,78,85.66,162.18,37.0,87.0,6,June,12,Thursday,37.142857142857146,6681.48,21407.760000000002,34057.8,High
2025-06-13 08:37:47.111407600,Mumbai,Bakery,Croissant,418,340,78,91.17,143.87,25.4,357.0,6,June,13,Friday,18.660287081339714,7111.26,48915.8,60137.66,Medium
2025-06-13 20:19:03.162108072,Delhi,Prepared Food,Burger,244,234,10,97.41,156.5,38.9,310.0,6,June,13,Friday,4.098360655737705,974.0999999999999,36621.0,38186.0,Low
2025-06-14 08:00:19.212808536,Mumbai,Vegetables,Tomato,326,211,115,56.21,98.67,39.6,259.0,6,June,14,Saturday,35.2760736196319,6464.150000000001,20819.37,32166.420000000002,High
2025-06-14 19:41:35.263509008,Mumbai,Dairy,Milk,199,153,46,64.29,98.23,31.0,191.0,6,June,14,Saturday,23.115577889447238,2957.34,15029.19,19547.77,Medium
2025-06-15 07:22:51.314209472,Bangalore,Fruits,Orange,336,334,2,60.13,115.8,41.4,90.0,6,June,15,Sunday,0.5952380952380952,120.26,38677.2,38908.799999999996,Low
2025-06-15 19:04:07.364909936,Chennai,Dairy,Yogurt,416,313,103,72.02,119.57,24.4,250.0,6,June,15,Sunday,24.759615384615387,7418.0599999999995,37425.409999999996,49741.119999999995,Medium
2025-06-16 06:45:23.415610408,Bangalore,Vegetables,Potato,344,311,33,16.59,31.0,36.6,317.0,6,June,16,Monday,9.593023255813954,547.47,9641.0,10664.0,Low
2025-06-16 18:26:39.466310872,Chennai,Vegetables,Tomato,194,146,48,67.81,89.97,33.7,118.0,6,June,16,Monday,24.742268041237114,3254.88,13135.619999999999,17454.18,Medium
2025-06-17 06:07:55.517011336,Hyderabad,Prepared Food,Rice Bowl,361,286,75,12.83,23.2,38.4,342.0,6,June,17,Tuesday,20.77562326869806,962.25,6635.2,8375.199999999999,Medium
2025-06-17 17:49:11.567711808,Chennai,Prepared Food,Rice Bowl,146,122,24,98.77,163.84,40.6,402.0,6,June,17,Tuesday,16.43835616438356,2370.48,19988.48,23920.64,Medium
2025-06-18 05:30:27.618412272,Chennai,Prepared Food,Rice Bowl,356,325,31,25.52,43.53,32.2,244.0,6,June,18,Wednesday,8.707865168539326,791.12,14147.25,15496.68,Low
2025-06-18 17:11:43.669112744,Bangalore,Prepared Food,Sandwich,430,406,24,38.05,57.62,38.4,379.0,6,June,18,Wednesday,5.5813953488372094,913.1999999999999,23393.719999999998,24776.6,Low
2025-06-19 04:52:59.719813208,Mumbai,Vegetables,Tomato,358,231,127,62.42,86.69,30.2,414.0,6,June,19,Thursday,35.47486033519553,7927.34,20025.39,31035.02,High
2025-06-19 16:34:15.770513672,Delhi,Dairy,Butter,183,176,7,99.7,182.01,34.2,319.0,6,June,19,Thursday,3.825136612021858,697.9,32033.76,33307.83,Low
2025-06-20 04:15:31.821214144,Delhi,Vegetables,Carrot,438,414,24,10.59,17.32,20.3,58.0,6,June,20,Friday,5.47945205479452,254.16,7170.4800000000005,7586.16,Low
2025-06-20 15:56:47.871914608,Delhi,Prepared Food,Rice Bowl,401,273,128,62.37,83.5,23.2,119.0,6,June,20,Friday,31.92019950124688,7983.36,22795.5,33483.5,High
2025-06-21 03:38:03.922615072,Chennai,Dairy,Cheese,288,234,54,14.92,23.65,23.9,465.0,6,June,21,Saturday,18.75,805.68,5534.099999999999,6811.2,Medium
2025-06-21 15:19:19.973315544,Mumbai,Prepared Food,Sandwich,308,275,33,82.58,117.74,41.1,186.0,6,June,21,Saturday,10.714285714285714,2725.14,32378.5,36263.92,Low
2025-06-22 03:00:36.024016008,Chennai,Dairy,Cheese,189,161,28,75.43,128.67,23.6,349.0,6,June,22,Sunday,14.814814814814813,2112.04,20715.87,24318.629999999997,Low
2025-06-22 14:41:52.074716480,Bangalore,Prepared Food,Burger,322,296,26,99.08,154.98,29.8,421.0,6,June,22,Sunday,8.074534161490684,2576.08,45874.079999999994,49903.56,Low
2025-06-23 02:23:08.125416944,Bangalore,Vegetables,Tomato,397,381,16,24.25,43.21,22.8,343.0,6,June,23,Monday,4.030226700251889,388.0,16463.010000000002,17154.37,Low
2025-06-23 14:04:24.176117408,Chennai,Bakery,Cake,273,235,38,96.52,166.19,32.3,129.0,6,June,23,Monday,13.91941391941392,3667.7599999999998,39054.65,45369.87,Low
2025-06-24 01:45:40.226817880,Mumbai,Prepared Food,Pizza,287,213,74,98.43,164.33,37.3,490.0,6,June,24,Tuesday,25.78397212543554,7283.820000000001,35002.29,47162.71000000001,Medium
2025-06-24 13:26:56.277518344,Chennai,Prepared Food,Pizza,121,66,55,36.87,71.77,25.1,251.0,6,June,24,Tuesday,45.45454545454545,2027.85,4736.82,8684.17,High
2025-06-25 01:08:12.328218808,Mumbai,Fruits,Apple,272,161,111,93.94,163.71,26.3,221.0,6,June,25,Wednesday,40.80882352941176,10427.34,26357.31,44529.12,High
2025-06-25 12:49:28.378919280,Mumbai,Vegetables,Carrot,401,305,96,55.03,97.69,28.6,430.0,6,June,25,Wednesday,23.940149625935163,5282.88,29795.45,39173.69,Medium
2025-06-26 00:30:44.429619744,Delhi,Vegetables,Tomato,333,185,148,94.06,135.67,23.2,488.0,6,June,26,Thursday,44.44444444444444,13920.880000000001,25098.949999999997,45178.10999999999,High
2025-06-26 12:12:00.480320208,Hyderabad,Bakery,Donut,243,156,87,50.85,89.97,27.0,374.0,6,June,26,Thursday,35.80246913580247,4423.95,14035.32,21862.71,High
2025-06-26 23:53:16.531020680,Delhi,Prepared Food,Pizza,447,274,173,55.58,105.11,25.3,280.0,6,June,26,Thursday,38.702460850111855,9615.34,28800.14,46984.17,High
2025-06-27 11:34:32.581721144,Delhi,Bakery,Croissant,324,233,91,42.63,72.93,33.7,472.0,6,June,27,Friday,28.08641975308642,3879.3300000000004,16992.690000000002,23629.320000000003,Medium
2025-06-27 23:15:48.632421616,Mumbai,Prepared Food,Pizza,290,176,114,44.3,70.36,36.0,294.0,6,June,27,Friday,39.310344827586206,5050.2,12383.36,20404.4,High
2025-06-28 10:57:04.683122080,Delhi,Fruits,Banana,134,83,51,40.24,68.11,22.1,209.0,6,June,28,Saturday,38.059701492537314,2052.2400000000002,5653.13,9126.74,High
2025-06-28 22:38:20.733822544,Delhi,Vegetables,Potato,265,261,4,24.25,39.26,33.3,111.0,6,June,28,Saturday,1.509433962264151,97.0,10246.859999999999,10403.9,Low
2025-06-29 10:19:36.784523016,Hyderabad,Bakery,Cake,417,263,154,49.56,66.76,30.2,160.0,6,June,29,Sunday,36.930455635491604,7632.240000000001,17557.88,27838.920000000002,High
2025-06-29 22:00:52.835223480,Mumbai,Prepared Food,Burger,243,150,93,20.66,27.06,26.7,282.0,6,June,29,Sunday,38.2716049382716,1921.38,4059.0,6575.58,High
2025-06-30 09:42:08.885923944,Mumbai,Vegetables,Spinach,334,294,40,46.71,82.35,39.4,427.0,6,June,30,Monday,11.976047904191617,1868.4,24210.899999999998,27504.899999999998,Low
2025-06-30 21:23:24.936624416,Delhi,Dairy,Milk,284,187,97,26.46,42.36,41.7,184.0,6,June,30,Monday,34.154929577464785,2566.62,7921.32,12030.24,High
2025-07-01 09:04:40.987324880,Mumbai,Dairy,Butter,234,168,66,39.59,68.4,39.2,270.0,7,July,1,Tuesday,28.205128205128204,2612.94,11491.2,16005.600000000002,Medium
2025-07-01 20:45:57.038025352,Delhi,Dairy,Butter,103,61,42,14.86,24.07,32.1,141.0,7,July,1,Tuesday,40.77669902912621,624.12,1468.27,2479.21,High
2025-07-02 08:27:13.088725816,Chennai,Fruits,Orange,499,480,19,45.47,69.19,28.8,417.0,7,July,2,Wednesday,3.807615230460922,863.93,33211.2,34525.81,Low
2025-07-02 20:08:29.139426280,Mumbai,Bakery,Bread,346,305,41,73.7,120.73,39.7,407.0,7,July,2,Wednesday,11.849710982658959,3021.7000000000003,36822.65,41772.58,Low
2025-07-03 07:49:45.190126752,Chennai,Bakery,Donut,407,385,22,61.93,90.1,25.9,382.0,7,July,3,Thursday,5.405405405405405,1362.46,34688.5,36670.7,Low
2025-07-03 19:31:01.240827216,Mumbai,Vegetables,Tomato,448,333,115,36.31,67.82,21.9,284.0,7,July,3,Thursday,25.669642857142854,4175.650000000001,22584.059999999998,30383.359999999997,Medium
2025-07-04 07:12:17.291527680,Hyderabad,Fruits,Orange,234,128,106,64.81,119.14,29.8,478.0,7,July,4,Friday,45.2991452991453,6869.860000000001,15249.92,27878.76,High
2025-07-04 18:53:33.342228152,Delhi,Fruits,Apple,457,321,136,74.09,105.57,21.8,100.0,7,July,4,Friday,29.75929978118162,10076.24,33887.97,48245.49,Medium
2025-07-05 06:34:49.392928616,Mumbai,Bakery,Donut,228,151,77,66.57,90.97,22.1,405.0,7,July,5,Saturday,33.771929824561404,5125.889999999999,13736.47,20741.16,High
2025-07-05 18:16:05.443629088,Chennai,Prepared Food,Pizza,475,339,136,33.63,46.59,31.2,78.0,7,July,5,Saturday,28.631578947368418,4573.68,15794.010000000002,22130.25,Medium
2025-07-06 05:57:21.494329552,Bangalore,Prepared Food,Sandwich,281,258,23,28.86,40.45,39.9,222.0,7,July,6,Sunday,8.185053380782918,663.78,10436.1,11366.45,Low
2025-07-06 17:38:37.545030016,Bangalore,Vegetables,Potato,410,371,39,35.1,68.98,21.4,416.0,7,July,6,Sunday,9.512195121951219,1368.9,25591.58,28281.800000000003,Low
2025-07-07 05:19:53.595730488,Bangalore,Fruits,Banana,194,176,18,23.53,31.22,39.3,270.0,7,July,7,Monday,9.278350515463918,423.54,5494.719999999999,6056.679999999999,Low
2025-07-07 17:01:09.646430952,Delhi,Vegetables,Carrot,227,216,11,21.57,28.44,35.1,78.0,7,July,7,Monday,4.845814977973569,237.27,6143.04,6455.88,Low
2025-07-08 04:42:25.697131416,Bangalore,Dairy,Yogurt,392,329,63,33.33,43.77,20.8,312.0,7,July,8,Tuesday,16.071428571428573,2099.79,14400.330000000002,17157.84,Medium
2025-07-08 16:23:41.747831888,Hyderabad,Prepared Food,Rice Bowl,428,275,153,75.85,136.26,24.4,270.0,7,July,8,Tuesday,35.74766355140187,11605.05,37471.5,58319.28,High
2025-07-09 04:04:57.798532352,Mumbai,Fruits,Orange,107,89,18,49.48,91.41,37.2,212.0,7,July,9,Wednesday,16.822429906542055,890.64,8135.49,9780.869999999999,Medium
2025-07-09 15:46:13.849232824,Chennai,Prepared Food,Sandwich,194,146,48,71.82,139.28,33.4,227.0,7,July,9,Wednesday,24.742268041237114,3447.3599999999997,20334.88,27020.32,Medium
2025-07-10 03:27:29.899933288,Bangalore,Bakery,Cake,486,346,140,33.36,50.2,35.5,202.0,7,July,10,Thursday,28.80658436213992,4670.4,17369.2,24397.2,Medium
2025-07-10 15:08:45.950633752,Mumbai,Dairy,Cheese,320,192,128,93.03,157.96,28.0,353.0,7,July,10,Thursday,40.0,11907.84,30328.32,50547.200000000004,High
2025-07-11 02:50:02.001334224,Bangalore,Vegetables,Tomato,187,132,55,13.57,25.61,29.9,190.0,7,July,11,Friday,29.411764705882355,746.35,3380.52,4789.07,Medium
2025-07-11 14:31:18.052034688,Delhi,Vegetables,Carrot,227,195,32,52.59,91.11,30.0,70.0,7,July,11,Friday,14.096916299559473,1682.88,17766.45,20681.97,Low
2025-07-12 02:12:34.102735152,Mumbai,Dairy,Cheese,247,208,39,46.95,68.6,28.9,406.0,7,July,12,Saturday,15.789473684210526,1831.0500000000002,14268.8,16944.199999999997,Medium
2025-07-12 13:53:50.153435624,Chennai,Vegetables,Tomato,170,162,8,15.35,26.52,28.3,298.0,7,July,12,Saturday,4.705882352941177,122.8,4296.24,4508.4,Low
2025-07-13 01:35:06.204136088,Chennai,Prepared Food,Rice Bowl,486,348,138,34.21,63.92,31.7,312.0,7,July,13,Sunday,28.39506172839506,4720.9800000000005,22244.16,31065.120000000003,Medium
2025-07-13 13:16:22.254836560,Bangalore,Bakery,Bread,213,142,71,73.46,118.69,22.2,270.0,7,July,13,Sunday,33.33333333333333,5215.66,16853.98,25280.97,High
2025-07-14 00:57:38.305537024,Delhi,Fruits,Apple,478,344,134,25.81,50.9,35.2,382.0,7,July,14,Monday,28.03347280334728,3458.54,17509.6,24330.2,Medium
2025-07-14 12:38:54.356237488,Mumbai,Vegetables,Tomato,425,368,57,31.1,50.89,32.1,328.0,7,July,14,Monday,13.411764705882353,1772.7,18727.52,21628.25,Low
2025-07-15 00:20:10.406937960,Delhi,Vegetables,Spinach,225,169,56,25.28,49.95,20.3,492.0,7,July,15,Tuesday,24.88888888888889,1415.68,8441.550000000001,11238.75,Medium
2025-07-15 12:01:26.457638424,Hyderabad,Bakery,Donut,439,327,112,49.2,78.25,36.1,174.0,7,July,15,Tuesday,25.512528473804103,5510.400000000001,25587.75,34351.75,Medium
2025-07-15 23:42:42.508338888,Bangalore,Bakery,Cake,453,372,81,55.37,97.69,30.7,264.0,7,July,15,Tuesday,17.880794701986755,4484.969999999999,36340.68,44253.57,Medium
2025-07-16 11:23:58.559039360,Delhi,Fruits,Apple,364,313,51,19.5,34.67,34.5,146.0,7,July,16,Wednesday,14.010989010989011,994.5,10851.710000000001,12619.880000000001,Low
2025-07-16 23:05:14.609739824,Delhi,Dairy,Butter,345,338,7,43.53,63.61,32.3,459.0,7,July,16,Wednesday,2.0289855072463765,304.71000000000004,21500.18,21945.45,Low
2025-07-17 10:46:30.660440288,Chennai,Fruits,Mango,358,247,111,46.83,85.41,22.5,357.0,7,July,17,Thursday,31.00558659217877,5198.13,21096.27,30576.78,High
2025-07-17 22:27:46.711140760,Bangalore,Fruits,Banana,431,378,53,44.75,88.07,40.0,443.0,7,July,17,Thursday,12.296983758700696,2371.75,33290.46,37958.17,Low
2025-07-18 10:09:02.761841224,Bangalore,Fruits,Apple,327,244,83,66.4,118.15,22.8,487.0,7,July,18,Friday,25.382262996941897,5511.200000000001,28828.600000000002,38635.05,Medium
2025-07-18 21:50:18.812541696,Hyderabad,Fruits,Banana,209,135,74,39.79,72.35,26.9,452.0,7,July,18,Friday,35.406698564593306,2944.46,9767.25,15121.15,High
2025-07-19 09:31:34.863242160,Bangalore,Bakery,Donut,472,343,129,20.61,36.24,26.2,463.0,7,July,19,Saturday,27.33050847457627,2658.69,12430.320000000002,17105.280000000002,Medium
2025-07-19 21:12:50.913942624,Bangalore,Prepared Food,Pizza,476,321,155,12.91,21.48,32.5,54.0,7,July,19,Saturday,32.563025210084035,2001.05,6895.08,10224.48,High
2025-07-20 08:54:06.964643096,Chennai,Prepared Food,Burger,423,240,183,72.19,114.27,39.3,174.0,7,July,20,Sunday,43.262411347517734,13210.77,27424.8,48336.21,High
2025-07-20 20:35:23.015343560,Mumbai,Dairy,Milk,365,333,32,59.6,107.05,22.5,428.0,7,July,20,Sunday,8.767123287671232,1907.2,35647.65,39073.25,Low
2025-07-21 08:16:39.066044024,Hyderabad,Fruits,Orange,286,207,79,70.5,101.36,39.7,337.0,7,July,21,Monday,27.62237762237762,5569.5,20981.52,28988.96,Medium
2025-07-21 19:57:55.116744496,Mumbai,Fruits,Mango,429,268,161,44.65,70.62,37.2,230.0,7,July,21,Monday,37.52913752913753,7188.65,18926.16,30295.980000000003,High
2025-07-22 07:39:11.167444960,Hyderabad,Fruits,Banana,194,146,48,94.4,128.75,20.4,400.0,7,July,22,Tuesday,24.742268041237114,4531.200000000001,18797.5,24977.5,Medium
2025-07-22 19:20:27.218145432,Mumbai,Fruits,Banana,448,432,16,65.74,115.41,24.4,452.0,7,July,22,Tuesday,3.571428571428571,1051.84,49857.119999999995,51703.68,Low
2025-07-23 07:01:43.268845896,Hyderabad,Vegetables,Tomato,107,90,17,75.75,100.61,22.1,232.0,7,July,23,Wednesday,15.887850467289718,1287.75,9054.9,10765.27,Medium
2025-07-23 18:42:59.319546360,Mumbai,Bakery,Croissant,192,114,78,35.99,50.55,25.3,302.0,7,July,23,Wednesday,40.625,2807.2200000000003,5762.7,9705.599999999999,High
2025-07-24 06:24:15.370246832,Delhi,Prepared Food,Sandwich,109,89,20,88.61,139.69,27.4,495.0,7,July,24,Thursday,18.34862385321101,1772.2,12432.41,15226.21,Medium
2025-07-24 18:05:31.420947296,Chennai,Dairy,Milk,315,252,63,15.93,22.84,29.0,67.0,7,July,24,Thursday,20.0,1003.59,5755.68,7194.6,Medium
2025-07-25 05:46:47.471647760,Bangalore,Prepared Food,Rice Bowl,328,269,59,32.96,45.78,21.3,83.0,7,July,25,Friday,17.98780487804878,1944.64,12314.82,15015.84,Medium
2025-07-25 17:28:03.522348232,Delhi,Dairy,Butter,362,254,108,93.39,180.12,36.1,353.0,7,July,25,Friday,29.83425414364641,10086.12,45750.48,65203.44,Medium
2025-07-26 05:09:19.573048696,Mumbai,Vegetables,Potato,477,273,204,75.39,147.02,37.7,83.0,7,July,26,Saturday,42.76729559748428,15379.56,40136.46000000001,70128.54000000001,High
2025-07-26 16:50:35.623749168,Hyderabad,Prepared Food,Pizza,326,203,123,42.36,58.8,33.0,439.0,7,July,26,Saturday,37.73006134969325,5210.28,11936.4,19168.8,High
2025-07-27 04:31:51.674449632,Chennai,Vegetables,Carrot,170,124,46,32.79,63.5,22.2,135.0,7,July,27,Sunday,27.058823529411764,1508.34,7874.0,10795.0,Medium
2025-07-27 16:13:07.725150096,Hyderabad,Dairy,Yogurt,213,172,41,12.2,19.38,27.3,246.0,7,July,27,Sunday,19.248826291079812,500.2,3333.3599999999997,4127.94,Medium
2025-07-28 03:54:23.775850568,Chennai,Fruits,Apple,486,457,29,45.17,83.73,37.7,271.0,7,July,28,Monday,5.967078189300412,1309.93,38264.61,40692.78,Low
2025-07-28 15:35:39.826551032,Delhi,Dairy,Cheese,253,186,67,32.66,64.89,33.5,177.0,7,July,28,Monday,26.48221343873518,2188.22,12069.54,16417.170000000002,Medium
2025-07-29 03:16:55.877251496,Mumbai,Prepared Food,Burger,157,97,60,11.98,22.42,20.3,216.0,7,July,29,Tuesday,38.21656050955414,718.8000000000001,2174.7400000000002,3519.94,High
2025-07-29 14:58:11.927951968,Chennai,Vegetables,Spinach,403,291,112,15.64,29.26,30.9,78.0,7,July,29,Tuesday,27.791563275434246,1751.68,8514.66,11791.78,Medium
2025-07-30 02:39:27.978652432,Hyderabad,Dairy,Milk,455,425,30,24.72,32.72,23.1,286.0,7,July,30,Wednesday,6.593406593406594,741.5999999999999,13906.0,14887.6,Low
2025-07-30 14:20:44.029352904,Chennai,Bakery,Cake,364,334,30,88.62,135.64,32.9,188.0,7,July,30,Wednesday,8.241758241758241,2658.6000000000004,45303.759999999995,49372.95999999999,Low
2025-07-31 02:02:00.080053368,Chennai,Prepared Food,Burger,349,232,117,16.71,27.69,41.3,99.0,7,July,31,Thursday,33.5243553008596,1955.0700000000002,6424.08,9663.810000000001,High
2025-07-31 13:43:16.130753832,Chennai,Vegetables,Spinach,136,134,2,85.27,160.4,41.0,103.0,7,July,31,Thursday,1.4705882352941175,170.54,21493.600000000002,21814.4,Low
2025-08-01 01:24:32.181454304,Hyderabad,Dairy,Cheese,400,322,78,53.15,88.21,25.3,54.0,8,August,1,Friday,19.5,4145.7,28403.62,35284.0,Medium
2025-08-01 13:05:48.232154768,Delhi,Vegetables,Tomato,249,173,76,99.38,181.95,37.5,392.0,8,August,1,Friday,30.522088353413658,7552.879999999999,31477.35,45305.549999999996,High
2025-08-02 00:47:04.282855232,Bangalore,Dairy,Yogurt,253,151,102,87.42,171.52,40.5,436.0,8,August,2,Saturday,40.316205533596836,8916.84,25899.52,43394.560000000005,High
2025-08-02 12:28:20.333555704,Bangalore,Bakery,Croissant,162,140,22,21.78,38.93,24.5,415.0,8,August,2,Saturday,13.580246913580247,479.16,5450.2,6306.66,Low
2025-08-03 00:09:36.384256168,Chennai,Prepared Food,Sandwich,438,420,18,21.33,41.21,39.0,408.0,8,August,3,Sunday,4.10958904109589,383.93999999999994,17308.2,18049.98,Low
2025-08-03 11:50:52.434956640,Chennai,Prepared Food,Sandwich,464,424,40,80.72,131.07,40.7,66.0,8,August,3,Sunday,8.620689655172415,3228.8,55573.68,60816.479999999996,Low
2025-08-03 23:32:08.485657104,Hyderabad,Dairy,Milk,317,280,37,24.73,34.31,20.6,267.0,8,August,3,Sunday,11.67192429022082,915.01,9606.800000000001,10876.27,Low
2025-08-04 11:13:24.536357568,Delhi,Prepared Food,Rice Bowl,171,164,7,18.83,30.23,41.2,165.0,8,August,4,Monday,4.093567251461988,131.81,4957.72,5169.33,Low
2025-08-04 22:54:40.587058040,Hyderabad,Bakery,Cake,367,328,39,38.55,57.72,31.7,108.0,8,August,4,Monday,10.626702997275205,1503.4499999999998,18932.16,21183.239999999998,Low
2025-08-05 10:35:56.637758504,Hyderabad,Bakery,Bread,499,453,46,10.93,19.0,35.5,397.0,8,August,5,Tuesday,9.218436873747494,502.78,8607.0,9481.0,Low
2025-08-05 22:17:12.688458968,Hyderabad,Bakery,Donut,497,343,154,20.18,28.44,29.6,335.0,8,August,5,Tuesday,30.985915492957744,3107.72,9754.92,14134.68,High
2025-08-06 09:58:28.739159440,Bangalore,Bakery,Croissant,198,137,61,36.44,54.45,31.0,472.0,8,August,6,Wednesday,30.808080808080806,2222.8399999999997,7459.650000000001,10781.1,High
2025-08-06 21:39:44.789859904,Chennai,Fruits,Banana,144,90,54,84.67,143.4,34.8,141.0,8,August,6,Wednesday,37.5,4572.18,12906.0,20649.600000000002,High
2025-08-07 09:21:00.840560368,Delhi,Prepared Food,Rice Bowl,278,261,17,64.54,87.95,41.1,277.0,8,August,7,Thursday,6.115107913669065,1097.18,22954.95,24450.100000000002,Low
2025-08-07 21:02:16.891260840,Mumbai,Fruits,Apple,263,245,18,42.2,63.0,37.8,374.0,8,August,7,Thursday,6.844106463878327,759.6,15435.0,16569.0,Low
2025-08-08 08:43:32.941961304,Bangalore,Prepared Food,Sandwich,474,304,170,86.17,133.52,38.3,183.0,8,August,8,Friday,35.86497890295359,14648.9,40590.08,63288.48,High
2025-08-08 20:24:48.992661776,Bangalore,Prepared Food,Rice Bowl,137,133,4,50.36,100.04,27.7,264.0,8,August,8,Friday,2.9197080291970803,201.44,13305.320000000002,13705.480000000001,Low
2025-08-09 08:06:05.043362240,Bangalore,Fruits,Mango,407,230,177,61.36,112.44,23.3,246.0,8,August,9,Saturday,43.48894348894349,10860.72,25861.2,45763.08,High
2025-08-09 19:47:21.094062704,Delhi,Vegetables,Potato,195,132,63,11.04,15.36,26.8,100.0,8,August,9,Saturday,32.30769230769231,695.52,2027.52,2995.2,High
2025-08-10 07:28:37.144763176,Chennai,Fruits,Apple,259,221,38,21.73,31.28,32.9,57.0,8,August,10,Sunday,14.671814671814673,825.74,6912.88,8101.52,Low
2025-08-10 19:09:53.195463640,Delhi,Bakery,Donut,305,297,8,40.04,72.45,34.7,256.0,8,August,10,Sunday,2.622950819672131,320.32,21517.65,22097.25,Low
2025-08-11 06:51:09.246164104,Chennai,Fruits,Apple,204,203,1,47.46,67.67,35.2,479.0,8,August,11,Monday,0.49019607843137253,47.46,13737.01,13804.68,Low
2025-08-11 18:32:25.296864576,Bangalore,Bakery,Donut,234,206,28,20.35,36.35,29.7,489.0,8,August,11,Monday,11.965811965811966,569.8000000000001,7488.1,8505.9,Low
2025-08-12 06:13:41.347565040,Mumbai,Bakery,Cake,187,117,70,39.7,78.35,39.8,231.0,8,August,12,Tuesday,37.4331550802139,2779.0,9166.949999999999,14651.449999999999,High
2025-08-12 17:54:57.398265512,Chennai,Fruits,Apple,330,307,23,56.82,85.6,20.3,349.0,8,August,12,Tuesday,6.969696969696971,1306.86,26279.199999999997,28247.999999999996,Low
2025-08-13 05:36:13.448965976,Delhi,Dairy,Butter,400,312,88,70.94,118.17,37.2,352.0,8,August,13,Wednesday,22.0,6242.719999999999,36869.04,47268.0,Medium
2025-08-13 17:17:29.499666440,Chennai,Prepared Food,Sandwich,176,104,72,47.76,72.67,20.8,406.0,8,August,13,Wednesday,40.909090909090914,3438.72,7557.68,12789.92,High
2025-08-14 04:58:45.550366912,Bangalore,Prepared Food,Rice Bowl,175,131,44,82.93,115.65,30.3,431.0,8,August,14,Thursday,25.142857142857146,3648.92,15150.150000000001,20238.75,Medium
2025-08-14 16:40:01.601067376,Delhi,Fruits,Apple,261,210,51,48.39,67.63,20.5,308.0,8,August,14,Thursday,19.54022988505747,2467.89,14202.3,17651.43,Medium
2025-08-15 04:21:17.651767840,Bangalore,Vegetables,Carrot,345,311,34,76.0,98.82,33.1,455.0,8,August,15,Friday,9.855072463768117,2584.0,30733.019999999997,34092.899999999994,Low
2025-08-15 16:02:33.702468312,Chennai,Prepared Food,Rice Bowl,150,131,19,50.69,96.31,21.1,285.0,8,August,15,Friday,12.666666666666668,963.1099999999999,12616.61,14446.5,Low
2025-08-16 03:43:49.753168776,Chennai,Prepared Food,Rice Bowl,437,338,99,51.16,96.81,30.0,111.0,8,August,16,Saturday,22.65446224256293,5064.839999999999,32721.780000000002,42305.97,Medium
2025-08-16 15:25:05.803869248,Bangalore,Prepared Food,Rice Bowl,107,66,41,57.69,90.81,33.7,74.0,8,August,16,Saturday,38.31775700934579,2365.29,5993.46,9716.67,High
2025-08-17 03:06:21.854569712,Hyderabad,Prepared Food,Pizza,142,118,24,61.93,87.11,23.9,447.0,8,August,17,Sunday,16.901408450704224,1486.32,10278.98,12369.62,Medium
2025-08-17 14:47:37.905270176,Delhi,Vegetables,Tomato,133,84,49,69.55,130.19,22.8,137.0,8,August,17,Sunday,36.84210526315789,3407.95,10935.96,17315.27,High
2025-08-18 02:28:53.955970648,Delhi,Fruits,Mango,137,90,47,82.27,128.47,28.5,477.0,8,August,18,Monday,34.306569343065696,3866.6899999999996,11562.3,17600.39,High
2025-08-18 14:10:10.006671112,Mumbai,Prepared Food,Rice Bowl,481,312,169,47.19,74.75,35.0,64.0,8,August,18,Monday,35.13513513513514,7975.11,23322.0,35954.75,High
2025-08-19 01:51:26.057371576,Delhi,Dairy,Yogurt,126,91,35,84.54,119.99,39.7,230.0,8,August,19,Tuesday,27.77777777777778,2958.9,10919.09,15118.74,Medium
2025-08-19 13:32:42.108072048,Delhi,Bakery,Donut,462,296,166,58.78,114.23,39.8,304.0,8,August,19,Tuesday,35.93073593073593,9757.48,33812.08,52774.26,High
2025-08-20 01:13:58.158772512,Hyderabad,Bakery,Donut,487,268,219,35.26,70.5,25.9,294.0,8,August,20,Wednesday,44.969199178644764,7721.94,18894.0,34333.5,High
2025-08-20 12:55:14.209472984,Chennai,Dairy,Butter,492,481,11,29.42,41.51,26.9,149.0,8,August,20,Wednesday,2.2357723577235773,323.62,19966.309999999998,20422.92,Low
2025-08-21 00:36:30.260173448,Bangalore,Bakery,Bread,204,180,24,58.41,88.59,23.2,151.0,8,August,21,Thursday,11.76470588235294,1401.84,15946.2,18072.36,Low
2025-08-21 12:17:46.310873912,Chennai,Vegetables,Spinach,400,294,106,57.67,89.01,31.5,436.0,8,August,21,Thursday,26.5,6113.02,26168.940000000002,35604.0,Medium
2025-08-21 23:59:02.361574384,Bangalore,Dairy,Milk,378,236,142,23.92,38.66,29.0,448.0,8,August,21,Thursday,37.56613756613756,3396.6400000000003,9123.759999999998,14613.48,High
2025-08-22 11:40:18.412274848,Hyderabad,Fruits,Apple,429,382,47,43.27,66.23,29.3,307.0,8,August,22,Friday,10.955710955710956,2033.69,25299.86,28412.670000000002,Low
2025-08-22 23:21:34.462975312,Delhi,Dairy,Yogurt,126,97,29,11.35,16.03,41.9,156.0,8,August,22,Friday,23.015873015873016,329.15,1554.91,2019.7800000000002,Medium
2025-08-23 11:02:50.513675784,Mumbai,Vegetables,Tomato,470,403,67,11.84,20.4,26.1,365.0,8,August,23,Saturday,14.255319148936172,793.28,8221.199999999999,9588.0,Low
2025-08-23 22:44:06.564376248,Mumbai,Dairy,Yogurt,345,299,46,31.61,60.89,31.9,286.0,8,August,23,Saturday,13.333333333333334,1454.06,18206.11,21007.05,Low
2025-08-24 10:25:22.615076720,Mumbai,Fruits,Orange,438,377,61,55.44,106.5,27.9,329.0,8,August,24,Sunday,13.926940639269406,3381.8399999999997,40150.5,46647.0,Low
2025-08-24 22:06:38.665777184,Chennai,Prepared Food,Burger,231,139,92,59.81,98.54,26.7,353.0,8,August,24,Sunday,39.82683982683983,5502.52,13697.060000000001,22762.74,High
2025-08-25 09:47:54.716477648,Bangalore,Bakery,Donut,239,151,88,27.73,44.06,25.0,127.0,8,August,25,Monday,36.82008368200837,2440.2400000000002,6653.06,10530.34,High
2025-08-25 21:29:10.767178120,Hyderabad,Dairy,Cheese,352,324,28,58.35,84.17,23.4,158.0,8,August,25,Monday,7.954545454545454,1633.8,27271.08,29627.84,Low
2025-08-26 09:10:26.817878584,Mumbai,Dairy,Yogurt,489,286,203,13.21,21.78,32.2,59.0,8,August,26,Tuesday,41.513292433537835,2681.63,6229.08,10650.42,High
2025-08-26 20:51:42.868579048,Chennai,Fruits,Banana,370,289,81,32.7,61.07,40.8,315.0,8,August,26,Tuesday,21.891891891891895,2648.7000000000003,17649.23,22595.9,Medium
2025-08-27 08:32:58.919279520,Bangalore,Vegetables,Carrot,166,97,69,25.33,41.79,33.1,386.0,8,August,27,Wednesday,41.566265060240966,1747.77,4053.63,6937.139999999999,High
2025-08-27 20:14:14.969979984,Chennai,Vegetables,Carrot,186,121,65,99.9,198.91,39.4,450.0,8,August,27,Wednesday,34.946236559139784,6493.5,24068.11,36997.26,High
2025-08-28 07:55:31.020680448,Mumbai,Dairy,Butter,359,218,141,17.82,25.95,24.1,349.0,8,August,28,Thursday,39.27576601671309,2512.62,5657.099999999999,9316.05,High
2025-08-28 19:36:47.071380920,Hyderabad,Dairy,Butter,495,401,94,11.09,18.45,33.3,116.0,8,August,28,Thursday,18.98989898989899,1042.46,7398.45,9132.75,Medium
2025-08-29 07:18:03.122081384,Delhi,Vegetables,Spinach,431,328,103,41.49,72.16,37.3,263.0,8,August,29,Friday,23.897911832946637,4273.47,23668.48,31100.96,Medium
2025-08-29 18:59:19.172781856,Chennai,Vegetables,Tomato,190,167,23,55.29,74.5,35.9,275.0,8,August,29,Friday,12.105263157894736,1271.67,12441.5,14155.0,Low
2025-08-30 06:40:35.223482320,Bangalore,Vegetables,Spinach,349,238,111,48.39,93.02,38.6,82.0,8,August,30,Saturday,31.805157593123205,5371.29,22138.76,32463.98,High
2025-08-30 18:21:51.274182784,Delhi,Vegetables,Tomato,264,256,8,54.61,82.97,36.6,336.0,8,August,30,Saturday,3.0303030303030303,436.88,21240.32,21904.079999999998,Low
2025-08-31 06:03:07.324883256,Delhi,Vegetables,Tomato,271,160,111,66.11,116.75,24.7,237.0,8,August,31,Sunday,40.959409594095945,7338.21,18680.0,31639.25,High
2025-08-31 17:44:23.375583720,Mumbai,Fruits,Apple,299,237,62,32.69,52.89,28.5,120.0,8,August,31,Sunday,20.735785953177256,2026.7799999999997,12534.93,15814.11,Medium
2025-09-01 05:25:39.426284184,Hyderabad,Vegetables,Potato,142,85,57,48.35,72.59,23.5,351.0,9,September,1,Monday,40.140845070422536,2755.9500000000003,6170.150000000001,10307.78,High
2025-09-01 17:06:55.476984656,Mumbai,Dairy,Milk,419,281,138,78.46,128.4,40.5,388.0,9,September,1,Monday,32.93556085918855,10827.48,36080.4,53799.600000000006,High
2025-09-02 04:48:11.527685120,Chennai,Dairy,Butter,433,265,168,96.21,182.63,25.1,169.0,9,September,2,Tuesday,38.799076212471135,16163.279999999999,48396.95,79078.79,High
2025-09-02 16:29:27.578385592,Chennai,Bakery,Cake,257,232,25,32.79,48.34,33.0,454.0,9,September,2,Tuesday,9.72762645914397,819.75,11214.880000000001,12423.380000000001,Low
2025-09-03 04:10:43.629086056,Chennai,Bakery,Bread,184,146,38,58.43,113.08,38.6,108.0,9,September,3,Wednesday,20.652173913043477,2220.34,16509.68,20806.72,Medium
2025-09-03 15:51:59.679786520,Chennai,Vegetables,Spinach,243,222,21,20.0,29.9,37.0,496.0,9,September,3,Wednesday,8.641975308641975,420.0,6637.799999999999,7265.7,Low
2025-09-04 03:33:15.730486992,Delhi,Dairy,Cheese,215,143,72,24.72,39.68,30.0,328.0,9,September,4,Thursday,33.48837209302326,1779.84,5674.24,8531.2,High
2025-09-04 15:14:31.781187456,Mumbai,Prepared Food,Sandwich,408,319,89,40.74,80.47,31.2,299.0,9,September,4,Thursday,21.813725490196077,3625.86,25669.93,32831.76,Medium
2025-09-05 02:55:47.831887920,Bangalore,Vegetables,Spinach,210,196,14,21.39,34.94,36.8,281.0,9,September,5,Friday,6.666666666666667,299.46000000000004,6848.24,7337.4,Low
2025-09-05 14:37:03.882588392,Bangalore,Vegetables,Carrot,473,369,104,77.75,116.42,24.8,474.0,9,September,5,Friday,21.987315010570825,8086.0,42958.98,55066.66,Medium
2025-09-06 02:18:19.933288856,Chennai,Dairy,Butter,298,242,56,17.84,23.65,33.6,82.0,9,September,6,Saturday,18.79194630872483,999.04,5723.299999999999,7047.7,Medium
2025-09-06 13:59:35.983989328,Chennai,Vegetables,Spinach,466,419,47,38.26,62.05,25.2,73.0,9,September,6,Saturday,10.085836909871244,1798.2199999999998,25998.949999999997,28915.3,Low
2025-09-07 01:40:52.034689792,Mumbai,Dairy,Butter,387,256,131,58.08,109.73,32.8,484.0,9,September,7,Sunday,33.850129198966414,7608.48,28090.88,42465.51,High
2025-09-07 13:22:08.085390256,Mumbai,Vegetables,Spinach,265,206,59,80.2,141.68,26.8,382.0,9,September,7,Sunday,22.264150943396228,4731.8,29186.08,37545.200000000004,Medium
2025-09-08 01:03:24.136090728,Chennai,Prepared Food,Burger,404,390,14,61.61,116.91,25.3,74.0,9,September,8,Monday,3.4653465346534658,862.54,45594.9,47231.64,Low
2025-09-08 12:44:40.186791192,Delhi,Dairy,Butter,104,75,29,56.08,111.86,34.4,315.0,9,September,8,Monday,27.884615384615387,1626.32,8389.5,11633.44,Medium
2025-09-09 00:25:56.237491656,Chennai,Prepared Food,Rice Bowl,282,171,111,72.08,118.02,22.7,168.0,9,September,9,Tuesday,39.361702127659576,8000.88,20181.42,33281.64,High
2025-09-09 12:07:12.288192128,Delhi,Prepared Food,Pizza,332,275,57,55.52,103.93,38.9,423.0,9,September,9,Tuesday,17.16867469879518,3164.6400000000003,28580.750000000004,34504.76,Medium
2025-09-09 23:48:28.338892592,Mumbai,Vegetables,Potato,113,82,31,47.62,80.76,34.3,392.0,9,September,9,Tuesday,27.43362831858407,1476.22,6622.320000000001,9125.880000000001,Medium
2025-09-10 11:29:44.389593064,Chennai,Dairy,Yogurt,431,411,20,18.86,36.62,32.3,252.0,9,September,10,Wednesday,4.640371229698376,377.2,15050.82,15783.22,Low
2025-09-10 23:11:00.440293528,Bangalore,Fruits,Orange,402,315,87,25.26,47.29,40.5,394.0,9,September,10,Wednesday,21.641791044776117,2197.6200000000003,14896.35,19010.579999999998,Medium
2025-09-11 10:52:16.490993992,Delhi,Bakery,Bread,475,394,81,72.83,110.53,22.2,245.0,9,September,11,Thursday,17.05263157894737,5899.23,43548.82,52501.75,Medium
2025-09-11 22:33:32.541694464,Delhi,Dairy,Yogurt,330,296,34,22.6,34.48,32.7,136.0,9,September,11,Thursday,10.303030303030303,768.4000000000001,10206.08,11378.4,Low
2025-09-12 10:14:48.592394928,Delhi,Prepared Food,Pizza,485,406,79,40.47,53.19,28.0,97.0,9,September,12,Friday,16.288659793814432,3197.13,21595.14,25797.149999999998,Medium
2025-09-12 21:56:04.643095392,Chennai,Fruits,Banana,235,140,95,59.84,119.11,36.1,409.0,9,September,12,Friday,40.42553191489361,5684.8,16675.4,27990.85,High
2025-09-13 09:37:20.693795864,Hyderabad,Dairy,Butter,316,233,83,84.63,136.31,32.6,289.0,9,September,13,Saturday,26.265822784810126,7024.29,31760.23,43073.96,Medium
2025-09-13 21:18:36.744496328,Mumbai,Bakery,Croissant,392,239,153,84.52,119.19,33.1,136.0,9,September,13,Saturday,39.03061224489796,12931.56,28486.41,46722.479999999996,High
2025-09-14 08:59:52.795196800,Delhi,Bakery,Croissant,495,412,83,30.47,43.27,34.7,433.0,9,September,14,Sunday,16.767676767676768,2529.0099999999998,17827.24,21418.65,Medium
2025-09-14 20:41:08.845897264,Delhi,Dairy,Cheese,139,83,56,90.42,142.18,26.9,277.0,9,September,14,Sunday,40.28776978417266,5063.52,11800.94,19763.02,High
2025-09-15 08:22:24.896597728,Mumbai,Vegetables,Tomato,121,88,33,37.31,71.07,37.2,400.0,9,September,15,Monday,27.27272727272727,1231.23,6254.16,8599.47,Medium
2025-09-15 20:03:40.947298200,Bangalore,Prepared Food,Burger,183,179,4,45.87,65.09,36.8,215.0,9,September,15,Monday,2.185792349726776,183.48,11651.11,11911.470000000001,Low
2025-09-16 07:44:56.997998664,Delhi,Prepared Food,Rice Bowl,325,263,62,86.63,149.56,38.8,301.0,9,September,16,Tuesday,19.076923076923077,5371.0599999999995,39334.28,48607.0,Medium
2025-09-16 19:26:13.048699128,Mumbai,Fruits,Apple,349,343,6,79.76,148.56,31.7,215.0,9,September,16,Tuesday,1.7191977077363898,478.56000000000006,50956.08,51847.44,Low
2025-09-17 07:07:29.099399600,Hyderabad,Fruits,Orange,167,105,62,34.75,47.11,29.5,149.0,9,September,17,Wednesday,37.12574850299401,2154.5,4946.55,7867.37,High
2025-09-17 18:48:45.150100064,Chennai,Vegetables,Potato,234,135,99,39.95,73.05,34.3,257.0,9,September,17,Wednesday,42.30769230769231,3955.05,9861.75,17093.7,High
2025-09-18 06:30:01.200800528,Delhi,Dairy,Yogurt,479,340,139,85.21,151.82,31.3,468.0,9,September,18,Thursday,29.018789144050107,11844.189999999999,51618.799999999996,72721.78,Medium
2025-09-18 18:11:17.251501000,Mumbai,Bakery,Bread,163,92,71,52.89,79.72,31.3,390.0,9,September,18,Thursday,43.558282208588956,3755.19,7334.24,12994.36,High
2025-09-19 05:52:33.302201464,Chennai,Prepared Food,Rice Bowl,279,210,69,14.26,18.95,25.5,418.0,9,September,19,Friday,24.731182795698924,983.9399999999999,3979.5,5287.05,Medium
2025-09-19 17:33:49.352901936,Bangalore,Bakery,Croissant,169,108,61,57.89,91.56,23.6,118.0,9,September,19,Friday,36.09467455621302,3531.29,9888.48,15473.640000000001,High
2025-09-20 05:15:05.403602400,Hyderabad,Bakery,Cake,156,85,71,32.81,44.36,22.3,402.0,9,September,20,Saturday,45.51282051282051,2329.51,3770.6,6920.16,High
2025-09-20 16:56:21.454302864,Bangalore,Fruits,Orange,150,100,50,88.44,145.0,26.7,91.0,9,September,20,Saturday,33.33333333333333,4422.0,14500.0,21750.0,High
2025-09-21 04:37:37.505003336,Bangalore,Fruits,Apple,295,223,72,99.73,159.36,27.7,75.0,9,September,21,Sunday,24.40677966101695,7180.56,35537.280000000006,47011.200000000004,Medium
2025-09-21 16:18:53.555703800,Mumbai,Dairy,Cheese,364,260,104,50.88,91.77,22.4,130.0,9,September,21,Sunday,28.57142857142857,5291.52,23860.2,33404.28,Medium
2025-09-22 04:00:09.606404264,Bangalore,Prepared Food,Burger,420,388,32,38.47,76.3,25.7,221.0,9,September,22,Monday,7.6190476190476195,1231.04,29604.399999999998,32046.0,Low
2025-09-22 15:41:25.657104736,Bangalore,Bakery,Croissant,449,345,104,99.25,193.47,26.8,412.0,9,September,22,Monday,23.16258351893096,10322.0,66747.15,86868.03,Medium
2025-09-23 03:22:41.707805200,Hyderabad,Dairy,Cheese,344,334,10,94.75,170.34,26.5,148.0,9,September,23,Tuesday,2.9069767441860463,947.5,56893.56,58596.96,Low
2025-09-23 15:03:57.758505672,Delhi,Prepared Food,Burger,179,113,66,26.02,48.85,26.1,157.0,9,September,23,Tuesday,36.87150837988827,1717.32,5520.05,8744.15,High
2025-09-24 02:45:13.809206136,Bangalore,Fruits,Apple,308,254,54,69.41,130.86,35.8,317.0,9,September,24,Wednesday,17.532467532467532,3748.14,33238.44,40304.880000000005,Medium
2025-09-24 14:26:29.859906600,Chennai,Bakery,Bread,442,344,98,52.29,80.09,36.6,363.0,9,September,24,Wednesday,22.171945701357465,5124.42,27550.960000000003,35399.78,Medium
2025-09-25 02:07:45.910607072,Hyderabad,Prepared Food,Rice Bowl,217,123,94,82.22,109.27,28.3,173.0,9,September,25,Thursday,43.31797235023041,7728.68,13440.21,23711.59,High
2025-09-25 13:49:01.961307536,Bangalore,Dairy,Milk,251,241,10,56.19,107.35,26.4,300.0,9,September,25,Thursday,3.9840637450199203,561.9,25871.35,26944.85,Low
2025-09-26 01:30:18.012008000,Delhi,Vegetables,Potato,450,345,105,21.23,30.4,27.7,201.0,9,September,26,Friday,23.333333333333332,2229.15,10488.0,13680.0,Medium
2025-09-26 13:11:34.062708472,Hyderabad,Bakery,Bread,425,301,124,54.38,80.8,35.5,317.0,9,September,26,Friday,29.176470588235293,6743.12,24320.8,34340.0,Medium
2025-09-27 00:52:50.113408936,Hyderabad,Fruits,Mango,403,308,95,64.25,127.87,40.6,157.0,9,September,27,Saturday,23.573200992555833,6103.75,39383.96,51531.61,Medium
2025-09-27 12:34:06.164109408,Hyderabad,Dairy,Milk,266,190,76,96.48,185.73,35.8,417.0,9,September,27,Saturday,28.57142857142857,7332.4800000000005,35288.7,49404.18,Medium
2025-09-28 00:15:22.214809872,Delhi,Fruits,Banana,308,185,123,58.16,103.68,34.9,187.0,9,September,28,Sunday,39.935064935064936,7153.679999999999,19180.800000000003,31933.440000000002,High
2025-09-28 11:56:38.265510336,Mumbai,Vegetables,Tomato,253,193,60,39.06,63.94,33.6,109.0,9,September,28,Sunday,23.715415019762844,2343.6000000000004,12340.42,16176.82,Medium
2025-09-28 23:37:54.316210808,Bangalore,Dairy,Cheese,168,165,3,56.03,101.62,29.0,144.0,9,September,28,Sunday,1.7857142857142856,168.09,16767.3,17072.16,Low
2025-09-29 11:19:10.366911272,Chennai,Bakery,Bread,357,261,96,80.61,115.25,34.0,325.0,9,September,29,Monday,26.89075630252101,7738.5599999999995,30080.25,41144.25,Medium
2025-09-29 23:00:26.417611736,Chennai,Bakery,Donut,430,360,70,93.94,161.9,34.5,342.0,9,September,29,Monday,16.27906976744186,6575.8,58284.0,69617.0,Medium
2025-09-30 10:41:42.468312208,Bangalore,Dairy,Milk,374,244,130,29.71,48.95,26.1,428.0,9,September,30,Tuesday,34.75935828877005,3862.3,11943.800000000001,18307.3,High
2025-09-30 22:22:58.519012672,Hyderabad,Fruits,Mango,464,307,157,33.93,54.52,20.7,111.0,9,September,30,Tuesday,33.83620689655172,5327.01,16737.64,25297.280000000002,High
2025-10-01 10:04:14.569713144,Chennai,Fruits,Apple,119,67,52,59.14,101.32,40.6,446.0,10,October,1,Wednesday,43.69747899159664,3075.28,6788.44,12057.08,High
2025-10-01 21:45:30.620413608,Hyderabad,Fruits,Apple,460,370,90,26.31,46.58,30.1,169.0,10,October,1,Wednesday,19.565217391304348,2367.9,17234.6,21426.8,Medium
2025-10-02 09:26:46.671114072,Chennai,Fruits,Apple,432,237,195,83.28,160.96,20.3,229.0,10,October,2,Thursday,45.13888888888889,16239.6,38147.520000000004,69534.72,High
2025-10-02 21:08:02.721814544,Hyderabad,Dairy,Butter,225,128,97,18.4,33.44,41.1,372.0,10,October,2,Thursday,43.111111111111114,1784.8,4280.32,7523.999999999999,High
2025-10-03 08:49:18.772515008,Delhi,Bakery,Cake,497,384,113,56.1,88.81,23.6,116.0,10,October,3,Friday,22.736418511066397,6339.3,34103.04,44138.57,Medium
2025-10-03 20:30:34.823215472,Delhi,Fruits,Orange,424,242,182,94.78,127.48,28.9,337.0,10,October,3,Friday,42.924528301886795,17249.96,30850.16,54051.520000000004,High
2025-10-04 08:11:50.873915944,Mumbai,Fruits,Mango,438,309,129,86.19,119.74,22.0,404.0,10,October,4,Saturday,29.45205479452055,11118.51,36999.659999999996,52446.119999999995,Medium
2025-10-04 19:53:06.924616408,Chennai,Vegetables,Tomato,411,389,22,90.95,177.28,28.9,119.0,10,October,4,Saturday,5.35279805352798,2000.9,68961.92,72862.08,Low
2025-10-05 07:34:22.975316880,Hyderabad,Vegetables,Carrot,461,255,206,21.03,41.0,30.0,475.0,10,October,5,Sunday,44.68546637744035,4332.18,10455.0,18901.0,High
2025-10-05 19:15:39.026017344,Delhi,Fruits,Mango,494,366,128,54.66,97.46,27.4,62.0,10,October,5,Sunday,25.910931174089068,6996.48,35670.36,48145.24,Medium
2025-10-06 06:56:55.076717808,Delhi,Fruits,Orange,245,164,81,54.03,87.27,24.4,396.0,10,October,6,Monday,33.06122448979592,4376.43,14312.279999999999,21381.149999999998,High
2025-10-06 18:38:11.127418280,Delhi,Vegetables,Spinach,129,120,9,78.17,121.15,41.8,409.0,10,October,6,Monday,6.976744186046512,703.53,14538.0,15628.35,Low
2025-10-07 06:19:27.178118744,Chennai,Vegetables,Carrot,114,64,50,39.77,56.67,36.8,260.0,10,October,7,Tuesday,43.859649122807014,1988.5000000000002,3626.88,6460.38,High
2025-10-07 18:00:43.228819208,Chennai,Fruits,Mango,424,296,128,38.63,56.16,34.9,440.0,10,October,7,Tuesday,30.18867924528302,4944.64,16623.36,23811.84,High
2025-10-08 05:41:59.279519680,Hyderabad,Prepared Food,Burger,231,226,5,68.02,101.66,41.9,385.0,10,October,8,Wednesday,2.1645021645021645,340.09999999999997,22975.16,23483.46,Low
2025-10-08 17:23:15.330220144,Chennai,Prepared Food,Burger,339,247,92,17.93,33.93,36.1,53.0,10,October,8,Wednesday,27.13864306784661,1649.56,8380.71,11502.27,Medium
2025-10-09 05:04:31.380920608,Bangalore,Vegetables,Spinach,354,307,47,56.08,94.45,31.8,326.0,10,October,9,Thursday,13.27683615819209,2635.7599999999998,28996.15,33435.3,Low
2025-10-09 16:45:47.431621080,Chennai,Bakery,Bread,425,299,126,94.91,129.93,25.8,208.0,10,October,9,Thursday,29.64705882352941,11958.66,38849.07,55220.25,Medium
2025-10-10 04:27:03.482321544,Mumbai,Prepared Food,Pizza,171,155,16,22.51,33.24,36.1,66.0,10,October,10,Friday,9.35672514619883,360.16,5152.200000000001,5684.04,Low
2025-10-10 16:08:19.533022016,Chennai,Fruits,Mango,393,311,82,73.75,114.87,32.2,230.0,10,October,10,Friday,20.865139949109416,6047.5,35724.57,45143.91,Medium
2025-10-11 03:49:35.583722480,Hyderabad,Fruits,Mango,107,102,5,75.29,108.93,39.5,371.0,10,October,11,Saturday,4.672897196261682,376.45000000000005,11110.86,11655.51,Low
2025-10-11 15:30:51.634422944,Mumbai,Prepared Food,Sandwich,318,291,27,94.81,173.36,24.6,191.0,10,October,11,Saturday,8.49056603773585,2559.87,50447.76,55128.48,Low
2025-10-12 03:12:07.685123416,Mumbai,Bakery,Croissant,384,338,46,44.78,64.84,33.9,166.0,10,October,12,Sunday,11.979166666666668,2059.88,21915.920000000002,24898.56,Low
2025-10-12 14:53:23.735823880,Mumbai,Dairy,Cheese,231,182,49,58.74,111.04,36.8,267.0,10,October,12,Sunday,21.21212121212121,2878.26,20209.280000000002,25650.24,Medium
2025-10-13 02:34:39.786524344,Delhi,Fruits,Orange,228,181,47,68.61,130.32,22.5,267.0,10,October,13,Monday,20.614035087719298,3224.67,23587.92,29712.96,Medium
2025-10-13 14:15:55.837224816,Delhi,Bakery,Cake,152,140,12,56.19,96.09,24.0,299.0,10,October,13,Monday,7.894736842105263,674.28,13452.6,14605.68,Low
2025-10-14 01:57:11.887925280,Mumbai,Bakery,Cake,310,194,116,47.73,68.53,26.3,483.0,10,October,14,Tuesday,37.41935483870968,5536.679999999999,13294.82,21244.3,High
2025-10-14 13:38:27.938625752,Chennai,Dairy,Cheese,205,203,2,80.27,115.13,21.1,382.0,10,October,14,Tuesday,0.975609756097561,160.54,23371.39,23601.649999999998,Low
2025-10-15 01:19:43.989326216,Bangalore,Vegetables,Spinach,495,314,181,68.85,133.97,21.2,368.0,10,October,15,Wednesday,36.56565656565657,12461.849999999999,42066.58,66315.15,High
2025-10-15 13:01:00.040026680,Mumbai,Bakery,Croissant,236,167,69,43.83,73.39,39.3,249.0,10,October,15,Wednesday,29.23728813559322,3024.27,12256.13,17320.04,Medium
2025-10-16 00:42:16.090727152,Bangalore,Fruits,Apple,341,287,54,74.77,102.13,33.9,408.0,10,October,16,Thursday,15.835777126099707,4037.58,29311.309999999998,34826.33,Medium
2025-10-16 12:23:32.141427616,Mumbai,Bakery,Cake,468,260,208,53.95,70.99,35.1,140.0,10,October,16,Thursday,44.44444444444444,11221.6,18457.399999999998,33223.32,High
2025-10-17 00:04:48.192128080,Hyderabad,Fruits,Mango,237,178,59,46.65,68.23,31.8,358.0,10,October,17,Friday,24.894514767932492,2752.35,12144.94,16170.51,Medium
2025-10-17 11:46:04.242828552,Hyderabad,Vegetables,Tomato,119,113,6,15.34,23.22,39.7,318.0,10,October,17,Friday,5.042016806722689,92.03999999999999,2623.8599999999997,2763.18,Low
2025-10-17 23:27:20.293529016,Chennai,Fruits,Banana,426,366,60,29.18,50.52,28.3,318.0,10,October,17,Friday,14.084507042253522,1750.8,18490.32,21521.52,Low
2025-10-18 11:08:36.344229488,Delhi,Bakery,Bread,158,113,45,60.28,80.88,26.0,493.0,10,October,18,Saturday,28.48101265822785,2712.6,9139.439999999999,12779.039999999999,Medium
2025-10-18 22:49:52.394929952,Hyderabad,Fruits,Apple,153,128,25,61.85,110.56,23.6,487.0,10,October,18,Saturday,16.33986928104575,1546.25,14151.68,16915.68,Medium
2025-10-19 10:31:08.445630416,Delhi,Dairy,Yogurt,112,107,5,64.12,108.61,23.0,270.0,10,October,19,Sunday,4.464285714285714,320.6,11621.27,12164.32,Low
2025-10-19 22:12:24.496330888,Delhi,Vegetables,Tomato,363,348,15,49.42,76.53,21.6,315.0,10,October,19,Sunday,4.132231404958678,741.3000000000001,26632.44,27780.39,Low
2025-10-20 09:53:40.547031352,Chennai,Bakery,Croissant,318,254,64,99.12,134.12,34.6,85.0,10,October,20,Monday,20.125786163522015,6343.68,34066.48,42650.16,Medium
2025-10-20 21:34:56.597731816,Delhi,Bakery,Donut,445,375,70,33.28,59.93,35.9,374.0,10,October,20,Monday,15.730337078651685,2329.6,22473.75,26668.85,Medium
2025-10-21 09:16:12.648432288,Chennai,Prepared Food,Rice Bowl,171,141,30,89.56,129.4,40.2,257.0,10,October,21,Tuesday,17.543859649122805,2686.8,18245.4,22127.4,Medium
2025-10-21 20:57:28.699132752,Mumbai,Prepared Food,Burger,164,98,66,43.63,77.75,34.8,315.0,10,October,21,Tuesday,40.243902439024396,2879.5800000000004,7619.5,12751.0,High
2025-10-22 08:38:44.749833224,Mumbai,Bakery,Bread,442,353,89,10.51,15.03,22.2,345.0,10,October,22,Wednesday,20.13574660633484,935.39,5305.59,6643.259999999999,Medium
2025-10-22 20:20:00.800533688,Delhi,Vegetables,Carrot,338,253,85,25.24,47.51,32.6,482.0,10,October,22,Wednesday,25.14792899408284,2145.4,12020.029999999999,16058.38,Medium
2025-10-23 08:01:16.851234152,Chennai,Dairy,Yogurt,267,246,21,18.55,36.46,41.6,258.0,10,October,23,Thursday,7.865168539325842,389.55,8969.16,9734.82,Low
2025-10-23 19:42:32.901934624,Bangalore,Prepared Food,Sandwich,164,156,8,24.43,41.07,31.7,304.0,10,October,23,Thursday,4.878048780487805,195.44,6406.92,6735.4800000000005,Low
2025-10-24 07:23:48.952635088,Hyderabad,Dairy,Yogurt,308,252,56,52.25,94.27,31.6,495.0,10,October,24,Friday,18.181818181818183,2926.0,23756.039999999997,29035.16,Medium
2025-10-24 19:05:05.003335552,Chennai,Vegetables,Potato,146,143,3,70.46,95.28,30.1,253.0,10,October,24,Friday,2.054794520547945,211.38,13625.04,13910.880000000001,Low
2025-10-25 06:46:21.054036024,Bangalore,Vegetables,Spinach,456,306,150,95.42,129.27,40.5,206.0,10,October,25,Saturday,32.89473684210527,14313.0,39556.62,58947.12,High
2025-10-25 18:27:37.104736488,Hyderabad,Fruits,Orange,470,332,138,67.08,123.57,20.7,116.0,10,October,25,Saturday,29.361702127659573,9257.039999999999,41025.24,58077.899999999994,Medium
2025-10-26 06:08:53.155436960,Delhi,Prepared Food,Pizza,474,431,43,24.35,32.41,28.7,424.0,10,October,26,Sunday,9.071729957805907,1047.05,13968.71,15362.339999999998,Low
2025-10-26 17:50:09.206137424,Delhi,Dairy,Cheese,395,235,160,20.41,40.05,36.1,335.0,10,October,26,Sunday,40.50632911392405,3265.6,9411.75,15819.749999999998,High
2025-10-27 05:31:25.256837888,Chennai,Dairy,Milk,452,417,35,34.76,57.53,37.3,363.0,10,October,27,Monday,7.7433628318584065,1216.6,23990.010000000002,26003.56,Low
2025-10-27 17:12:41.307538360,Hyderabad,Vegetables,Spinach,258,152,106,58.06,90.89,27.5,338.0,10,October,27,Monday,41.08527131782946,6154.360000000001,13815.28,23449.62,High
2025-10-28 04:53:57.358238824,Delhi,Dairy,Cheese,267,210,57,84.23,133.21,22.3,307.0,10,October,28,Tuesday,21.34831460674157,4801.110000000001,27974.100000000002,35567.07,Medium
2025-10-28 16:35:13.408939288,Delhi,Bakery,Croissant,371,353,18,74.17,104.61,25.5,276.0,10,October,28,Tuesday,4.8517520215633425,1335.06,36927.33,38810.31,Low
2025-10-29 04:16:29.459639760,Chennai,Dairy,Cheese,233,194,39,23.01,32.07,40.8,109.0,10,October,29,Wednesday,16.738197424892704,897.3900000000001,6221.58,7472.31,Medium
2025-10-29 15:57:45.510340224,Delhi,Fruits,Banana,377,358,19,81.19,134.54,22.8,417.0,10,October,29,Wednesday,5.039787798408488,1542.61,48165.32,50721.579999999994,Low
2025-10-30 03:39:01.561040688,Chennai,Dairy,Milk,314,281,33,92.33,124.19,21.2,156.0,10,October,30,Thursday,10.509554140127388,3046.89,34897.39,38995.659999999996,Low
2025-10-30 15:20:17.611741160,Hyderabad,Prepared Food,Burger,295,200,95,80.91,118.09,30.8,474.0,10,October,30,Thursday,32.20338983050847,7686.45,23618.0,34836.55,High
2025-10-31 03:01:33.662441624,Bangalore,Prepared Food,Pizza,487,317,170,55.37,44.95,38.9,94.0,10,October,31,Friday,34.90759753593429,9412.9,14249.150000000001,21890.65,High
2025-10-31 14:42:49.713142096,Mumbai,Prepared Food,Burger,126,69,57,86.52,155.26,26.4,331.0,10,October,31,Friday,45.23809523809524,4931.639999999999,10712.939999999999,19562.76,High
2025-11-01 02:24:05.763842560,Delhi,Bakery,Donut,376,299,77,16.44,25.86,36.3,436.0,11,November,1,Saturday,20.47872340425532,1265.88,7732.139999999999,9723.36,Medium
2025-11-01 14:05:21.814543024,Hyderabad,Fruits,Orange,478,329,149,44.69,63.05,35.3,115.0,11,November,1,Saturday,31.171548117154813,6658.8099999999995,20743.45,30137.899999999998,High
2025-11-02 01:46:37.865243496,Bangalore,Fruits,Apple,166,159,7,94.27,123.77,29.6,227.0,11,November,2,Sunday,4.216867469879518,659.89,19679.43,20545.82,Low
2025-11-02 13:27:53.915943960,Hyderabad,Fruits,Mango,395,388,7,55.71,78.75,29.2,84.0,11,November,2,Sunday,1.7721518987341773,389.97,30555.0,31106.25,Low
2025-11-03 01:09:09.966644424,Chennai,Bakery,Bread,152,119,33,35.86,50.68,31.0,59.0,11,November,3,Monday,21.710526315789476,1183.3799999999999,6030.92,7703.36,Medium
2025-11-03 12:50:26.017344896,Bangalore,Prepared Food,Burger,274,255,19,91.19,177.11,40.5,55.0,11,November,3,Monday,6.934306569343065,1732.61,45163.05,48528.14000000001,Low
2025-11-04 00:31:42.068045360,Bangalore,Prepared Food,Rice Bowl,135,132,3,42.32,72.8,22.6,475.0,11,November,4,Tuesday,2.2222222222222223,126.96000000000001,9609.6,9828.0,Low
2025-11-04 12:12:58.118745832,Mumbai,Prepared Food,Burger,415,320,95,62.0,102.95,35.1,331.0,11,November,4,Tuesday,22.89156626506024,5890.0,32944.0,42724.25,Medium
2025-11-04 23:54:14.169446296,Bangalore,Prepared Food,Burger,274,257,17,16.19,26.8,27.2,328.0,11,November,4,Tuesday,6.204379562043796,275.23,6887.6,7343.2,Low
2025-11-05 11:35:30.220146760,Delhi,Prepared Food,Rice Bowl,497,292,205,11.86,23.41,30.2,273.0,11,November,5,Wednesday,41.24748490945674,2431.2999999999997,6835.72,11634.77,High
2025-11-05 23:16:46.270847232,Bangalore,Fruits,Apple,340,221,119,49.48,77.95,38.6,262.0,11,November,5,Wednesday,35.0,5888.12,17226.95,26503.0,High
2025-11-06 10:58:02.321547696,Mumbai,Dairy,Yogurt,139,79,60,76.92,128.64,37.8,466.0,11,November,6,Thursday,43.16546762589928,4615.2,10162.56,17880.96,High
2025-11-06 22:39:18.372248160,Delhi,Prepared Food,Burger,475,399,76,92.05,152.02,41.2,381.0,11,November,6,Thursday,16.0,6995.8,60655.98,72209.5,Medium
2025-11-07 10:20:34.422948632,Bangalore,Bakery,Cake,251,198,53,22.68,32.94,34.2,177.0,11,November,7,Friday,21.115537848605577,1202.04,6522.12,8267.939999999999,Medium
2025-11-07 22:01:50.473649096,Bangalore,Dairy,Milk,456,255,201,29.36,43.76,23.7,444.0,11,November,7,Friday,44.07894736842105,5901.36,11158.8,19954.559999999998,High
2025-11-08 09:43:06.524349568,Chennai,Vegetables,Potato,384,284,100,74.27,134.81,23.0,427.0,11,November,8,Saturday,26.041666666666668,7427.0,38286.04,51767.04,Medium
2025-11-08 21:24:22.575050032,Hyderabad,Vegetables,Spinach,125,73,52,21.78,35.29,25.9,112.0,11,November,8,Saturday,41.6,1132.56,2576.17,4411.25,High
2025-11-09 09:05:38.625750496,Chennai,Vegetables,Spinach,489,286,203,64.42,114.7,20.4,304.0,11,November,9,Sunday,41.513292433537835,13077.26,32804.200000000004,56088.3,High
2025-11-09 20:46:54.676450968,Delhi,Fruits,Banana,303,245,58,69.34,107.09,34.7,432.0,11,November,9,Sunday,19.141914191419144,4021.7200000000003,26237.05,32448.27,Medium
2025-11-10 08:28:10.727151432,Delhi,Prepared Food,Rice Bowl,264,258,6,19.58,32.2,36.9,245.0,11,November,10,Monday,2.272727272727273,117.47999999999999,8307.6,8500.800000000001,Low
2025-11-10 20:09:26.777851896,Bangalore,Vegetables,Carrot,417,229,188,16.29,28.48,40.7,108.0,11,November,10,Monday,45.08393285371702,3062.52,6521.92,11876.16,High
2025-11-11 07:50:42.828552368,Hyderabad,Bakery,Donut,498,338,160,41.99,78.7,21.0,230.0,11,November,11,Tuesday,32.1285140562249,6718.400000000001,26600.600000000002,39192.6,High
2025-11-11 19:31:58.879252832,Mumbai,Vegetables,Carrot,171,127,44,25.81,41.17,37.5,464.0,11,November,11,Tuesday,25.730994152046783,1135.6399999999999,5228.59,7040.070000000001,Medium
2025-11-12 07:13:14.929953304,Delhi,Dairy,Butter,344,311,33,19.59,37.89,20.9,453.0,11,November,12,Wednesday,9.593023255813954,646.47,11783.79,13034.16,Low
2025-11-12 18:54:30.980653768,Delhi,Prepared Food,Rice Bowl,149,100,49,69.3,121.48,20.7,306.0,11,November,12,Wednesday,32.88590604026846,3395.7,12148.0,18100.52,High
2025-11-13 06:35:47.031354232,Hyderabad,Bakery,Bread,439,285,154,62.61,83.06,30.7,133.0,11,November,13,Thursday,35.079726651480634,9641.94,23672.100000000002,36463.340000000004,High
2025-11-13 18:17:03.082054704,Delhi,Vegetables,Tomato,348,195,153,47.33,92.35,37.3,271.0,11,November,13,Thursday,43.96551724137931,7241.49,18008.25,32137.8,High
2025-11-14 05:58:19.132755168,Hyderabad,Vegetables,Potato,295,186,109,81.07,147.32,33.8,245.0,11,November,14,Friday,36.94915254237288,8836.63,27401.52,43459.4,High
2025-11-14 17:39:35.183455632,Hyderabad,Dairy,Yogurt,241,213,28,32.67,60.25,41.1,264.0,11,November,14,Friday,11.618257261410788,914.76,12833.25,14520.25,Low
2025-11-15 05:20:51.234156104,Mumbai,Vegetables,Tomato,189,106,83,34.72,60.9,35.9,431.0,11,November,15,Saturday,43.91534391534391,2881.7599999999998,6455.4,11510.1,High
2025-11-15 17:02:07.284856568,Delhi,Fruits,Apple,117,107,10,45.82,71.25,20.3,128.0,11,November,15,Saturday,8.547008547008547,458.2,7623.75,8336.25,Low
2025-11-16 04:43:23.335557040,Chennai,Vegetables,Tomato,205,133,72,20.7,27.13,39.6,135.0,11,November,16,Sunday,35.12195121951219,1490.3999999999999,3608.29,5561.65,High
2025-11-16 16:24:39.386257504,Bangalore,Fruits,Orange,273,201,72,84.1,149.4,37.4,422.0,11,November,16,Sunday,26.373626373626376,6055.2,30029.4,40786.200000000004,Medium
2025-11-17 04:05:55.436957968,Mumbai,Bakery,Bread,284,226,58,91.36,152.51,36.2,95.0,11,November,17,Monday,20.422535211267608,5298.88,34467.259999999995,43312.84,Medium
2025-11-17 15:47:11.487658440,Bangalore,Prepared Food,Sandwich,226,193,33,46.03,71.65,32.3,311.0,11,November,17,Monday,14.601769911504425,1518.99,13828.45,16192.900000000001,Low
2025-11-18 03:28:27.538358904,Hyderabad,Vegetables,Potato,136,87,49,40.16,53.18,26.3,156.0,11,November,18,Tuesday,36.029411764705884,1967.84,4626.66,7232.48,High
2025-11-18 15:09:43.589059368,Bangalore,Vegetables,Potato,412,308,104,62.18,88.31,25.8,264.0,11,November,18,Tuesday,25.24271844660194,6466.72,27199.48,36383.72,Medium
2025-11-19 02:50:59.639759840,Bangalore,Bakery,Donut,388,300,88,59.93,95.65,32.4,176.0,11,November,19,Wednesday,22.68041237113402,5273.84,28695.0,37112.200000000004,Medium
2025-11-19 14:32:15.690460304,Mumbai,Prepared Food,Burger,179,110,69,90.22,168.05,24.0,136.0,11,November,19,Wednesday,38.547486033519554,6225.18,18485.5,30080.95,High
2025-11-20 02:13:31.741160768,Bangalore,Prepared Food,Burger,383,289,94,81.47,161.17,32.6,331.0,11,November,20,Thursday,24.54308093994778,7658.18,46578.13,61728.10999999999,Medium
2025-11-20 13:54:47.791861240,Chennai,Vegetables,Tomato,263,152,111,43.57,61.18,32.3,234.0,11,November,20,Thursday,42.20532319391635,4836.27,9299.36,16090.34,High
2025-11-21 01:36:03.842561704,Hyderabad,Fruits,Banana,409,339,70,25.17,33.26,27.2,322.0,11,November,21,Friday,17.114914425427873,1761.9,11275.14,13603.339999999998,Medium
2025-11-21 13:17:19.893262176,Hyderabad,Fruits,Banana,285,233,52,21.03,30.46,20.6,419.0,11,November,21,Friday,18.24561403508772,1093.56,7097.18,8681.1,Medium
2025-11-22 00:58:35.943962640,Hyderabad,Prepared Food,Rice Bowl,267,242,25,65.27,109.15,22.0,205.0,11,November,22,Saturday,9.363295880149813,1631.75,26414.300000000003,29143.050000000003,Low
2025-11-22 12:39:51.994663104,Hyderabad,Dairy,Yogurt,140,124,16,90.41,169.63,22.3,177.0,11,November,22,Saturday,11.428571428571429,1446.56,21034.12,23748.2,Low
2025-11-23 00:21:08.045363576,Delhi,Dairy,Yogurt,354,223,131,65.79,89.34,38.1,127.0,11,November,23,Sunday,37.005649717514125,8618.490000000002,19922.82,31626.36,High
2025-11-23 12:02:24.096064040,Chennai,Bakery,Donut,387,235,152,69.52,104.46,25.6,102.0,11,November,23,Sunday,39.276485788113696,10567.039999999999,24548.1,40426.02,High
2025-11-23 23:43:40.146764504,Bangalore,Vegetables,Potato,383,259,124,49.61,82.29,34.8,96.0,11,November,23,Sunday,32.375979112271544,6151.64,21313.11,31517.070000000003,High
2025-11-24 11:24:56.197464976,Bangalore,Dairy,Butter,191,188,3,38.66,69.83,37.6,346.0,11,November,24,Monday,1.5706806282722512,115.97999999999999,13128.039999999999,13337.529999999999,Low
2025-11-24 23:06:12.248165440,Chennai,Vegetables,Carrot,437,416,21,79.29,150.67,20.0,77.0,11,November,24,Monday,4.805491990846682,1665.0900000000001,62678.719999999994,65842.79,Low
2025-11-25 10:47:28.298865912,Chennai,Vegetables,Tomato,469,450,19,77.47,108.08,21.5,476.0,11,November,25,Tuesday,4.051172707889126,1471.93,48636.0,50689.52,Low
2025-11-25 22:28:44.349566376,Hyderabad,Fruits,Banana,264,215,49,26.76,43.88,38.3,336.0,11,November,25,Tuesday,18.560606060606062,1311.24,9434.2,11584.320000000002,Medium
2025-11-26 10:10:00.400266840,Delhi,Fruits,Mango,447,426,21,91.88,175.42,32.3,465.0,11,November,26,Wednesday,4.697986577181208,1929.48,74728.92,78412.73999999999,Low
2025-11-26 21:51:16.450967312,Hyderabad,Bakery,Croissant,141,105,36,91.55,172.53,23.2,490.0,11,November,26,Wednesday,25.53191489361702,3295.7999999999997,18115.65,24326.73,Medium
2025-11-27 09:32:32.501667776,Chennai,Dairy,Milk,288,261,27,71.82,130.7,24.0,63.0,11,November,27,Thursday,9.375,1939.1399999999999,34112.7,37641.6,Low
2025-11-27 21:13:48.552368240,Mumbai,Fruits,Orange,258,250,8,12.89,22.57,36.8,97.0,11,November,27,Thursday,3.10077519379845,103.12,5642.5,5823.06,Low
2025-11-28 08:55:04.603068712,Delhi,Bakery,Croissant,401,381,20,55.29,72.42,20.2,87.0,11,November,28,Friday,4.987531172069826,1105.8,27592.02,29040.420000000002,Low
2025-11-28 20:36:20.653769176,Bangalore,Prepared Food,Rice Bowl,235,231,4,91.84,119.92,36.2,449.0,11,November,28,Friday,1.702127659574468,367.36,27701.52,28181.2,Low
2025-11-29 08:17:36.704469648,Delhi,Bakery,Bread,318,237,81,65.46,127.99,41.1,132.0,11,November,29,Saturday,25.471698113207548,5302.259999999999,30333.629999999997,40700.82,Medium
2025-11-29 19:58:52.755170112,Hyderabad,Fruits,Apple,311,200,111,88.01,146.4,41.9,370.0,11,November,29,Saturday,35.69131832797427,9769.11,29280.0,45530.4,High
2025-11-30 07:40:08.805870576,Bangalore,Fruits,Banana,450,318,132,52.24,72.18,28.1,88.0,11,November,30,Sunday,29.333333333333332,6895.68,22953.24,32481.000000000004,Medium
2025-11-30 19:21:24.856571048,Delhi,Vegetables,Carrot,220,200,20,89.64,160.43,30.2,325.0,11,November,30,Sunday,9.090909090909092,1792.8,32086.0,35294.6,Low
2025-12-01 07:02:40.907271512,Bangalore,Vegetables,Potato,208,167,41,57.41,87.36,25.7,301.0,12,December,1,Monday,19.71153846153846,2353.81,14589.12,18170.88,Medium
2025-12-01 18:43:56.957971976,Mumbai,Prepared Food,Sandwich,306,183,123,71.31,130.25,31.1,352.0,12,December,1,Monday,40.19607843137255,8771.130000000001,23835.75,39856.5,High
2025-12-02 06:25:13.008672448,Chennai,Fruits,Apple,477,315,162,17.81,27.35,22.8,280.0,12,December,2,Tuesday,33.9622641509434,2885.22,8615.25,13045.95,High
2025-12-02 18:06:29.059372912,Mumbai,Vegetables,Potato,362,329,33,33.33,64.53,20.5,365.0,12,December,2,Tuesday,9.116022099447514,1099.8899999999999,21230.37,23359.86,Low
2025-12-03 05:47:45.110073384,Delhi,Bakery,Cake,470,447,23,30.43,44.27,23.6,173.0,12,December,3,Wednesday,4.8936170212765955,699.89,19788.690000000002,20806.9,Low
2025-12-03 17:29:01.160773848,Mumbai,Vegetables,Tomato,465,434,31,44.45,76.12,35.9,98.0,12,December,3,Wednesday,6.666666666666667,1377.95,33036.08,35395.8,Low
2025-12-04 05:10:17.211474312,Bangalore,Vegetables,Tomato,215,140,75,65.58,130.31,27.4,231.0,12,December,4,Thursday,34.883720930232556,4918.5,18243.4,28016.65,High
2025-12-04 16:51:33.262174784,Delhi,Vegetables,Potato,122,107,15,70.77,123.37,30.2,478.0,12,December,4,Thursday,12.295081967213115,1061.55,13200.59,15051.140000000001,Low
2025-12-05 04:32:49.312875248,Mumbai,Fruits,Banana,220,198,22,32.73,57.88,36.4,492.0,12,December,5,Friday,10.0,720.06,11460.24,12733.6,Low
2025-12-05 16:14:05.363575712,Delhi,Prepared Food,Burger,126,70,56,32.44,62.4,35.8,432.0,12,December,5,Friday,44.44444444444444,1816.6399999999999,4368.0,7862.4,High
2025-12-06 03:55:21.414276184,Bangalore,Prepared Food,Sandwich,155,112,43,49.13,70.77,22.4,424.0,12,December,6,Saturday,27.741935483870968,2112.59,7926.24,10969.349999999999,Medium
2025-12-06 15:36:37.464976648,Delhi,Vegetables,Tomato,359,354,5,84.46,149.92,21.4,56.0,12,December,6,Saturday,1.392757660167131,422.29999999999995,53071.67999999999,53821.28,Low
2025-12-07 03:17:53.515677120,Chennai,Dairy,Milk,271,161,110,66.24,122.27,37.2,76.0,12,December,7,Sunday,40.59040590405904,7286.4,19685.47,33135.17,High
2025-12-07 14:59:09.566377584,Delhi,Bakery,Donut,376,223,153,25.97,42.44,30.9,265.0,12,December,7,Sunday,40.691489361702125,3973.41,9464.119999999999,15957.439999999999,High
2025-12-08 02:40:25.617078048,Delhi,Vegetables,Tomato,473,403,70,49.08,68.31,30.0,189.0,12,December,8,Monday,14.799154334038056,3435.6,27528.93,32310.63,Low
2025-12-08 14:21:41.667778520,Mumbai,Fruits,Mango,347,316,31,70.7,111.93,29.8,57.0,12,December,8,Monday,8.93371757925072,2191.7000000000003,35369.880000000005,38839.71,Low
2025-12-09 02:02:57.718478984,Mumbai,Bakery,Cake,297,256,41,26.59,35.77,36.8,427.0,12,December,9,Tuesday,13.804713804713806,1090.19,9157.12,10623.69,Low
2025-12-09 13:44:13.769179448,Bangalore,Fruits,Mango,214,155,59,58.47,86.26,39.6,88.0,12,December,9,Tuesday,27.570093457943923,3449.73,13370.300000000001,18459.64,Medium
2025-12-10 01:25:29.819879920,Mumbai,Vegetables,Carrot,146,115,31,11.21,17.89,24.1,454.0,12,December,10,Wednesday,21.232876712328768,347.51000000000005,2057.35,2611.94,Medium
2025-12-10 13:06:45.870580384,Bangalore,Bakery,Donut,107,105,2,51.48,93.72,41.7,204.0,12,December,10,Wednesday,1.8691588785046727,102.96,9840.6,10028.039999999999,Low
2025-12-11 00:48:01.921280848,Mumbai,Fruits,Orange,405,400,5,63.81,92.41,38.7,161.0,12,December,11,Thursday,1.2345679012345678,319.05,36964.0,37426.049999999996,Low
2025-12-11 12:29:17.971981320,Hyderabad,Prepared Food,Burger,171,104,67,68.01,123.09,30.5,485.0,12,December,11,Thursday,39.1812865497076,4556.67,12801.36,21048.39,High
2025-12-12 00:10:34.022681784,Bangalore,Bakery,Cake,321,252,69,97.88,175.22,31.1,389.0,12,December,12,Friday,21.49532710280374,6753.719999999999,44155.44,56245.62,Medium
2025-12-12 11:51:50.073382256,Bangalore,Bakery,Bread,178,119,59,35.47,52.03,39.3,313.0,12,December,12,Friday,33.146067415730336,2092.73,6191.57,9261.34,High
2025-12-12 23:33:06.124082720,Bangalore,Prepared Food,Rice Bowl,332,294,38,81.14,116.49,25.8,229.0,12,December,12,Friday,11.44578313253012,3083.32,34248.06,38674.68,Low
2025-12-13 11:14:22.174783184,Mumbai,Prepared Food,Rice Bowl,274,272,2,50.66,100.21,21.8,302.0,12,December,13,Saturday,0.7299270072992701,101.32,27257.12,27457.539999999997,Low
2025-12-13 22:55:38.225483656,Hyderabad,Dairy,Butter,380,235,145,42.85,63.91,31.1,156.0,12,December,13,Saturday,38.15789473684211,6213.25,15018.849999999999,24285.8,High
2025-12-14 10:36:54.276184120,Hyderabad,Vegetables,Carrot,258,149,109,24.41,45.19,41.7,433.0,12,December,14,Sunday,42.248062015503876,2660.69,6733.3099999999995,11659.019999999999,High
2025-12-14 22:18:10.326884584,Chennai,Dairy,Cheese,379,251,128,46.26,90.42,20.3,361.0,12,December,14,Sunday,33.773087071240106,5921.28,22695.420000000002,34269.18,High
2025-12-15 09:59:26.377585056,Mumbai,Fruits,Orange,180,111,69,71.21,125.92,40.7,375.0,12,December,15,Monday,38.333333333333336,4913.49,13977.12,22665.6,High
2025-12-15 21:40:42.428285520,Delhi,Vegetables,Carrot,290,259,31,45.82,69.51,29.9,269.0,12,December,15,Monday,10.689655172413794,1420.42,18003.09,20157.9,Low
2025-12-16 09:21:58.478985992,Mumbai,Fruits,Banana,232,231,1,93.0,152.16,33.7,283.0,12,December,16,Tuesday,0.43103448275862066,93.0,35148.96,35301.12,Low
2025-12-16 21:03:14.529686456,Delhi,Prepared Food,Rice Bowl,339,243,96,43.73,85.18,38.2,126.0,12,December,16,Tuesday,28.31858407079646,4198.08,20698.74,28876.020000000004,Medium
2025-12-17 08:44:30.580386920,Chennai,Bakery,Bread,361,220,141,96.0,169.67,21.3,464.0,12,December,17,Wednesday,39.05817174515235,13536.0,37327.399999999994,61250.869999999995,High
2025-12-17 20:25:46.631087392,Delhi,Fruits,Apple,152,118,34,58.98,83.05,25.5,320.0,12,December,17,Wednesday,22.36842105263158,2005.32,9799.9,12623.6,Medium
2025-12-18 08:07:02.681787856,Mumbai,Fruits,Mango,385,276,109,74.21,96.66,21.0,270.0,12,December,18,Thursday,28.31168831168831,8088.889999999999,26678.16,37214.1,Medium
2025-12-18 19:48:18.732488320,Delhi,Prepared Food,Sandwich,495,353,142,35.31,69.47,21.2,489.0,12,December,18,Thursday,28.68686868686869,5014.02,24522.91,34387.65,Medium
2025-12-19 07:29:34.783188792,Bangalore,Fruits,Mango,207,145,62,27.17,45.84,25.6,127.0,12,December,19,Friday,29.951690821256037,1684.5400000000002,6646.8,9488.880000000001,Medium
2025-12-19 19:10:50.833889256,Bangalore,Bakery,Cake,458,340,118,47.27,69.15,30.8,198.0,12,December,19,Friday,25.76419213973799,5577.860000000001,23511.000000000004,31670.700000000004,Medium
2025-12-20 06:52:06.884589728,Delhi,Dairy,Cheese,477,402,75,18.01,32.16,23.7,416.0,12,December,20,Saturday,15.723270440251572,1350.7500000000002,12928.319999999998,15340.319999999998,Medium
2025-12-20 18:33:22.935290192,Delhi,Bakery,Cake,183,129,54,46.22,84.01,41.3,106.0,12,December,20,Saturday,29.508196721311474,2495.88,10837.29,15373.830000000002,Medium
2025-12-21 06:14:38.985990656,Hyderabad,Dairy,Butter,197,123,74,53.93,105.12,31.5,115.0,12,December,21,Sunday,37.56345177664975,3990.82,12929.76,20708.64,High
2025-12-21 17:55:55.036691128,Delhi,Vegetables,Tomato,478,467,11,83.9,134.65,21.6,151.0,12,December,21,Sunday,2.301255230125523,922.9000000000001,62881.55,64362.700000000004,Low
2025-12-22 05:37:11.087391592,Delhi,Dairy,Butter,362,356,6,89.9,177.14,39.1,210.0,12,December,22,Monday,1.6574585635359116,539.4000000000001,63061.84,64124.67999999999,Low
2025-12-22 17:18:27.138092056,Delhi,Dairy,Milk,199,146,53,82.73,114.76,41.4,55.0,12,December,22,Monday,26.633165829145728,4384.6900000000005,16754.96,22837.24,Medium
2025-12-23 04:59:43.188792528,Delhi,Bakery,Croissant,486,309,177,54.42,77.54,31.3,203.0,12,December,23,Tuesday,36.41975308641975,9632.34,23959.86,37684.44,High
2025-12-23 16:40:59.239492992,Bangalore,Fruits,Mango,244,168,76,73.72,108.95,39.0,70.0,12,December,23,Tuesday,31.147540983606557,5602.72,18303.600000000002,26583.8,High
2025-12-24 04:22:15.290193464,Chennai,Fruits,Mango,440,429,11,61.22,90.13,30.9,422.0,12,December,24,Wednesday,2.5,673.42,38665.77,39657.2,Low
2025-12-24 16:03:31.340893928,Delhi,Dairy,Milk,325,251,74,39.97,63.15,29.3,273.0,12,December,24,Wednesday,22.76923076923077,2957.7799999999997,15850.65,20523.75,Medium
2025-12-25 03:44:47.391594392,Delhi,Bakery,Cake,284,230,54,23.78,35.4,33.0,89.0,12,December,25,Thursday,19.014084507042252,1284.1200000000001,8142.0,10053.6,Medium
2025-12-25 15:26:03.442294864,Delhi,Bakery,Croissant,208,178,30,35.98,70.4,38.2,435.0,12,December,25,Thursday,14.423076923076922,1079.3999999999999,12531.2,14643.2,Low
2025-12-26 03:07:19.492995328,Delhi,Vegetables,Potato,190,109,81,26.87,43.36,33.2,399.0,12,December,26,Friday,42.63157894736842,2176.4700000000003,4726.24,8238.4,High
2025-12-26 14:48:35.543695792,Chennai,Prepared Food,Rice Bowl,286,199,87,86.22,134.8,26.5,172.0,12,December,26,Friday,30.419580419580424,7501.14,26825.2,38552.8,High
2025-12-27 02:29:51.594396264,Hyderabad,Prepared Food,Burger,366,357,9,91.71,142.54,26.3,472.0,12,December,27,Saturday,2.459016393442623,825.39,50886.78,52169.64,Low
2025-12-27 14:11:07.645096728,Delhi,Dairy,Yogurt,288,279,9,78.36,148.66,41.4,185.0,12,December,27,Saturday,3.125,705.24,41476.14,42814.08,Low
2025-12-28 01:52:23.695797200,Mumbai,Fruits,Orange,219,165,54,52.84,105.45,36.0,136.0,12,December,28,Sunday,24.65753424657534,2853.36,17399.25,23093.55,Medium
2025-12-28 13:33:39.746497664,Hyderabad,Fruits,Apple,365,273,92,51.32,75.76,28.1,474.0,12,December,28,Sunday,25.205479452054796,4721.44,20682.480000000003,27652.4,Medium
2025-12-29 01:14:55.797198128,Chennai,Prepared Food,Rice Bowl,241,232,9,97.66,189.27,23.6,488.0,12,December,29,Monday,3.7344398340248963,878.9399999999999,43910.64,45614.07,Low
2025-12-29 12:56:11.847898600,Mumbai,Bakery,Donut,389,262,127,66.08,124.78,35.0,356.0,12,December,29,Monday,32.64781491002571,8392.16,32692.36,48539.42,High
2025-12-30 00:37:27.898599064,Hyderabad,Fruits,Banana,473,415,58,54.89,108.19,36.2,484.0,12,December,30,Tuesday,12.26215644820296,3183.62,44898.85,51173.869999999995,Low
2025-12-30 12:18:43.949299528,Mumbai,Prepared Food,Pizza,168,149,19,85.23,159.4,31.7,323.0,12,December,30,Tuesday,11.30952380952381,1619.3700000000001,23750.600000000002,26779.2,Low
2025-12-31 00:00:00.000000000,Delhi,Dairy,Yogurt,468,468,0,64.01,115.07,26.7,305.0,12,December,31,Wednesday,0.0,0.0,53852.759999999995,53852.759999999995,Low
