Date,Location,Food_Category,Food_Item,Quantity_Produced,Quantity_Sold,Quantity_Wasted,Cost_Per_Unit,Revenue_Per_Unit,Temperature,Customers
2024-01-01 00:00:00.000000000,Mumbai,Vegetables,Tomato,171,154,17,63.72,102.72,22.2,137.0
2024-01-01 11:41:16.050700466,Mumbai,Prepared Food,Burger,249,188,61,97.29,183.17,24.7,241.0
2024-01-01 23:22:32.101400933,Hyderabad,Vegetables,Tomato,413,248,165,10.64,14.0,31.5,219.0
2024-01-02 11:03:48.152101400,Mumbai,Vegetables,Spinach,463,308,155,98.49,160.22,38.9,184.0
2024-01-02 22:45:04.202801867,Bangalore,Prepared Food,Rice Bowl,487,355,132,96.91,180.82,26.7,102.0
2024-01-03 10:26:20.253502334,Delhi,Dairy,Butter,466,443,23,20.98,34.55,20.8,255.0
2024-01-03 22:07:36.304202801,Bangalore,Bakery,Donut,459,383,76,38.05,63.32,32.0,359.0
2024-01-04 09:48:52.354903268,Bangalore,Prepared Food,Pizza,317,217,100,94.55,182.14,33.2,353.0
2024-01-04 21:30:08.405603735,Chennai,Vegetables,Tomato,307,249,58,58.57,100.2,41.2,237.0
2024-01-05 09:11:24.456304202,Hyderabad,Vegetables,Tomato,256,154,102,24.87,32.6,29.3,178.0
2024-01-05 20:52:40.507004669,Mumbai,Vegetables,Spinach,180,106,74,,139.11,21.6,280.0
2024-01-06 08:33:56.557705136,Delhi,Dairy,Milk,234,200,34,66.1,101.24,21.4,456.0
2024-01-06 20:15:12.608405603,Delhi,Prepared Food,Pizza,459,286,173,52.5,72.65,35.7,306.0
2024-01-07 07:56:28.659106070,Mumbai,Prepared Food,Sandwich,492,476,16,48.48,63.89,22.4,112.0
2024-01-07 19:37:44.709806537,Chennai,Bakery,Donut,195,110,85,91.68,135.18,29.0,220.0
2024-01-08 07:19:00.760507004,Chennai,Prepared Food,Burger,259,212,47,36.08,50.98,40.5,94.0
2024-01-08 19:00:16.811207471,Delhi,Bakery,Bread,127,112,15,26.79,51.57,31.9,397.0
2024-01-09 06:41:32.861907938,Hyderabad,Bakery,Croissant,484,386,98,68.29,88.8,27.8,308.0
2024-01-09 18:22:48.912608405,Chennai,Fruits,Apple,324,228,96,34.25,50.38,23.7,209.0
2024-01-10 06:04:04.963308872,Hyderabad,Bakery,Donut,417,414,3,96.62,142.64,30.9,162.0
2024-01-10 17:45:21.014009339,Hyderabad,Prepared Food,Rice Bowl,286,269,17,97.9,155.44,20.7,273.0
2024-01-11 05:26:37.064709806,Mumbai,Bakery,Bread,225,124,101,57.78,93.23,32.2,296.0
2024-01-11 17:07:53.115410273,Mumbai,Vegetables,Carrot,283,277,6,31.79,59.2,30.3,147.0
2024-01-12 04:49:09.166110740,Hyderabad,Fruits,Orange,300,288,12,55.74,99.61,38.9,301.0
2024-01-12 16:30:25.216811207,Mumbai,Fruits,Mango,445,438,7,82.86,127.94,22.1,466.0
2024-01-13 04:11:41.267511674,Hyderabad,Dairy,Butter,366,351,15,58.73,104.95,25.0,193.0
2024-01-13 15:52:57.318212141,Hyderabad,Dairy,Butter,159,88,71,99.66,196.91,32.3,209.0
2024-01-14 03:34:13.368912608,Hyderabad,Fruits,Orange,332,280,52,73.03,138.22,38.8,103.0
2024-01-14 15:15:29.419613075,Delhi,Bakery,Donut,174,166,8,80.68,142.67,32.8,161.0
2024-01-15 02:56:45.470313542,Hyderabad,Bakery,Croissant,448,391,57,24.47,41.21,35.2,257.0
2024-01-15 14:38:01.521014009,Delhi,Prepared Food,Rice Bowl,260,210,50,31.35,47.9,36.4,433.0
2024-01-16 02:19:17.571714476,Hyderabad,Fruits,Apple,275,226,49,55.79,97.38,25.5,207.0
2024-01-16 14:00:33.622414943,Mumbai,Prepared Food,Pizza,126,102,24,41.51,72.71,34.7,366.0
2024-01-17 01:41:49.673115410,Mumbai,Fruits,Mango,291,208,83,13.92,27.79,30.3,95.0
2024-01-17 13:23:05.723815877,Mumbai,Prepared Food,Sandwich,479,299,180,93.55,149.65,41.3,148.0
2024-01-18 01:04:21.774516344,Delhi,Vegetables,Tomato,290,225,65,25.25,42.67,40.6,107.0
2024-01-18 12:45:37.825216811,Bangalore,Fruits,Mango,387,386,1,99.1,138.55,31.4,435.0
2024-01-19 00:26:53.875917278,Hyderabad,Dairy,Milk,492,312,180,73.8,124.5,26.5,75.0
2024-01-19 12:08:09.926617745,Hyderabad,Fruits,Banana,112,67,45,55.14,102.49,34.3,449.0
2024-01-19 23:49:25.977318212,Delhi,Vegetables,Carrot,453,314,139,49.46,87.56,27.2,235.0
2024-01-20 11:30:42.028018679,Bangalore,Prepared Food,Sandwich,157,134,23,13.36,25.06,27.9,493.0
2024-01-20 23:11:58.078719146,Chennai,Prepared Food,Rice Bowl,159,91,68,51.15,96.64,24.3,399.0
2024-01-21 10:53:14.129419613,Delhi,Fruits,Orange,243,145,98,97.26,175.09,20.9,169.0
2024-01-21 22:34:30.180120080,Bangalore,Fruits,Mango,445,360,85,17.28,27.64,35.1,178.0
2024-01-22 10:15:46.230820547,Hyderabad,Dairy,Cheese,338,218,120,31.58,43.13,24.0,286.0
2024-01-22 21:57:02.281521014,Chennai,Prepared Food,Rice Bowl,291,228,63,65.05,103.67,25.5,193.0
2024-01-23 09:38:18.332221481,Hyderabad,Fruits,Apple,384,279,105,18.47,28.04,41.5,253.0
2024-01-23 21:19:34.382921948,Chennai,Dairy,Cheese,138,110,28,25.59,41.04,28.8,59.0
2024-01-24 09:00:50.433622415,Bangalore,Prepared Food,Burger,279,247,32,11.38,22.23,31.0,374.0
2024-01-24 20:42:06.484322881,Bangalore,Prepared Food,Burger,483,424,59,94.62,161.12,28.5,429.0
2024-01-25 08:23:22.535023348,Chennai,Bakery,Bread,278,194,84,94.73,148.75,41.1,379.0
2024-01-25 20:04:38.585723815,Chennai,Fruits,Mango,496,283,213,19.07,25.03,22.1,84.0
2024-01-26 07:45:54.636424282,Chennai,Bakery,Cake,189,136,53,33.46,55.12,35.2,163.0
2024-01-26 19:27:10.687124749,Chennai,Prepared Food,Pizza,475,424,51,47.62,94.16,32.1,406.0
2024-01-27 07:08:26.737825216,Mumbai,Bakery,Donut,276,249,27,,73.56,37.1,201.0
2024-01-27 18:49:42.788525683,Hyderabad,Prepared Food,Burger,282,167,115,76.59,112.34,28.3,418.0
2024-01-28 06:30:58.839226150,Hyderabad,Vegetables,Spinach,441,382,59,90.6,142.46,20.2,282.0
2024-01-28 18:12:14.889926617,Hyderabad,Fruits,Mango,383,337,46,53.43,87.9,21.8,118.0
2024-01-29 05:53:30.940627084,Hyderabad,Fruits,Mango,478,474,4,77.71,144.08,37.4,158.0
2024-01-29 17:34:46.991327551,Bangalore,Prepared Food,Sandwich,497,495,2,15.03,27.29,32.0,380.0
2024-01-30 05:16:03.042028018,Delhi,Dairy,Yogurt,108,68,40,85.33,162.71,38.4,223.0
2024-01-30 16:57:19.092728485,Bangalore,Prepared Food,Burger,492,447,45,90.27,126.61,31.3,471.0
2024-01-31 04:38:35.143428952,Chennai,Fruits,Mango,420,316,104,83.15,163.23,41.7,181.0
2024-01-31 16:19:51.194129419,Delhi,Vegetables,Potato,374,312,62,60.26,96.23,39.9,88.0
2024-02-01 04:01:07.244829886,Chennai,Fruits,Apple,341,312,29,15.07,20.84,22.6,410.0
2024-02-01 15:42:23.295530353,Chennai,Bakery,Croissant,447,434,13,46.02,75.22,21.8,466.0
2024-02-02 03:23:39.346230820,Bangalore,Prepared Food,Sandwich,143,122,21,97.29,129.42,39.6,423.0
2024-02-02 15:04:55.396931287,Delhi,Prepared Food,Pizza,328,326,2,97.24,162.02,33.8,63.0
2024-02-03 02:46:11.447631754,Mumbai,Bakery,Bread,243,219,24,14.09,21.09,40.9,407.0
2024-02-03 14:27:27.498332221,Delhi,Vegetables,Spinach,472,266,206,25.27,44.29,28.5,365.0
2024-02-04 02:08:43.549032688,Delhi,Dairy,Butter,456,290,166,33.4,54.02,20.7,250.0
2024-02-04 13:49:59.599733155,Delhi,Bakery,Bread,319,315,4,91.98,172.53,40.9,305.0
2024-02-05 01:31:15.650433622,Hyderabad,Prepared Food,Pizza,109,88,21,87.95,117.12,20.6,338.0
2024-02-05 13:12:31.701134089,Hyderabad,Bakery,Cake,366,285,81,,122.01,38.2,226.0
2024-02-06 00:53:47.751834556,Bangalore,Prepared Food,Rice Bowl,204,112,92,11.23,15.19,35.2,246.0
2024-02-06 12:35:03.802535023,Mumbai,Prepared Food,Sandwich,122,103,19,75.35,137.89,28.3,134.0
2024-02-07 00:16:19.853235490,Hyderabad,Bakery,Cake,150,126,24,64.56,94.26,34.8,337.0
2024-02-07 11:57:35.903935957,Bangalore,Dairy,Butter,349,308,41,84.82,128.54,38.0,285.0
2024-02-07 23:38:51.954636424,Mumbai,Prepared Food,Sandwich,412,370,42,22.06,29.12,36.6,390.0
2024-02-08 11:20:08.005336891,Mumbai,Dairy,Yogurt,202,148,54,65.55,130.2,33.4,387.0
2024-02-08 23:01:24.056037358,Bangalore,Fruits,Orange,407,388,19,50.58,97.99,26.6,155.0
2024-02-09 10:42:40.106737825,Chennai,Fruits,Apple,384,342,42,51.34,97.01,36.9,389.0
2024-02-09 22:23:56.157438292,Chennai,Prepared Food,Sandwich,304,292,12,67.01,98.38,21.7,298.0
2024-02-10 10:05:12.208138759,Delhi,Fruits,Banana,459,383,76,41.11,79.25,30.4,142.0
2024-02-10 21:46:28.258839226,Bangalore,Dairy,Milk,150,100,50,83.96,129.43,27.6,71.0
2024-02-11 09:27:44.309539693,Hyderabad,Prepared Food,Sandwich,232,231,1,42.04,80.97,22.8,267.0
2024-02-11 21:09:00.360240160,Hyderabad,Prepared Food,Pizza,381,255,126,66.51,90.27,39.2,368.0
2024-02-12 08:50:16.410940627,Bangalore,Prepared Food,Rice Bowl,391,215,176,17.61,30.26,41.7,352.0
2024-02-12 20:31:32.461641094,Bangalore,Dairy,Butter,464,408,56,13.3,19.64,35.7,160.0
2024-02-13 08:12:48.512341561,Delhi,Fruits,Orange,373,242,131,57.94,85.16,25.9,77.0
2024-02-13 19:54:04.563042028,Hyderabad,Dairy,Yogurt,372,289,83,39.47,54.62,39.6,261.0
2024-02-14 07:35:20.613742495,Bangalore,Bakery,Donut,166,108,58,17.82,29.87,32.9,313.0
2024-02-14 19:16:36.664442962,Mumbai,Bakery,Donut,141,117,24,40.37,77.9,33.4,492.0
2024-02-15 06:57:52.715143429,Chennai,Fruits,Apple,476,293,183,10.68,15.57,,161.0
2024-02-15 18:39:08.765843896,Mumbai,Vegetables,Potato,417,322,95,25.6,49.35,21.8,292.0
2024-02-16 06:20:24.816544363,Bangalore,Prepared Food,Burger,319,249,70,87.9,164.54,25.7,484.0
2024-02-16 18:01:40.867244830,Mumbai,Bakery,Cake,491,295,196,35.2,64.72,24.1,167.0
2024-02-17 05:42:56.917945296,Delhi,Vegetables,Carrot,324,197,127,31.82,43.92,33.4,369.0
2024-02-17 17:24:12.968645763,Mumbai,Prepared Food,Sandwich,455,326,129,57.93,77.41,27.4,59.0
2024-02-18 05:05:29.019346230,Bangalore,Prepared Food,Pizza,271,150,121,39.01,72.83,25.6,150.0
2024-02-18 16:46:45.070046697,Hyderabad,Bakery,Bread,498,424,74,64.55,119.8,22.3,118.0
2024-02-19 04:28:01.120747164,Bangalore,Vegetables,Spinach,433,354,79,75.78,148.29,24.0,84.0
2024-02-19 16:09:17.171447631,Delhi,Bakery,Donut,419,322,97,22.58,41.92,24.4,335.0
2024-02-20 03:50:33.222148098,Chennai,Fruits,Apple,104,75,29,69.87,116.41,27.9,286.0
2024-02-20 15:31:49.272848565,Bangalore,Dairy,Milk,395,288,107,49.52,77.44,30.2,471.0
2024-02-21 03:13:05.323549032,Hyderabad,Bakery,Croissant,252,154,98,90.96,142.69,32.0,153.0
2024-02-21 14:54:21.374249499,Mumbai,Fruits,Orange,297,296,1,39.95,72.36,35.3,64.0
2024-02-22 02:35:37.424949966,Delhi,Prepared Food,Rice Bowl,330,218,112,77.72,139.5,37.1,338.0
2024-02-22 14:16:53.475650433,Bangalore,Vegetables,Potato,109,63,46,88.91,136.87,38.1,208.0
2024-02-23 01:58:09.526350900,Delhi,Vegetables,Tomato,283,169,114,81.76,114.87,25.0,381.0
2024-02-23 13:39:25.577051367,Mumbai,Prepared Food,Sandwich,194,141,53,58.85,86.88,27.6,60.0
2024-02-24 01:20:41.627751834,Bangalore,Dairy,Butter,401,326,75,23.8,40.71,31.1,160.0
2024-02-24 13:01:57.678452301,Delhi,Vegetables,Carrot,455,317,138,81.11,106.75,34.3,141.0
2024-02-25 00:43:13.729152768,Mumbai,Dairy,Milk,128,83,45,94.09,183.28,29.9,351.0
2024-02-25 12:24:29.779853235,Bangalore,Prepared Food,Rice Bowl,209,149,60,21.22,41.26,39.1,104.0
2024-02-26 00:05:45.830553702,Chennai,Fruits,Mango,408,360,48,28.5,52.77,33.3,340.0
2024-02-26 11:47:01.881254169,Bangalore,Vegetables,Tomato,174,132,42,41.17,63.52,36.2,66.0
2024-02-26 23:28:17.931954636,Delhi,Fruits,Orange,350,343,7,61.99,87.77,20.7,210.0
2024-02-27 11:09:33.982655103,Mumbai,Bakery,Bread,249,161,88,11.18,19.73,23.9,133.0
2024-02-27 22:50:50.033355570,Delhi,Bakery,Bread,217,204,13,17.68,35.32,31.0,306.0
2024-02-28 10:32:06.084056037,Mumbai,Prepared Food,Sandwich,478,445,33,90.82,131.11,24.2,478.0
2024-02-28 22:13:22.134756504,Mumbai,Prepared Food,Sandwich,117,64,53,79.8,129.06,31.5,162.0
2024-02-29 09:54:38.185456971,Mumbai,Dairy,Cheese,418,360,58,26.37,50.19,40.8,337.0
2024-02-29 21:35:54.236157438,Mumbai,Dairy,Cheese,465,416,49,46.79,61.66,23.4,227.0
2024-03-01 09:17:10.286857905,Hyderabad,Prepared Food,Burger,412,292,120,30.8,54.53,20.4,103.0
2024-03-01 20:58:26.337558372,Chennai,Bakery,Croissant,166,141,25,68.75,100.84,22.2,145.0
2024-03-02 08:39:42.388258839,Delhi,Fruits,Mango,264,198,66,28.45,42.82,39.7,56.0
2024-03-02 20:20:58.438959306,Hyderabad,Dairy,Yogurt,250,221,29,12.39,17.68,32.8,237.0
2024-03-03 08:02:14.489659773,Hyderabad,Dairy,Cheese,402,368,34,40.23,75.53,28.0,168.0
2024-03-03 19:43:30.540360240,Chennai,Vegetables,Spinach,392,380,12,79.65,123.77,38.9,404.0
2024-03-04 07:24:46.591060707,Delhi,Vegetables,Potato,379,288,91,88.16,144.69,39.7,177.0
2024-03-04 19:06:02.641761174,Mumbai,Bakery,Cake,308,182,126,76.75,137.32,28.9,250.0
2024-03-05 06:47:18.692461641,Delhi,Fruits,Banana,253,196,57,91.05,162.42,35.0,375.0
2024-03-05 18:28:34.743162108,Chennai,Dairy,Butter,141,117,24,34.66,58.5,34.3,427.0
2024-03-06 06:09:50.793862575,Chennai,Vegetables,Carrot,461,338,123,22.32,43.08,39.2,217.0
2024-03-06 17:51:06.844563042,Chennai,Dairy,Butter,408,361,47,92.3,147.05,28.4,171.0
2024-03-07 05:32:22.895263509,Mumbai,Dairy,Butter,292,210,82,18.13,33.35,21.5,316.0
2024-03-07 17:13:38.945963976,Delhi,Fruits,Mango,212,174,38,36.74,62.33,30.5,160.0
2024-03-08 04:54:54.996664443,Hyderabad,Prepared Food,Burger,349,226,123,58.59,82.81,,386.0
2024-03-08 16:36:11.047364910,Mumbai,Fruits,Apple,300,237,63,16.76,30.33,30.9,476.0
2024-03-09 04:17:27.098065377,Mumbai,Dairy,Milk,230,226,4,10.21,20.19,20.1,61.0
2024-03-09 15:58:43.148765844,Delhi,Fruits,Apple,404,238,166,95.52,154.0,24.1,367.0
2024-03-10 03:39:59.199466311,Chennai,Fruits,Mango,180,178,2,86.43,127.46,30.8,192.0
2024-03-10 15:21:15.250166778,Hyderabad,Fruits,Banana,464,280,184,13.55,24.31,40.4,456.0
2024-03-11 03:02:31.300867245,Bangalore,Dairy,Milk,490,282,208,20.85,37.77,24.2,377.0
2024-03-11 14:43:47.351567712,Chennai,Dairy,Yogurt,181,137,44,50.96,84.88,34.2,63.0
2024-03-12 02:25:03.402268179,Delhi,Fruits,Mango,400,317,83,89.65,149.82,29.7,413.0
2024-03-12 14:06:19.452968646,Chennai,Bakery,Donut,496,481,15,56.82,90.84,39.3,499.0
2024-03-13 01:47:35.503669113,Bangalore,Fruits,Banana,350,204,146,57.6,112.74,37.6,88.0
2024-03-13 13:28:51.554369580,Hyderabad,Vegetables,Tomato,417,413,4,62.27,92.79,28.8,463.0
2024-03-14 01:10:07.605070046,Delhi,Bakery,Croissant,488,332,156,31.49,43.37,27.8,207.0
2024-03-14 12:51:23.655770513,Bangalore,Dairy,Butter,392,367,25,34.95,67.71,21.0,448.0
2024-03-15 00:32:39.706470980,Delhi,Bakery,Bread,239,189,50,95.5,176.72,22.0,247.0
2024-03-15 12:13:55.757171447,Chennai,Fruits,Banana,325,229,96,15.85,25.06,38.4,359.0
2024-03-15 23:55:11.807871914,Chennai,Prepared Food,Pizza,465,328,137,14.23,22.32,20.8,308.0
2024-03-16 11:36:27.858572381,Hyderabad,Prepared Food,Rice Bowl,108,93,15,63.75,106.3,25.7,468.0
2024-03-16 23:17:43.909272848,Hyderabad,Dairy,Cheese,315,175,140,83.42,121.55,24.9,138.0
2024-03-17 10:58:59.959973315,Chennai,Bakery,Donut,197,118,79,88.97,132.2,22.8,186.0
2024-03-17 22:40:16.010673782,Bangalore,Fruits,Apple,431,406,25,82.86,145.72,32.1,492.0
2024-03-18 10:21:32.061374249,Delhi,Dairy,Butter,137,82,55,72.61,96.87,31.7,86.0
2024-03-18 22:02:48.112074716,Chennai,Vegetables,Spinach,383,290,93,15.54,29.81,31.4,164.0
2024-03-19 09:44:04.162775183,Bangalore,Dairy,Yogurt,139,102,37,87.8,159.25,31.5,385.0
2024-03-19 21:25:20.213475650,Mumbai,Vegetables,Tomato,158,133,25,73.75,139.09,35.3,219.0
2024-03-20 09:06:36.264176117,Mumbai,Vegetables,Carrot,287,163,124,89.35,176.28,30.2,80.0
2024-03-20 20:47:52.314876584,Mumbai,Dairy,Cheese,257,179,78,24.47,45.82,38.3,61.0
2024-03-21 08:29:08.365577051,Chennai,Dairy,Butter,145,105,40,98.31,171.28,25.7,237.0
2024-03-21 20:10:24.416277518,Mumbai,Prepared Food,Pizza,173,157,16,45.29,64.57,36.6,327.0
2024-03-22 07:51:40.466977985,Delhi,Vegetables,Spinach,341,254,87,37.09,66.6,21.5,443.0
2024-03-22 19:32:56.517678452,Bangalore,Bakery,Cake,219,201,18,88.44,175.24,41.3,213.0
2024-03-23 07:14:12.568378919,Delhi,Fruits,Orange,480,467,13,12.21,16.06,27.1,128.0
2024-03-23 18:55:28.619079386,Bangalore,Fruits,Orange,125,101,24,34.63,69.19,29.4,446.0
2024-03-24 06:36:44.669779853,Chennai,Bakery,Croissant,256,214,42,29.87,40.55,35.0,71.0
2024-03-24 18:18:00.720480320,Mumbai,Fruits,Orange,436,364,72,23.6,37.82,40.8,406.0
2024-03-25 05:59:16.771180787,Mumbai,Fruits,Mango,486,267,219,38.87,70.24,36.4,212.0
2024-03-25 17:40:32.821881254,Delhi,Bakery,Bread,373,219,154,52.44,88.11,23.5,194.0
2024-03-26 05:21:48.872581721,Mumbai,Prepared Food,Rice Bowl,273,199,74,78.49,136.44,22.9,230.0
2024-03-26 17:03:04.923282188,Mumbai,Vegetables,Potato,145,93,52,53.34,73.72,22.8,285.0
2024-03-27 04:44:20.973982655,Hyderabad,Vegetables,Spinach,265,192,73,54.24,72.95,32.8,166.0
2024-03-27 16:25:37.024683122,Mumbai,Dairy,Butter,163,160,3,51.81,92.03,28.7,144.0
2024-03-28 04:06:53.075383589,Hyderabad,Fruits,Apple,388,314,74,91.7,165.7,36.5,90.0
2024-03-28 15:48:09.126084056,Hyderabad,Bakery,Donut,145,110,35,11.65,19.08,24.6,210.0
2024-03-29 03:29:25.176784523,Bangalore,Dairy,Butter,452,249,203,58.08,111.38,21.8,126.0
2024-03-29 15:10:41.227484990,Bangalore,Vegetables,Potato,265,247,18,28.08,50.13,38.1,155.0
2024-03-30 02:51:57.278185457,Mumbai,Vegetables,Tomato,416,350,66,12.84,25.11,21.1,465.0
2024-03-30 14:33:13.328885924,Delhi,Bakery,Cake,363,270,93,74.27,138.23,27.5,300.0
2024-03-31 02:14:29.379586391,Delhi,Fruits,Mango,489,325,164,80.54,131.81,20.9,237.0
2024-03-31 13:55:45.430286858,Mumbai,Dairy,Cheese,111,83,28,68.53,112.08,,196.0
2024-04-01 01:37:01.480987325,Chennai,Vegetables,Tomato,218,171,47,69.28,114.22,32.2,451.0
2024-04-01 13:18:17.531687792,Chennai,Fruits,Banana,451,303,148,97.73,171.54,24.4,84.0
2024-04-02 00:59:33.582388259,Hyderabad,Prepared Food,Rice Bowl,490,344,146,25.68,50.65,29.1,73.0
2024-04-02 12:40:49.633088726,Delhi,Vegetables,Tomato,319,282,37,79.1,130.78,32.0,484.0
2024-04-03 00:22:05.683789193,Bangalore,Bakery,Donut,216,215,1,53.8,102.83,39.8,311.0
2024-04-03 12:03:21.734489660,Mumbai,Dairy,Yogurt,285,280,5,28.96,50.28,33.9,448.0
2024-04-03 23:44:37.785190126,Bangalore,Bakery,Croissant,107,93,14,91.81,130.9,25.2,383.0
2024-04-04 11:25:53.835890593,Chennai,Dairy,Yogurt,424,398,26,54.31,80.0,39.2,160.0
2024-04-04 23:07:09.886591060,Bangalore,Bakery,Donut,330,250,80,68.69,104.31,28.8,212.0
2024-04-05 10:48:25.937291527,Hyderabad,Prepared Food,Rice Bowl,263,188,75,31.33,45.88,39.4,167.0
2024-04-05 22:29:41.987991994,Bangalore,Dairy,Milk,431,330,101,23.12,37.33,32.9,50.0
2024-04-06 10:10:58.038692461,Delhi,Bakery,Donut,383,330,53,64.5,99.96,31.7,354.0
2024-04-06 21:52:14.089392928,Delhi,Bakery,Donut,411,381,30,87.78,148.41,31.9,453.0
2024-04-07 09:33:30.140093395,Bangalore,Dairy,Cheese,392,234,158,14.65,25.61,24.9,294.0
2024-04-07 21:14:46.190793862,Hyderabad,Fruits,Apple,278,229,49,71.94,113.53,30.6,300.0
2024-04-08 08:56:02.241494329,Bangalore,Fruits,Banana,316,222,94,97.58,166.48,25.6,476.0
2024-04-08 20:37:18.292194796,Delhi,Dairy,Yogurt,393,299,94,21.32,29.7,23.2,483.0
2024-04-09 08:18:34.342895263,Bangalore,Dairy,Butter,440,370,70,75.77,106.78,25.2,135.0
2024-04-09 19:59:50.393595730,Bangalore,Dairy,Milk,213,198,15,65.61,125.2,32.6,125.0
2024-04-10 07:41:06.444296197,Hyderabad,Fruits,Mango,401,252,149,64.05,125.45,38.2,353.0
2024-04-10 19:22:22.494996664,Bangalore,Prepared Food,Rice Bowl,319,237,82,97.95,155.23,39.2,122.0
2024-04-11 07:03:38.545697131,Hyderabad,Prepared Food,Rice Bowl,423,329,94,46.37,70.9,34.7,131.0
2024-04-11 18:44:54.596397598,Mumbai,Prepared Food,Rice Bowl,464,329,135,43.81,66.06,34.3,262.0
2024-04-12 06:26:10.647098065,Bangalore,Bakery,Donut,298,222,76,59.36,101.95,32.0,340.0
2024-04-12 18:07:26.697798532,Bangalore,Vegetables,Potato,366,299,67,25.16,44.03,36.7,314.0
2024-04-13 05:48:42.748498999,Bangalore,Fruits,Apple,427,281,146,86.25,167.32,37.9,202.0
2024-04-13 17:29:58.799199466,Bangalore,Vegetables,Tomato,403,257,146,32.15,52.52,28.7,392.0
2024-04-14 05:11:14.849899933,Mumbai,Dairy,Butter,120,88,32,48.78,94.03,21.6,448.0
2024-04-14 16:52:30.900600400,Mumbai,Bakery,Donut,150,96,54,27.74,45.37,24.3,383.0
2024-04-15 04:33:46.951300866,Chennai,Prepared Food,Burger,151,109,42,93.66,156.65,32.8,155.0
2024-04-15 16:15:03.002001334,Bangalore,Vegetables,Potato,101,67,34,47.22,65.41,24.0,400.0
2024-04-16 03:56:19.052701800,Chennai,Vegetables,Potato,258,211,47,36.58,67.87,24.1,489.0
2024-04-16 15:37:35.103402268,Delhi,Vegetables,Spinach,473,266,207,83.42,130.26,31.6,96.0
2024-04-17 03:18:51.154102734,Chennai,Fruits,Apple,313,308,5,81.44,142.73,23.8,170.0
2024-04-17 15:00:07.204803202,Hyderabad,Prepared Food,Sandwich,253,229,24,80.25,119.76,,109.0
2024-04-18 02:41:23.255503668,Bangalore,Dairy,Milk,263,217,46,50.66,86.66,23.7,157.0
2024-04-18 14:22:39.306204136,Chennai,Dairy,Milk,249,183,66,38.1,55.67,24.5,60.0
2024-04-19 02:03:55.356904602,Chennai,Dairy,Milk,353,346,7,98.9,138.02,35.3,372.0
2024-04-19 13:45:11.407605070,Chennai,Dairy,Cheese,266,186,80,72.32,144.2,22.8,68.0
2024-04-20 01:26:27.458305536,Bangalore,Vegetables,Potato,387,378,9,79.54,118.15,34.2,213.0
2024-04-20 13:07:43.509006004,Hyderabad,Fruits,Apple,478,331,147,41.95,56.57,31.4,179.0
2024-04-21 00:48:59.559706470,Delhi,Vegetables,Tomato,126,100,26,58.6,112.28,34.3,349.0
2024-04-21 12:30:15.610406938,Mumbai,Prepared Food,Sandwich,441,311,130,14.71,23.02,28.0,340.0
2024-04-22 00:11:31.661107404,Delhi,Dairy,Yogurt,363,348,15,60.61,119.42,23.9,336.0
2024-04-22 11:52:47.711807872,Bangalore,Bakery,Croissant,257,195,62,78.05,120.45,34.6,52.0
2024-04-22 23:34:03.762508338,Delhi,Prepared Food,Pizza,214,121,93,76.35,140.33,25.4,335.0
2024-04-23 11:15:19.813208806,Bangalore,Prepared Food,Burger,330,212,118,21.49,40.36,37.2,275.0
2024-04-23 22:56:35.863909272,Delhi,Prepared Food,Sandwich,250,250,0,40.75,63.84,27.6,298.0
2024-04-24 10:37:51.914609740,Mumbai,Bakery,Bread,422,411,11,35.17,68.92,39.2,311.0
2024-04-24 22:19:07.965310206,Mumbai,Fruits,Banana,242,218,24,60.99,95.98,31.0,98.0
2024-04-25 10:00:24.016010674,Bangalore,Dairy,Cheese,390,371,19,89.02,169.82,37.7,385.0
2024-04-25 21:41:40.066711140,Hyderabad,Vegetables,Potato,498,421,77,12.06,16.98,24.9,255.0
2024-04-26 09:22:56.117411608,Bangalore,Vegetables,Potato,124,69,55,21.93,41.74,40.3,319.0
2024-04-26 21:04:12.168112074,Chennai,Bakery,Cake,486,435,51,84.27,148.86,22.7,454.0
2024-04-27 08:45:28.218812542,Hyderabad,Dairy,Butter,178,164,14,17.2,31.71,22.7,141.0
2024-04-27 20:26:44.269513008,Delhi,Prepared Food,Pizza,245,226,19,19.51,34.11,24.8,303.0
2024-04-28 08:08:00.320213476,Mumbai,Dairy,Butter,386,216,170,80.27,130.19,21.3,316.0
2024-04-28 19:49:16.370913942,Hyderabad,Dairy,Milk,182,108,74,22.8,31.58,26.7,420.0
2024-04-29 07:30:32.421614410,Delhi,Vegetables,Tomato,359,299,60,30.6,44.76,24.9,270.0
2024-04-29 19:11:48.472314876,Delhi,Vegetables,Spinach,330,243,87,81.29,128.71,34.4,56.0
2024-04-30 06:53:04.523015344,Chennai,Fruits,Mango,185,105,80,10.99,17.49,30.6,295.0
2024-04-30 18:34:20.573715810,Bangalore,Prepared Food,Sandwich,475,427,48,65.71,100.3,38.4,262.0
2024-05-01 06:15:36.624416278,Chennai,Prepared Food,Sandwich,272,180,92,53.91,74.22,32.1,240.0
2024-05-01 17:56:52.675116744,Chennai,Prepared Food,Burger,381,242,139,39.22,71.23,30.5,282.0
2024-05-02 05:38:08.725817212,Chennai,Prepared Food,Burger,141,97,44,96.06,133.83,22.2,169.0
2024-05-02 17:19:24.776517678,Hyderabad,Bakery,Bread,229,184,45,16.88,25.25,40.5,493.0
2024-05-03 05:00:40.827218146,Mumbai,Prepared Food,Burger,346,223,123,44.77,72.31,25.0,450.0
2024-05-03 16:41:56.877918612,Chennai,Vegetables,Carrot,168,123,45,98.94,159.32,21.1,249.0
2024-05-04 04:23:12.928619080,Mumbai,Bakery,Croissant,484,374,110,82.19,112.91,20.8,197.0
2024-05-04 16:04:28.979319546,Bangalore,Prepared Food,Burger,465,393,72,97.37,190.81,37.2,100.0
2024-05-05 03:45:45.030020012,Chennai,Fruits,Banana,360,291,69,84.75,114.25,29.3,160.0
2024-05-05 15:27:01.080720480,Hyderabad,Vegetables,Tomato,428,428,0,70.06,91.59,25.6,373.0
2024-05-06 03:08:17.131420946,Hyderabad,Bakery,Bread,477,380,97,13.78,27.26,37.6,189.0
2024-05-06 14:49:33.182121414,Bangalore,Fruits,Mango,473,272,201,62.42,113.83,37.9,429.0
2024-05-07 02:30:49.232821880,Bangalore,Dairy,Yogurt,370,219,151,93.53,136.29,28.2,364.0
2024-05-07 14:12:05.283522348,Hyderabad,Vegetables,Potato,213,138,75,34.64,67.54,34.9,484.0
2024-05-08 01:53:21.334222814,Chennai,Bakery,Donut,221,152,69,38.52,73.78,25.7,480.0
2024-05-08 13:34:37.384923282,Chennai,Dairy,Milk,248,143,105,77.34,130.74,24.0,273.0
2024-05-09 01:15:53.435623748,Mumbai,Fruits,Mango,444,265,179,58.56,105.97,22.4,262.0
2024-05-09 12:57:09.486324216,Bangalore,Vegetables,Carrot,194,184,10,55.53,104.87,36.1,220.0
2024-05-10 00:38:25.537024682,Hyderabad,Prepared Food,Rice Bowl,283,157,126,36.78,62.36,35.2,344.0
2024-05-10 12:19:41.587725150,Hyderabad,Vegetables,Carrot,227,224,3,24.41,39.62,,178.0
2024-05-11 00:00:57.638425616,Mumbai,Vegetables,Tomato,487,370,117,27.46,52.61,34.5,59.0
2024-05-11 11:42:13.689126084,Mumbai,Prepared Food,Burger,165,130,35,43.77,73.41,31.5,283.0
2024-05-11 23:23:29.739826550,Delhi,Dairy,Cheese,308,182,126,77.46,141.83,34.9,449.0
2024-05-12 11:04:45.790527018,Mumbai,Fruits,Orange,200,167,33,43.15,69.65,35.9,73.0
2024-05-12 22:46:01.841227484,Chennai,Fruits,Banana,329,233,96,72.61,94.56,33.6,309.0
2024-05-13 10:27:17.891927952,Chennai,Vegetables,Tomato,119,81,38,62.94,103.01,34.1,265.0
2024-05-13 22:08:33.942628418,Bangalore,Prepared Food,Burger,154,87,67,14.75,24.2,33.2,452.0
2024-05-14 09:49:49.993328886,Mumbai,Vegetables,Spinach,404,284,120,16.94,22.72,27.4,79.0
2024-05-14 21:31:06.044029352,Chennai,Dairy,Cheese,455,441,14,56.83,88.74,22.7,162.0
2024-05-15 09:12:22.094729820,Delhi,Bakery,Cake,212,207,5,76.21,152.33,40.5,350.0
2024-05-15 20:53:38.145430286,Delhi,Bakery,Bread,247,246,1,26.04,46.35,41.8,173.0
2024-05-16 08:34:54.196130754,Hyderabad,Fruits,Orange,189,118,71,28.26,47.93,41.6,308.0
2024-05-16 20:16:10.246831220,Hyderabad,Prepared Food,Pizza,449,363,86,34.58,57.49,26.6,294.0
2024-05-17 07:57:26.297531688,Mumbai,Fruits,Banana,401,373,28,88.55,167.3,24.1,98.0
2024-05-17 19:38:42.348232154,Chennai,Prepared Food,Sandwich,455,319,136,66.81,89.18,39.9,468.0
2024-05-18 07:19:58.398932622,Hyderabad,Bakery,Donut,199,178,21,15.16,22.1,22.9,106.0
2024-05-18 19:01:14.449633088,Hyderabad,Vegetables,Spinach,135,94,41,16.21,21.72,26.2,269.0
2024-05-19 06:42:30.500333556,Delhi,Fruits,Orange,369,321,48,97.74,152.46,29.4,266.0
2024-05-19 18:23:46.551034022,Delhi,Prepared Food,Sandwich,428,279,149,86.78,115.64,33.6,412.0
2024-05-20 06:05:02.601734490,Delhi,Bakery,Bread,277,184,93,79.47,108.12,25.2,209.0
2024-05-20 17:46:18.652434956,Chennai,Fruits,Mango,253,246,7,80.89,140.51,30.9,70.0
2024-05-21 05:27:34.703135424,Mumbai,Dairy,Milk,186,138,48,60.88,98.91,41.4,433.0
2024-05-21 17:08:50.753835890,Chennai,Vegetables,Tomato,260,192,68,74.8,119.13,22.0,135.0
2024-05-22 04:50:06.804536358,Chennai,Bakery,Bread,160,115,45,75.05,101.12,35.6,66.0
2024-05-22 16:31:22.855236824,Bangalore,Dairy,Cheese,164,163,1,24.92,48.89,38.7,115.0
2024-05-23 04:12:38.905937292,Mumbai,Dairy,Cheese,224,161,63,59.09,79.39,31.3,
2024-05-23 15:53:54.956637758,Mumbai,Fruits,Banana,291,222,69,54.75,84.2,39.2,203.0
2024-05-24 03:35:11.007338226,Delhi,Vegetables,Potato,313,291,22,21.36,37.63,23.6,319.0
2024-05-24 15:16:27.058038692,Hyderabad,Fruits,Apple,267,203,64,77.57,131.14,32.2,297.0
2024-05-25 02:57:43.108739160,Delhi,Fruits,Mango,196,148,48,54.8,75.29,34.4,138.0
2024-05-25 14:38:59.159439626,Mumbai,Fruits,Banana,296,212,84,27.6,39.49,22.1,346.0
2024-05-26 02:20:15.210140092,Chennai,Vegetables,Tomato,171,148,23,67.84,97.49,39.7,259.0
2024-05-26 14:01:31.260840560,Delhi,Dairy,Butter,367,330,37,38.51,73.17,39.9,163.0
2024-05-27 01:42:47.311541026,Hyderabad,Fruits,Mango,319,303,16,13.0,20.21,36.1,225.0
2024-05-27 13:24:03.362241494,Delhi,Fruits,Apple,465,273,192,89.42,166.55,31.1,65.0
2024-05-28 01:05:19.412941960,Chennai,Bakery,Croissant,474,280,194,75.27,114.87,41.9,272.0
2024-05-28 12:46:35.463642428,Mumbai,Fruits,Orange,424,257,167,18.37,24.26,38.1,
2024-05-29 00:27:51.514342894,Chennai,Prepared Food,Pizza,364,315,49,92.64,127.61,36.7,426.0
2024-05-29 12:09:07.565043362,Delhi,Fruits,Banana,463,454,9,42.2,69.46,38.2,335.0
2024-05-29 23:50:23.615743828,Chennai,Dairy,Butter,255,229,26,19.06,27.98,23.1,90.0
2024-05-30 11:31:39.666444296,Bangalore,Fruits,Orange,413,301,112,68.6,119.0,27.8,374.0
2024-05-30 23:12:55.717144762,Mumbai,Vegetables,Carrot,388,337,51,70.86,108.24,35.1,205.0
2024-05-31 10:54:11.767845230,Delhi,Bakery,Donut,100,62,38,16.54,22.39,27.5,491.0
2024-05-31 22:35:27.818545696,Chennai,Bakery,Croissant,326,235,91,37.36,65.65,40.6,450.0
2024-06-01 10:16:43.869246164,Delhi,Bakery,Croissant,432,351,81,91.65,162.18,32.3,140.0
2024-06-01 21:57:59.919946630,Delhi,Dairy,Butter,427,423,4,44.24,87.76,22.4,133.0
2024-06-02 09:39:15.970647098,Bangalore,Bakery,Bread,201,196,5,21.47,38.55,41.4,436.0
2024-06-02 21:20:32.021347564,Hyderabad,Dairy,Yogurt,383,382,1,96.65,174.81,26.7,424.0
2024-06-03 09:01:48.072048032,Mumbai,Bakery,Donut,497,392,105,73.33,123.08,22.1,335.0
2024-06-03 20:43:04.122748498,Hyderabad,Bakery,Donut,475,312,163,37.11,63.79,26.5,492.0
2024-06-04 08:24:20.173448966,Mumbai,Bakery,Donut,167,98,69,88.95,136.21,27.5,169.0
2024-06-04 20:05:36.224149432,Hyderabad,Prepared Food,Sandwich,257,152,105,62.45,124.7,38.8,304.0
2024-06-05 07:46:52.274849900,Delhi,Prepared Food,Rice Bowl,456,444,12,53.95,97.99,31.6,442.0
2024-06-05 19:28:08.325550366,Hyderabad,Vegetables,Carrot,315,237,78,12.26,21.9,21.8,487.0
2024-06-06 07:09:24.376250834,Hyderabad,Vegetables,Potato,246,160,86,24.83,35.24,40.9,87.0
2024-06-06 18:50:40.426951300,Chennai,Vegetables,Tomato,278,155,123,70.88,98.68,,125.0
2024-06-07 06:31:56.477651768,Delhi,Prepared Food,Pizza,293,251,42,76.92,127.26,34.0,311.0
2024-06-07 18:13:12.528352234,Hyderabad,Bakery,Cake,160,99,61,64.37,124.57,25.3,411.0
2024-06-08 05:54:28.579052702,Chennai,Bakery,Bread,208,153,55,52.28,84.34,30.4,226.0
2024-06-08 17:35:44.629753168,Hyderabad,Prepared Food,Rice Bowl,401,332,69,29.72,39.4,22.4,139.0
2024-06-09 05:17:00.680453636,Hyderabad,Prepared Food,Rice Bowl,291,221,70,45.71,60.84,26.1,393.0
2024-06-09 16:58:16.731154102,Hyderabad,Prepared Food,Rice Bowl,116,86,30,57.84,110.82,32.6,88.0
2024-06-10 04:39:32.781854570,Mumbai,Prepared Food,Burger,246,145,101,21.83,32.58,28.7,157.0
2024-06-10 16:20:48.832555036,Chennai,Fruits,Mango,208,125,83,70.71,106.61,35.8,299.0
2024-06-11 04:02:04.883255504,Hyderabad,Prepared Food,Burger,446,418,28,14.6,21.61,21.3,224.0
2024-06-11 15:43:20.933955970,Bangalore,Vegetables,Potato,423,392,31,51.06,79.57,22.7,461.0
2024-06-12 03:24:36.984656438,Hyderabad,Vegetables,Tomato,431,358,73,38.9,70.99,29.1,334.0
2024-06-12 15:05:53.035356904,Bangalore,Bakery,Cake,406,297,109,63.88,105.5,23.1,250.0
2024-06-13 02:47:09.086057372,Delhi,Bakery,Croissant,358,279,79,67.41,122.6,31.7,436.0
2024-06-13 14:28:25.136757838,Hyderabad,Dairy,Milk,367,363,4,50.4,68.5,28.8,406.0
2024-06-14 02:09:41.187458306,Hyderabad,Prepared Food,Sandwich,226,218,8,51.99,97.31,21.5,326.0
2024-06-14 13:50:57.238158772,Delhi,Fruits,Banana,198,152,46,34.78,52.67,37.4,237.0
2024-06-15 01:32:13.288859240,Mumbai,Vegetables,Potato,294,239,55,78.34,107.26,39.6,209.0
2024-06-15 13:13:29.339559706,Hyderabad,Dairy,Yogurt,217,151,66,57.32,95.05,23.6,56.0
2024-06-16 00:54:45.390260172,Hyderabad,Vegetables,Tomato,292,206,86,23.9,31.5,34.2,468.0
2024-06-16 12:36:01.440960640,Mumbai,Fruits,Orange,225,133,92,38.01,67.43,33.3,467.0
2024-06-17 00:17:17.491661106,Delhi,Vegetables,Spinach,420,261,159,71.94,100.6,30.7,425.0
2024-06-17 11:58:33.542361574,Mumbai,Fruits,Orange,144,82,62,,27.39,40.4,283.0
2024-06-17 23:39:49.593062040,Mumbai,Fruits,Banana,224,137,87,53.91,74.99,38.4,86.0
2024-06-18 11:21:05.643762508,Chennai,Dairy,Butter,134,95,39,49.97,99.76,32.0,334.0
2024-06-18 23:02:21.694462974,Delhi,Prepared Food,Pizza,208,135,73,58.73,82.69,32.2,211.0
2024-06-19 10:43:37.745163442,Chennai,Prepared Food,Sandwich,478,348,130,49.64,75.04,25.7,100.0
2024-06-19 22:24:53.795863908,Chennai,Dairy,Milk,482,285,197,96.98,163.93,27.6,141.0
2024-06-20 10:06:09.846564376,Chennai,Prepared Food,Pizza,210,125,85,28.66,52.95,36.2,387.0
2024-06-20 21:47:25.897264842,Bangalore,Bakery,Donut,374,369,5,75.77,106.35,38.8,150.0
2024-06-21 09:28:41.947965310,Mumbai,Vegetables,Potato,163,99,64,41.81,67.77,20.8,295.0
2024-06-21 21:09:57.998665776,Delhi,Fruits,Orange,104,73,31,71.27,115.94,20.8,119.0
2024-06-22 08:51:14.049366244,Mumbai,Bakery,Croissant,253,186,67,18.43,33.69,30.8,232.0
2024-06-22 20:32:30.100066710,Mumbai,Dairy,Butter,315,315,0,64.52,125.37,28.0,228.0
2024-06-23 08:13:46.150767178,Mumbai,Prepared Food,Sandwich,181,149,32,64.19,110.02,37.7,212.0
2024-06-23 19:55:02.201467644,Delhi,Bakery,Donut,436,319,117,86.23,166.01,21.4,343.0
2024-06-24 07:36:18.252168112,Chennai,Fruits,Orange,112,107,5,66.39,129.36,20.4,71.0
2024-06-24 19:17:34.302868578,Mumbai,Prepared Food,Sandwich,422,285,137,57.45,100.12,34.2,253.0
2024-06-25 06:58:50.353569046,Mumbai,Dairy,Milk,283,184,99,96.17,125.62,42.0,313.0
2024-06-25 18:40:06.404269512,Mumbai,Dairy,Milk,164,125,39,85.07,154.69,23.1,281.0
2024-06-26 06:21:22.454969980,Hyderabad,Prepared Food,Burger,226,124,102,86.13,148.96,21.9,314.0
2024-06-26 18:02:38.505670446,Delhi,Dairy,Cheese,457,325,132,41.39,57.02,37.8,222.0
2024-06-27 05:43:54.556370914,Chennai,Dairy,Milk,182,115,67,71.36,98.41,38.5,429.0
2024-06-27 17:25:10.607071380,Bangalore,Vegetables,Potato,112,107,5,29.0,55.23,28.8,264.0
2024-06-28 05:06:26.657771848,Chennai,Fruits,Banana,330,233,97,85.8,144.51,24.8,318.0
2024-06-28 16:47:42.708472314,Chennai,Prepared Food,Pizza,374,261,113,78.37,112.19,35.8,81.0
2024-06-29 04:28:58.759172782,Delhi,Dairy,Cheese,153,135,18,67.34,112.35,30.2,415.0
2024-06-29 16:10:14.809873248,Delhi,Vegetables,Tomato,304,225,79,79.78,118.87,30.9,339.0
2024-06-30 03:51:30.860573716,Bangalore,Dairy,Butter,226,198,28,34.44,54.47,22.3,290.0
2024-06-30 15:32:46.911274182,Bangalore,Dairy,Milk,373,300,73,63.41,122.19,32.8,313.0
2024-07-01 03:14:02.961974650,Chennai,Bakery,Cake,476,324,152,38.46,52.74,27.9,196.0
2024-07-01 14:55:19.012675116,Bangalore,Bakery,Croissant,199,190,9,90.27,144.76,40.0,161.0
2024-07-02 02:36:35.063375584,Chennai,Vegetables,Carrot,285,215,70,66.94,120.0,20.1,72.0
2024-07-02 14:17:51.114076050,Mumbai,Prepared Food,Rice Bowl,112,97,15,96.94,177.66,40.9,480.0
2024-07-03 01:59:07.164776518,Hyderabad,Bakery,Cake,120,85,35,80.36,140.7,21.1,150.0
2024-07-03 13:40:23.215476984,Hyderabad,Vegetables,Spinach,454,295,159,19.99,34.86,37.0,410.0
2024-07-04 01:21:39.266177452,Hyderabad,Vegetables,Carrot,112,78,34,59.69,94.97,35.8,186.0
2024-07-04 13:02:55.316877918,Mumbai,Bakery,Cake,409,407,2,68.29,126.84,36.6,286.0
2024-07-05 00:44:11.367578386,Delhi,Dairy,Milk,373,207,166,38.41,67.27,28.7,359.0
2024-07-05 12:25:27.418278852,Chennai,Bakery,Donut,351,205,146,15.23,20.99,31.3,93.0
2024-07-06 00:06:43.468979320,Chennai,Prepared Food,Sandwich,264,246,18,40.36,53.01,22.7,187.0
2024-07-06 11:47:59.519679786,Mumbai,Fruits,Apple,210,131,79,91.55,136.1,35.9,458.0
2024-07-06 23:29:15.570380252,Delhi,Vegetables,Potato,445,308,137,38.07,70.12,37.0,153.0
2024-07-07 11:10:31.621080720,Delhi,Vegetables,Potato,382,379,3,79.31,147.91,22.6,183.0
2024-07-07 22:51:47.671781186,Hyderabad,Prepared Food,Rice Bowl,154,141,13,30.09,52.64,32.6,257.0
2024-07-08 10:33:03.722481654,Delhi,Fruits,Apple,234,227,7,86.24,113.54,39.8,274.0
2024-07-08 22:14:19.773182120,Chennai,Bakery,Donut,313,230,83,37.26,50.15,25.0,147.0
2024-07-09 09:55:35.823882588,Chennai,Dairy,Butter,178,140,38,15.21,29.97,40.7,182.0
2024-07-09 21:36:51.874583054,Mumbai,Vegetables,Potato,242,164,78,16.8,26.14,25.0,248.0
2024-07-10 09:18:07.925283522,Bangalore,Dairy,Milk,124,77,47,38.36,57.29,41.6,409.0
2024-07-10 20:59:23.975983988,Delhi,Vegetables,Carrot,420,279,141,95.27,146.35,35.9,106.0
2024-07-11 08:40:40.026684456,Bangalore,Bakery,Cake,381,322,59,10.71,18.65,29.8,103.0
2024-07-11 20:21:56.077384922,Mumbai,Bakery,Cake,325,192,133,41.88,82.27,41.2,439.0
2024-07-12 08:03:12.128085390,Bangalore,Dairy,Cheese,401,360,41,51.27,86.78,39.0,57.0
2024-07-12 19:44:28.178785856,Mumbai,Vegetables,Tomato,207,145,62,22.33,44.58,31.6,400.0
2024-07-13 07:25:44.229486324,Hyderabad,Vegetables,Spinach,371,271,100,95.63,190.91,35.7,139.0
2024-07-13 19:07:00.280186790,Mumbai,Bakery,Donut,456,338,118,92.74,131.99,24.7,203.0
2024-07-14 06:48:16.330887258,Mumbai,Vegetables,Spinach,384,269,115,41.95,75.04,28.7,385.0
2024-07-14 18:29:32.381587724,Chennai,Dairy,Cheese,461,260,201,79.58,120.72,25.1,476.0
2024-07-15 06:10:48.432288192,Delhi,Bakery,Croissant,187,187,0,86.97,149.77,38.4,85.0
2024-07-15 17:52:04.482988658,Delhi,Prepared Food,Burger,354,297,57,86.32,156.26,22.1,150.0
2024-07-16 05:33:20.533689126,Chennai,Fruits,Apple,463,394,69,10.04,19.39,23.4,296.0
2024-07-16 17:14:36.584389592,Mumbai,Fruits,Banana,228,156,72,56.14,91.91,34.0,453.0
2024-07-17 04:55:52.635090060,Mumbai,Prepared Food,Sandwich,198,198,0,34.8,60.39,41.8,398.0
2024-07-17 16:37:08.685790526,Mumbai,Vegetables,Tomato,181,166,15,86.25,166.6,39.3,453.0
2024-07-18 04:18:24.736490994,Bangalore,Vegetables,Carrot,414,267,147,13.5,17.89,23.9,403.0
2024-07-18 15:59:40.787191460,Chennai,Prepared Food,Rice Bowl,167,159,8,74.72,126.6,29.4,125.0
2024-07-19 03:40:56.837891928,Mumbai,Dairy,Yogurt,208,173,35,48.71,94.14,38.6,182.0
2024-07-19 15:22:12.888592394,Delhi,Prepared Food,Sandwich,378,312,66,90.0,151.3,24.5,441.0
2024-07-20 03:03:28.939292862,Mumbai,Bakery,Donut,211,161,50,28.64,38.66,21.5,320.0
2024-07-20 14:44:44.989993328,Hyderabad,Fruits,Apple,294,271,23,82.98,156.42,27.3,73.0
2024-07-21 02:26:01.040693796,Mumbai,Dairy,Butter,389,389,0,58.52,87.65,29.4,118.0
2024-07-21 14:07:17.091394262,Hyderabad,Prepared Food,Sandwich,412,279,133,42.6,76.94,24.4,152.0
2024-07-22 01:48:33.142094730,Delhi,Prepared Food,Rice Bowl,102,77,25,75.64,149.52,24.9,469.0
2024-07-22 13:29:49.192795196,Chennai,Bakery,Bread,442,300,142,37.26,56.92,35.7,460.0
2024-07-23 01:11:05.243495664,Hyderabad,Fruits,Banana,481,386,95,99.96,158.34,24.9,71.0
2024-07-23 12:52:21.294196130,Chennai,Prepared Food,Sandwich,340,202,138,17.06,28.68,35.6,492.0
2024-07-24 00:33:37.344896598,Hyderabad,Dairy,Yogurt,238,225,13,13.82,20.53,33.2,485.0
2024-07-24 12:14:53.395597064,Chennai,Bakery,Croissant,456,351,105,80.27,144.16,23.8,130.0
2024-07-24 23:56:09.446297532,Bangalore,Bakery,Croissant,203,125,78,74.29,120.59,40.3,456.0
2024-07-25 11:37:25.496997998,Chennai,Dairy,Yogurt,225,179,46,34.67,64.66,24.3,190.0
2024-07-25 23:18:41.547698466,Chennai,Vegetables,Spinach,102,72,30,73.11,132.25,32.4,232.0
2024-07-26 10:59:57.598398932,Mumbai,Bakery,Bread,370,302,68,80.76,146.51,28.5,388.0
2024-07-26 22:41:13.649099398,Mumbai,Fruits,Mango,177,154,23,65.43,123.68,22.1,265.0
2024-07-27 10:22:29.699799866,Mumbai,Fruits,Apple,489,388,101,58.09,97.5,29.5,332.0
2024-07-27 22:03:45.750500332,Mumbai,Prepared Food,Burger,246,210,36,30.41,58.25,37.8,144.0
2024-07-28 09:45:01.801200800,Bangalore,Vegetables,Spinach,475,282,193,70.54,131.04,25.5,489.0
2024-07-28 21:26:17.851901268,Mumbai,Fruits,Banana,278,233,45,32.28,45.64,24.1,61.0
2024-07-29 09:07:33.902601732,Chennai,Prepared Food,Pizza,382,349,33,65.92,101.11,36.1,383.0
2024-07-29 20:48:49.953302200,Mumbai,Prepared Food,Sandwich,132,121,11,48.95,87.12,27.3,499.0
2024-07-30 08:30:06.004002668,Chennai,Vegetables,Tomato,183,153,30,76.01,105.0,37.2,177.0
2024-07-30 20:11:22.054703136,Delhi,Prepared Food,Burger,128,93,35,34.87,55.88,41.6,267.0
2024-07-31 07:52:38.105403600,Hyderabad,Prepared Food,Sandwich,421,236,185,59.3,117.73,32.2,131.0
2024-07-31 19:33:54.156104068,Hyderabad,Dairy,Butter,318,244,74,33.78,48.77,30.6,257.0
2024-08-01 07:15:10.206804536,Bangalore,Dairy,Butter,265,166,99,22.95,39.4,23.8,279.0
2024-08-01 18:56:26.257505004,Hyderabad,Vegetables,Carrot,247,242,5,51.22,69.89,32.2,358.0
2024-08-02 06:37:42.308205468,Mumbai,Dairy,Cheese,233,206,27,60.73,98.11,34.8,375.0
2024-08-02 18:18:58.358905936,Delhi,Bakery,Croissant,158,87,71,87.95,172.62,22.3,315.0
2024-08-03 06:00:14.409606404,Mumbai,Prepared Food,Pizza,249,186,63,89.47,129.0,32.9,147.0
2024-08-03 17:41:30.460306872,Delhi,Bakery,Bread,468,301,167,62.46,92.26,29.9,434.0
2024-08-04 05:22:46.511007336,Hyderabad,Dairy,Butter,336,229,107,26.97,47.76,41.5,194.0
2024-08-04 17:04:02.561707804,Mumbai,Dairy,Cheese,153,133,20,18.34,33.45,40.1,461.0
2024-08-05 04:45:18.612408272,Mumbai,Vegetables,Tomato,172,120,52,10.81,18.51,33.5,426.0
2024-08-05 16:26:34.663108740,Bangalore,Bakery,Cake,311,209,102,27.93,53.46,36.3,96.0
2024-08-06 04:07:50.713809204,Chennai,Bakery,Bread,398,393,5,92.01,142.47,29.3,367.0
2024-08-06 15:49:06.764509672,Mumbai,Dairy,Milk,115,80,35,43.5,66.69,39.5,176.0
2024-08-07 03:30:22.815210140,Mumbai,Fruits,Mango,418,305,113,80.81,127.54,31.3,425.0
2024-08-07 15:11:38.865910608,Mumbai,Fruits,Banana,308,241,67,28.56,53.12,27.3,493.0
2024-08-08 02:52:54.916611072,Chennai,Vegetables,Tomato,236,210,26,80.86,130.83,33.9,412.0
2024-08-08 14:34:10.967311540,Bangalore,Fruits,Mango,267,181,86,58.15,81.47,37.2,67.0
2024-08-09 02:15:27.018012008,Mumbai,Dairy,Yogurt,285,159,126,63.12,100.07,30.3,137.0
2024-08-09 13:56:43.068712476,Hyderabad,Vegetables,Spinach,410,227,183,46.87,82.43,25.7,87.0
2024-08-10 01:37:59.119412940,Chennai,Prepared Food,Burger,232,200,32,94.83,172.85,35.9,352.0
2024-08-10 13:19:15.170113408,Mumbai,Vegetables,Carrot,168,92,76,37.88,55.87,31.3,72.0
2024-08-11 01:00:31.220813876,Chennai,Bakery,Bread,418,350,68,84.57,156.67,26.8,81.0
2024-08-11 12:41:47.271514344,Bangalore,Prepared Food,Burger,276,256,20,34.43,50.35,27.0,366.0
2024-08-12 00:23:03.322214808,Mumbai,Bakery,Cake,208,148,60,41.4,68.94,37.5,136.0
2024-08-12 12:04:19.372915276,Mumbai,Bakery,Donut,412,352,60,64.95,91.73,34.8,190.0
2024-08-12 23:45:35.423615744,Chennai,Vegetables,Carrot,346,293,53,87.67,146.61,37.4,143.0
2024-08-13 11:26:51.474316212,Hyderabad,Bakery,Cake,225,154,71,90.18,132.48,27.8,164.0
2024-08-13 23:08:07.525016676,Hyderabad,Vegetables,Potato,333,210,123,37.99,53.83,25.4,176.0
2024-08-14 10:49:23.575717144,Delhi,Fruits,Banana,251,209,42,98.76,157.06,36.6,68.0
2024-08-14 22:30:39.626417612,Bangalore,Fruits,Banana,453,389,64,,153.91,31.7,254.0
2024-08-15 10:11:55.677118080,Chennai,Bakery,Bread,394,343,51,98.24,162.94,22.5,331.0
2024-08-15 21:53:11.727818544,Bangalore,Bakery,Croissant,404,324,80,47.73,62.65,37.4,74.0
2024-08-16 09:34:27.778519012,Mumbai,Fruits,Apple,306,196,110,66.56,118.61,25.6,74.0
2024-08-16 21:15:43.829219480,Hyderabad,Vegetables,Tomato,192,190,2,85.9,140.84,27.3,282.0
2024-08-17 08:56:59.879919944,Mumbai,Prepared Food,Pizza,370,333,37,11.2,17.77,34.3,195.0
2024-08-17 20:38:15.930620412,Bangalore,Fruits,Mango,323,312,11,88.96,139.9,31.9,341.0
2024-08-18 08:19:31.981320880,Hyderabad,Vegetables,Spinach,148,125,23,50.54,83.86,41.8,69.0
2024-08-18 20:00:48.032021348,Bangalore,Prepared Food,Pizza,320,242,78,29.81,46.07,28.2,108.0
2024-08-19 07:42:04.082721812,Delhi,Vegetables,Carrot,471,333,138,69.11,124.13,20.2,284.0
2024-08-19 19:23:20.133422280,Hyderabad,Dairy,Cheese,492,361,131,66.88,91.41,22.3,97.0
2024-08-20 07:04:36.184122748,Hyderabad,Bakery,Donut,349,248,101,80.38,146.79,37.7,363.0
2024-08-20 18:45:52.234823216,Mumbai,Vegetables,Tomato,310,213,97,76.8,108.97,24.3,269.0
2024-08-21 06:27:08.285523680,Hyderabad,Prepared Food,Sandwich,499,488,11,64.49,103.39,37.0,294.0
2024-08-21 18:08:24.336224148,Bangalore,Dairy,Butter,368,212,156,34.38,49.56,26.9,89.0
2024-08-22 05:49:40.386924616,Bangalore,Prepared Food,Pizza,193,181,12,75.19,137.0,32.3,267.0
2024-08-22 17:30:56.437625084,Delhi,Dairy,Cheese,470,347,123,50.57,99.67,29.5,111.0
2024-08-23 05:12:12.488325548,Mumbai,Bakery,Croissant,265,211,54,67.27,102.73,25.9,205.0
2024-08-23 16:53:28.539026016,Chennai,Prepared Food,Sandwich,455,384,71,33.82,59.64,37.9,437.0
2024-08-24 04:34:44.589726484,Chennai,Vegetables,Potato,439,401,38,48.91,64.65,25.7,119.0
2024-08-24 16:16:00.640426952,Mumbai,Prepared Food,Rice Bowl,178,101,77,66.7,126.78,37.2,266.0
2024-08-25 03:57:16.691127416,Chennai,Fruits,Mango,203,187,16,84.29,159.43,25.5,231.0
2024-08-25 15:38:32.741827884,Mumbai,Prepared Food,Burger,375,345,30,39.4,71.85,37.7,414.0
2024-08-26 03:19:48.792528352,Chennai,Fruits,Orange,368,314,54,96.5,185.69,38.7,487.0
2024-08-26 15:01:04.843228820,Delhi,Fruits,Banana,403,255,148,11.42,14.98,40.2,482.0
2024-08-27 02:42:20.893929284,Mumbai,Vegetables,Spinach,454,251,203,66.22,126.16,32.9,74.0
2024-08-27 14:23:36.944629752,Chennai,Vegetables,Tomato,482,283,199,49.81,89.42,28.6,325.0
2024-08-28 02:04:52.995330220,Mumbai,Fruits,Orange,209,168,41,65.67,114.47,30.3,198.0
2024-08-28 13:46:09.046030688,Delhi,Vegetables,Potato,345,301,44,51.51,100.85,31.1,337.0
2024-08-29 01:27:25.096731152,Bangalore,Fruits,Apple,254,193,61,87.73,120.81,40.4,477.0
2024-08-29 13:08:41.147431620,Hyderabad,Prepared Food,Pizza,158,139,19,34.78,49.02,34.0,309.0
2024-08-30 00:49:57.198132088,Delhi,Bakery,Croissant,313,264,49,95.39,128.05,35.1,466.0
2024-08-30 12:31:13.248832556,Delhi,Fruits,Orange,395,334,61,71.71,138.91,34.1,139.0
2024-08-31 00:12:29.299533020,Bangalore,Prepared Food,Rice Bowl,392,391,1,34.93,67.94,32.8,413.0
2024-08-31 11:53:45.350233488,Delhi,Fruits,Banana,107,86,21,48.1,65.38,,165.0
2024-08-31 23:35:01.400933956,Chennai,Fruits,Orange,338,272,66,89.61,124.35,24.4,342.0
2024-09-01 11:16:17.451634424,Hyderabad,Dairy,Milk,363,293,70,79.83,110.93,27.6,
2024-09-01 22:57:33.502334888,Hyderabad,Vegetables,Tomato,163,130,33,94.42,128.37,28.5,483.0
2024-09-02 10:38:49.553035356,Bangalore,Vegetables,Potato,350,211,139,14.97,29.34,21.6,320.0
2024-09-02 22:20:05.603735824,Mumbai,Prepared Food,Burger,392,340,52,24.94,34.42,20.2,456.0
2024-09-03 10:01:21.654436292,Chennai,Fruits,Banana,449,301,148,21.67,32.06,27.8,174.0
2024-09-03 21:42:37.705136756,Delhi,Prepared Food,Burger,200,135,65,82.81,116.17,27.5,432.0
2024-09-04 09:23:53.755837224,Mumbai,Dairy,Yogurt,401,315,86,24.04,39.3,37.2,177.0
2024-09-04 21:05:09.806537692,Delhi,Fruits,Mango,442,387,55,49.76,98.97,28.7,488.0
2024-09-05 08:46:25.857238160,Bangalore,Dairy,Milk,364,221,143,75.25,128.08,34.7,473.0
2024-09-05 20:27:41.907938624,Bangalore,Bakery,Croissant,370,265,105,21.37,36.2,36.8,89.0
2024-09-06 08:08:57.958639092,Mumbai,Vegetables,Potato,181,175,6,76.75,126.24,30.6,260.0
2024-09-06 19:50:14.009339560,Hyderabad,Vegetables,Carrot,326,226,100,46.61,71.3,30.0,394.0
2024-09-07 07:31:30.060040024,Hyderabad,Prepared Food,Rice Bowl,328,313,15,61.1,104.21,30.8,144.0
2024-09-07 19:12:46.110740492,Hyderabad,Vegetables,Spinach,432,396,36,35.15,48.93,38.8,102.0
2024-09-08 06:54:02.161440960,Mumbai,Fruits,Mango,336,333,3,64.35,109.63,32.3,367.0
2024-09-08 18:35:18.212141428,Mumbai,Bakery,Cake,493,401,92,90.46,138.97,36.0,398.0
2024-09-09 06:16:34.262841892,Delhi,Prepared Food,Sandwich,444,370,74,29.85,43.36,39.2,432.0
2024-09-09 17:57:50.313542360,Chennai,Vegetables,Tomato,226,165,61,81.33,141.44,36.5,487.0
2024-09-10 05:39:06.364242828,Hyderabad,Vegetables,Tomato,498,477,21,18.44,30.25,40.3,158.0
2024-09-10 17:20:22.414943296,Mumbai,Fruits,Banana,368,368,0,10.58,19.48,35.5,424.0
2024-09-11 05:01:38.465643760,Bangalore,Dairy,Cheese,385,313,72,94.17,147.19,35.6,387.0
2024-09-11 16:42:54.516344228,Chennai,Prepared Food,Pizza,193,126,67,14.09,24.69,25.0,192.0
2024-09-12 04:24:10.567044696,Bangalore,Bakery,Donut,463,306,157,14.52,19.23,32.1,357.0
2024-09-12 16:05:26.617745164,Hyderabad,Bakery,Cake,143,86,57,40.24,65.43,37.0,490.0
2024-09-13 03:46:42.668445628,Delhi,Fruits,Banana,420,337,83,82.13,129.31,36.5,220.0
2024-09-13 15:27:58.719146096,Bangalore,Bakery,Bread,320,260,60,85.16,165.99,28.0,151.0
2024-09-14 03:09:14.769846564,Mumbai,Prepared Food,Rice Bowl,409,400,9,31.1,47.94,20.7,164.0
2024-09-14 14:50:30.820547032,Mumbai,Dairy,Yogurt,458,406,52,63.76,112.05,24.2,77.0
2024-09-15 02:31:46.871247496,Chennai,Dairy,Cheese,470,325,145,41.54,80.55,27.5,318.0
2024-09-15 14:13:02.921947964,Hyderabad,Vegetables,Potato,204,171,33,99.11,150.48,27.5,409.0
2024-09-16 01:54:18.972648432,Hyderabad,Fruits,Mango,309,216,93,85.11,166.38,24.1,257.0
2024-09-16 13:35:35.023348900,Delhi,Dairy,Butter,236,144,92,73.91,110.2,27.5,286.0
2024-09-17 01:16:51.074049364,Bangalore,Bakery,Croissant,166,114,52,52.39,92.38,36.5,497.0
2024-09-17 12:58:07.124749832,Mumbai,Dairy,Yogurt,251,142,109,20.33,39.83,37.3,212.0
2024-09-18 00:39:23.175450300,Chennai,Vegetables,Tomato,143,103,40,74.54,141.57,27.8,189.0
2024-09-18 12:20:39.226150768,Hyderabad,Vegetables,Carrot,345,277,68,75.67,148.17,33.3,389.0
2024-09-19 00:01:55.276851232,Chennai,Bakery,Donut,471,296,175,71.39,140.28,23.0,351.0
2024-09-19 11:43:11.327551700,Hyderabad,Bakery,Bread,477,394,83,41.96,55.88,24.8,140.0
2024-09-19 23:24:27.378252168,Delhi,Dairy,Milk,326,282,44,69.13,133.34,28.8,394.0
2024-09-20 11:05:43.428952636,Mumbai,Vegetables,Tomato,160,151,9,19.4,33.05,30.2,105.0
2024-09-20 22:46:59.479653100,Chennai,Fruits,Apple,296,234,62,90.61,167.49,35.4,356.0
2024-09-21 10:28:15.530353568,Delhi,Fruits,Mango,431,403,28,25.53,43.34,26.5,494.0
2024-09-21 22:09:31.581054036,Delhi,Prepared Food,Sandwich,477,355,122,33.37,66.03,29.5,211.0
2024-09-22 09:50:47.631754504,Delhi,Vegetables,Tomato,484,448,36,29.64,59.06,32.6,298.0
2024-09-22 21:32:03.682454968,Bangalore,Dairy,Cheese,434,259,175,52.96,81.85,28.0,224.0
2024-09-23 09:13:19.733155436,Bangalore,Bakery,Bread,240,148,92,85.11,131.99,40.1,212.0
2024-09-23 20:54:35.783855904,Chennai,Prepared Food,Pizza,382,222,160,51.32,77.61,40.5,55.0
2024-09-24 08:35:51.834556372,Bangalore,Prepared Food,Sandwich,404,372,32,57.84,76.51,30.5,69.0
2024-09-24 20:17:07.885256836,Bangalore,Fruits,Mango,245,137,108,60.6,109.1,21.5,433.0
2024-09-25 07:58:23.935957304,Mumbai,Vegetables,Carrot,162,123,39,16.91,26.18,32.1,465.0
2024-09-25 19:39:39.986657772,Delhi,Dairy,Butter,459,403,56,65.06,101.59,25.6,114.0
2024-09-26 07:20:56.037358240,Delhi,Fruits,Mango,240,201,39,70.82,124.69,21.5,288.0
2024-09-26 19:02:12.088058704,Mumbai,Vegetables,Spinach,307,299,8,47.73,67.67,39.3,336.0
2024-09-27 06:43:28.138759172,Mumbai,Fruits,Banana,258,213,45,38.17,71.97,21.1,413.0
2024-09-27 18:24:44.189459640,Bangalore,Fruits,Orange,224,179,45,35.71,48.71,26.9,419.0
2024-09-28 06:06:00.240160104,Chennai,Prepared Food,Rice Bowl,159,129,30,90.42,159.2,20.2,489.0
2024-09-28 17:47:16.290860572,Delhi,Dairy,Milk,103,84,19,92.36,136.31,38.6,473.0
2024-09-29 05:28:32.341561040,Hyderabad,Dairy,Butter,328,185,143,39.27,52.13,26.0,188.0
2024-09-29 17:09:48.392261508,Delhi,Fruits,Apple,436,279,157,28.98,55.06,38.0,340.0
2024-09-30 04:51:04.442961972,Mumbai,Bakery,Donut,350,194,156,99.79,143.08,30.1,67.0
2024-09-30 16:32:20.493662440,Hyderabad,Bakery,Croissant,428,257,171,15.91,30.56,29.2,421.0
2024-10-01 04:13:36.544362908,Bangalore,Bakery,Donut,336,295,41,49.8,92.53,35.9,363.0
2024-10-01 15:54:52.595063376,Mumbai,Bakery,Bread,215,165,50,24.67,36.11,20.5,454.0
2024-10-02 03:36:08.645763840,Hyderabad,Prepared Food,Pizza,481,327,154,34.99,46.37,40.4,380.0
2024-10-02 15:17:24.696464308,Bangalore,Bakery,Croissant,286,246,40,95.21,175.87,26.9,288.0
2024-10-03 02:58:40.747164776,Delhi,Dairy,Butter,432,368,64,97.64,164.13,26.1,332.0
2024-10-03 14:39:56.797865244,Chennai,Vegetables,Spinach,353,236,117,82.51,120.22,25.0,57.0
2024-10-04 02:21:12.848565708,Delhi,Prepared Food,Sandwich,383,327,56,40.37,77.09,21.8,449.0
2024-10-04 14:02:28.899266176,Chennai,Dairy,Yogurt,279,276,3,78.32,141.7,30.7,480.0
2024-10-05 01:43:44.949966644,Chennai,Vegetables,Carrot,205,132,73,82.49,151.13,23.4,
2024-10-05 13:25:01.000667112,Delhi,Bakery,Cake,485,415,70,21.3,30.24,38.2,79.0
2024-10-06 01:06:17.051367576,Bangalore,Prepared Food,Pizza,240,174,66,67.74,100.38,39.5,485.0
2024-10-06 12:47:33.102068044,Mumbai,Vegetables,Tomato,137,80,57,88.76,164.5,23.1,337.0
2024-10-07 00:28:49.152768512,Bangalore,Vegetables,Potato,104,76,28,69.07,115.67,21.8,373.0
2024-10-07 12:10:05.203468980,Bangalore,Prepared Food,Burger,176,137,39,50.01,82.68,22.6,208.0
2024-10-07 23:51:21.254169444,Chennai,Fruits,Apple,288,240,48,98.67,181.32,29.6,187.0
2024-10-08 11:32:37.304869912,Delhi,Dairy,Cheese,372,299,73,86.55,124.72,40.6,156.0
2024-10-08 23:13:53.355570380,Chennai,Bakery,Croissant,103,62,41,11.46,21.46,20.9,274.0
2024-10-09 10:55:09.406270848,Hyderabad,Fruits,Mango,146,132,14,78.88,116.52,39.0,157.0
2024-10-09 22:36:25.456971312,Mumbai,Fruits,Banana,395,266,129,70.65,133.73,27.1,332.0
2024-10-10 10:17:41.507671780,Bangalore,Bakery,Cake,404,365,39,10.49,13.65,28.3,333.0
2024-10-10 21:58:57.558372248,Chennai,Bakery,Donut,365,241,124,31.0,53.87,36.4,91.0
2024-10-11 09:40:13.609072716,Chennai,Prepared Food,Sandwich,121,85,36,73.12,100.86,41.9,209.0
2024-10-11 21:21:29.659773180,Bangalore,Dairy,Milk,111,100,11,21.37,28.2,33.7,275.0
2024-10-12 09:02:45.710473648,Delhi,Vegetables,Carrot,165,154,11,70.56,127.5,30.8,435.0
2024-10-12 20:44:01.761174116,Bangalore,Bakery,Cake,384,225,159,90.13,153.57,32.4,329.0
2024-10-13 08:25:17.811874584,Chennai,Prepared Food,Sandwich,245,221,24,40.69,79.02,28.9,85.0
2024-10-13 20:06:33.862575048,Chennai,Prepared Food,Burger,455,433,22,81.3,144.18,35.0,67.0
2024-10-14 07:47:49.913275516,Chennai,Fruits,Orange,222,137,85,29.61,52.21,33.9,280.0
2024-10-14 19:29:05.963975984,Hyderabad,Vegetables,Spinach,186,115,71,21.46,29.79,37.9,450.0
2024-10-15 07:10:22.014676452,Delhi,Bakery,Cake,197,112,85,19.31,30.54,36.0,428.0
2024-10-15 18:51:38.065376916,Chennai,Fruits,Apple,386,310,76,42.09,62.21,20.3,337.0
2024-10-16 06:32:54.116077384,Delhi,Prepared Food,Pizza,390,346,44,56.3,76.54,32.1,327.0
2024-10-16 18:14:10.166777852,Chennai,Dairy,Milk,318,262,56,45.09,73.77,23.0,145.0
2024-10-17 05:55:26.217478320,Mumbai,Fruits,Orange,153,99,54,99.6,170.11,37.9,107.0
2024-10-17 17:36:42.268178784,Hyderabad,Prepared Food,Pizza,436,432,4,70.53,125.37,26.9,484.0
2024-10-18 05:17:58.318879252,Delhi,Bakery,Croissant,262,212,50,62.06,110.8,35.4,122.0
2024-10-18 16:59:14.369579720,Mumbai,Vegetables,Carrot,201,200,1,65.73,94.04,20.6,135.0
2024-10-19 04:40:30.420280184,Chennai,Vegetables,Spinach,464,340,124,30.93,45.1,32.1,395.0
2024-10-19 16:21:46.470980652,Mumbai,Fruits,Banana,176,123,53,79.44,139.52,38.3,484.0
2024-10-20 04:03:02.521681120,Mumbai,Vegetables,Carrot,253,180,73,83.81,111.39,31.0,497.0
2024-10-20 15:44:18.572381588,Hyderabad,Vegetables,Potato,319,239,80,97.93,164.65,23.0,480.0
2024-10-21 03:25:34.623082052,Chennai,Fruits,Orange,423,384,39,73.04,134.34,27.4,100.0
2024-10-21 15:06:50.673782520,Chennai,Prepared Food,Rice Bowl,187,181,6,15.12,27.77,35.4,490.0
2024-10-22 02:48:06.724482988,Delhi,Vegetables,Potato,174,143,31,70.85,107.34,28.1,264.0
2024-10-22 14:29:22.775183456,Bangalore,Prepared Food,Pizza,127,111,16,97.24,152.13,21.4,402.0
2024-10-23 02:10:38.825883920,Mumbai,Vegetables,Potato,385,302,83,99.8,161.3,27.8,142.0
2024-10-23 13:51:54.876584388,Hyderabad,Prepared Food,Pizza,457,356,101,65.26,113.0,30.1,471.0
2024-10-24 01:33:10.927284856,Hyderabad,Bakery,Cake,309,242,67,52.97,91.18,32.8,279.0
2024-10-24 13:14:26.977985324,Hyderabad,Fruits,Mango,100,98,2,45.26,63.99,36.2,476.0
2024-10-25 00:55:43.028685788,Hyderabad,Dairy,Butter,170,142,28,88.47,150.74,27.6,341.0
2024-10-25 12:36:59.079386256,Mumbai,Dairy,Butter,398,244,154,63.35,88.93,23.8,462.0
2024-10-26 00:18:15.130086724,Mumbai,Fruits,Orange,286,187,99,63.61,86.28,40.7,481.0
2024-10-26 11:59:31.180787192,Mumbai,Bakery,Donut,165,101,64,84.58,156.34,26.1,302.0
2024-10-26 23:40:47.231487656,Bangalore,Bakery,Croissant,445,330,115,39.31,61.95,33.3,201.0
2024-10-27 11:22:03.282188124,Bangalore,Fruits,Apple,194,135,59,70.5,115.4,37.8,167.0
2024-10-27 23:03:19.332888592,Hyderabad,Fruits,Orange,345,337,8,11.16,16.28,32.5,166.0
2024-10-28 10:44:35.383589060,Chennai,Dairy,Butter,271,202,69,21.44,30.71,30.1,471.0
2024-10-28 22:25:51.434289524,Hyderabad,Prepared Food,Sandwich,463,440,23,27.72,44.6,24.4,245.0
2024-10-29 10:07:07.484989992,Chennai,Bakery,Cake,121,67,54,84.33,146.9,37.3,
2024-10-29 21:48:23.535690460,Mumbai,Prepared Food,Pizza,243,227,16,58.7,101.17,24.9,168.0
2024-10-30 09:29:39.586390928,Bangalore,Bakery,Bread,249,167,82,84.24,155.96,26.2,492.0
2024-10-30 21:10:55.637091392,Bangalore,Dairy,Yogurt,370,359,11,11.11,15.55,36.3,78.0
2024-10-31 08:52:11.687791860,Delhi,Fruits,Banana,210,152,58,56.05,91.83,28.4,171.0
2024-10-31 20:33:27.738492328,Delhi,Vegetables,Carrot,278,236,42,12.32,20.79,31.4,244.0
2024-11-01 08:14:43.789192796,Chennai,Bakery,Donut,426,248,178,80.0,150.05,39.9,162.0
2024-11-01 19:55:59.839893260,Hyderabad,Prepared Food,Burger,365,309,56,50.89,82.24,40.6,394.0
2024-11-02 07:37:15.890593728,Bangalore,Bakery,Donut,467,333,134,32.13,49.82,41.8,476.0
2024-11-02 19:18:31.941294196,Chennai,Bakery,Cake,142,105,37,16.91,22.03,34.7,
2024-11-03 06:59:47.991994664,Hyderabad,Fruits,Mango,331,249,82,25.94,35.51,41.0,441.0
2024-11-03 18:41:04.042695128,Chennai,Prepared Food,Rice Bowl,124,87,37,26.11,48.52,34.9,350.0
2024-11-04 06:22:20.093395596,Delhi,Dairy,Yogurt,213,171,42,80.42,160.42,25.3,287.0
2024-11-04 18:03:36.144096064,Hyderabad,Prepared Food,Burger,292,210,82,76.57,132.36,20.4,324.0
2024-11-05 05:44:52.194796532,Delhi,Dairy,Butter,447,432,15,62.05,116.83,37.7,302.0
2024-11-05 17:26:08.245496996,Bangalore,Bakery,Bread,198,147,51,59.37,93.92,31.4,359.0
2024-11-06 05:07:24.296197464,Mumbai,Vegetables,Spinach,272,194,78,11.0,19.92,32.6,331.0
2024-11-06 16:48:40.346897932,Hyderabad,Prepared Food,Rice Bowl,164,95,69,41.99,74.26,30.6,456.0
2024-11-07 04:29:56.397598400,Bangalore,Prepared Food,Pizza,442,391,51,52.46,88.52,32.5,137.0
2024-11-07 16:11:12.448298864,Mumbai,Fruits,Orange,269,153,116,80.22,135.95,25.7,186.0
2024-11-08 03:52:28.498999332,Hyderabad,Prepared Food,Rice Bowl,386,232,154,76.15,131.52,30.7,392.0
2024-11-08 15:33:44.549699800,Chennai,Vegetables,Tomato,191,121,70,72.46,103.47,27.0,346.0
2024-11-09 03:15:00.600400264,Chennai,Fruits,Apple,137,80,57,12.16,20.79,40.7,422.0
2024-11-09 14:56:16.651100732,Mumbai,Fruits,Apple,245,197,48,59.55,94.4,31.5,239.0
2024-11-10 02:37:32.701801200,Hyderabad,Bakery,Donut,225,220,5,90.16,154.88,37.8,260.0
2024-11-10 14:18:48.752501668,Mumbai,Bakery,Donut,428,363,65,39.47,55.86,24.0,409.0
2024-11-11 02:00:04.803202132,Hyderabad,Dairy,Cheese,480,308,172,62.92,100.58,33.5,97.0
2024-11-11 13:41:20.853902600,Bangalore,Fruits,Orange,109,88,21,74.34,126.77,20.3,430.0
2024-11-12 01:22:36.904603068,Delhi,Bakery,Croissant,290,167,123,37.79,56.89,25.9,192.0
2024-11-12 13:03:52.955303536,Delhi,Fruits,Apple,168,96,72,60.81,107.28,34.9,62.0
2024-11-13 00:45:09.006004000,Chennai,Vegetables,Potato,429,423,6,35.85,68.68,21.1,415.0
2024-11-13 12:26:25.056704468,Chennai,Bakery,Cake,366,299,67,91.29,120.25,24.6,190.0
2024-11-14 00:07:41.107404936,Bangalore,Vegetables,Tomato,172,145,27,56.1,99.65,40.5,152.0
2024-11-14 11:48:57.158105404,Chennai,Prepared Food,Pizza,305,255,50,23.67,36.21,21.2,179.0
2024-11-14 23:30:13.208805868,Bangalore,Bakery,Bread,458,356,102,75.35,117.31,23.2,124.0
2024-11-15 11:11:29.259506336,Chennai,Vegetables,Spinach,313,230,83,10.61,17.68,40.3,433.0
2024-11-15 22:52:45.310206804,Hyderabad,Bakery,Donut,134,127,7,22.88,40.28,34.1,79.0
2024-11-16 10:34:01.360907272,Hyderabad,Fruits,Apple,243,243,0,34.07,63.67,21.8,129.0
2024-11-16 22:15:17.411607736,Bangalore,Vegetables,Carrot,372,210,162,87.15,159.94,23.2,457.0
2024-11-17 09:56:33.462308204,Chennai,Dairy,Yogurt,225,147,78,14.84,26.25,25.1,432.0
2024-11-17 21:37:49.513008672,Bangalore,Fruits,Banana,383,340,43,25.94,33.82,29.8,225.0
2024-11-18 09:19:05.563709140,Mumbai,Prepared Food,Sandwich,427,412,15,95.12,144.49,38.9,442.0
2024-11-18 21:00:21.614409604,Chennai,Prepared Food,Rice Bowl,290,214,76,68.22,118.53,34.0,286.0
2024-11-19 08:41:37.665110072,Mumbai,Fruits,Apple,329,266,63,25.15,47.42,32.1,227.0
2024-11-19 20:22:53.715810540,Hyderabad,Vegetables,Tomato,286,283,3,52.95,98.23,41.6,52.0
2024-11-20 08:04:09.766511008,Mumbai,Vegetables,Carrot,215,131,84,70.39,125.85,28.0,322.0
2024-11-20 19:45:25.817211472,Delhi,Vegetables,Spinach,250,218,32,46.7,89.69,21.0,119.0
2024-11-21 07:26:41.867911940,Bangalore,Fruits,Orange,391,222,169,72.57,126.33,39.0,403.0
2024-11-21 19:07:57.918612408,Delhi,Prepared Food,Burger,340,199,141,97.82,152.44,27.9,426.0
2024-11-22 06:49:13.969312876,Bangalore,Prepared Food,Sandwich,291,197,94,15.68,24.74,30.4,406.0
2024-11-22 18:30:30.020013340,Chennai,Bakery,Donut,439,325,114,46.96,87.92,39.7,355.0
2024-11-23 06:11:46.070713808,Hyderabad,Dairy,Butter,372,283,89,33.1,60.46,31.3,399.0
2024-11-23 17:53:02.121414276,Hyderabad,Bakery,Croissant,424,301,123,92.86,143.14,21.2,250.0
2024-11-24 05:34:18.172114744,Hyderabad,Prepared Food,Sandwich,421,239,182,59.84,99.28,26.2,211.0
2024-11-24 17:15:34.222815208,Mumbai,Prepared Food,Sandwich,465,351,114,75.16,146.57,29.5,265.0
2024-11-25 04:56:50.273515676,Chennai,Vegetables,Spinach,181,125,56,43.73,75.87,35.8,154.0
2024-11-25 16:38:06.324216144,Bangalore,Vegetables,Spinach,186,157,29,66.22,89.85,29.9,162.0
2024-11-26 04:19:22.374916612,Chennai,Prepared Food,Pizza,178,114,64,87.94,114.93,37.1,363.0
2024-11-26 16:00:38.425617076,Bangalore,Vegetables,Carrot,205,118,87,77.91,114.84,31.8,354.0
2024-11-27 03:41:54.476317544,Mumbai,Vegetables,Potato,384,359,25,58.12,110.49,27.2,347.0
2024-11-27 15:23:10.527018012,Mumbai,Fruits,Mango,297,290,7,91.37,123.17,41.8,231.0
2024-11-28 03:04:26.577718480,Mumbai,Bakery,Bread,418,413,5,36.22,57.67,28.3,71.0
2024-11-28 14:45:42.628418944,Chennai,Fruits,Mango,141,141,0,95.81,128.59,26.5,322.0
2024-11-29 02:26:58.679119412,Mumbai,Bakery,Croissant,155,103,52,39.37,51.75,36.7,434.0
2024-11-29 14:08:14.729819880,Chennai,Vegetables,Tomato,297,227,70,95.99,141.38,38.9,
2024-11-30 01:49:30.780520344,Bangalore,Prepared Food,Sandwich,435,303,132,85.28,140.86,20.3,236.0
2024-11-30 13:30:46.831220812,Delhi,Vegetables,Tomato,434,399,35,43.93,69.2,32.0,376.0
2024-12-01 01:12:02.881921280,Bangalore,Fruits,Banana,224,203,21,55.3,102.72,36.3,389.0
2024-12-01 12:53:18.932621748,Chennai,Bakery,Cake,157,155,2,81.38,118.36,24.1,72.0
2024-12-02 00:34:34.983322212,Delhi,Dairy,Milk,126,94,32,76.12,136.23,38.8,268.0
2024-12-02 12:15:51.034022680,Chennai,Bakery,Bread,229,179,50,84.62,140.11,33.6,257.0
2024-12-02 23:57:07.084723148,Mumbai,Prepared Food,Sandwich,178,163,15,27.28,38.25,40.6,200.0
2024-12-03 11:38:23.135423616,Bangalore,Fruits,Banana,142,84,58,83.83,141.95,34.8,55.0
2024-12-03 23:19:39.186124080,Bangalore,Dairy,Yogurt,325,303,22,31.77,50.77,41.3,219.0
2024-12-04 11:00:55.236824548,Delhi,Fruits,Mango,155,125,30,57.35,105.04,35.7,369.0
2024-12-04 22:42:11.287525016,Bangalore,Fruits,Banana,229,160,69,56.56,89.88,24.4,
2024-12-05 10:23:27.338225484,Mumbai,Dairy,Milk,173,119,54,64.88,95.28,28.5,478.0
2024-12-05 22:04:43.388925948,Chennai,Bakery,Bread,412,355,57,45.75,67.34,37.9,373.0
2024-12-06 09:45:59.439626416,Chennai,Bakery,Bread,405,333,72,62.34,112.23,25.3,451.0
2024-12-06 21:27:15.490326884,Bangalore,Prepared Food,Burger,464,399,65,27.59,39.08,40.2,131.0
2024-12-07 09:08:31.541027352,Hyderabad,Bakery,Bread,256,234,22,10.35,17.09,32.8,96.0
2024-12-07 20:49:47.591727816,Hyderabad,Fruits,Mango,304,245,59,54.93,79.74,39.2,395.0
2024-12-08 08:31:03.642428284,Hyderabad,Vegetables,Potato,253,164,89,33.56,58.29,38.2,180.0
2024-12-08 20:12:19.693128752,Bangalore,Dairy,Milk,374,221,153,36.93,59.15,26.9,180.0
2024-12-09 07:53:35.743829220,Bangalore,Fruits,Apple,454,448,6,81.45,159.54,33.7,351.0
2024-12-09 19:34:51.794529684,Chennai,Vegetables,Spinach,409,285,124,50.14,65.88,21.4,193.0
2024-12-10 07:16:07.845230152,Chennai,Dairy,Butter,447,378,69,67.13,96.03,36.5,348.0
2024-12-10 18:57:23.895930620,Hyderabad,Dairy,Cheese,125,124,1,53.43,77.54,41.3,302.0
2024-12-11 06:38:39.946631088,Bangalore,Dairy,Yogurt,497,380,117,52.76,101.75,31.6,318.0
2024-12-11 18:19:55.997331552,Bangalore,Dairy,Butter,248,163,85,48.59,65.0,20.5,136.0
2024-12-12 06:01:12.048032020,Hyderabad,Prepared Food,Pizza,353,241,112,59.56,83.81,36.0,436.0
2024-12-12 17:42:28.098732488,Bangalore,Vegetables,Spinach,199,186,13,61.62,94.84,34.3,183.0
2024-12-13 05:23:44.149432956,Delhi,Prepared Food,Burger,377,224,153,39.51,73.92,33.1,100.0
2024-12-13 17:05:00.200133420,Delhi,Fruits,Banana,254,191,63,17.93,33.06,38.6,60.0
2024-12-14 04:46:16.250833888,Chennai,Fruits,Banana,122,119,3,58.18,101.51,24.3,66.0
2024-12-14 16:27:32.301534356,Chennai,Dairy,Milk,476,271,205,73.39,143.11,36.3,168.0
2024-12-15 04:08:48.352234824,Delhi,Dairy,Butter,218,152,66,14.75,26.67,22.7,495.0
2024-12-15 15:50:04.402935288,Delhi,Fruits,Apple,458,254,204,25.71,46.15,35.7,170.0
2024-12-16 03:31:20.453635756,Chennai,Vegetables,Potato,118,65,53,20.93,37.77,24.0,174.0
2024-12-16 15:12:36.504336224,Hyderabad,Fruits,Orange,482,404,78,54.08,90.32,27.4,358.0
2024-12-17 02:53:52.555036692,Chennai,Vegetables,Potato,311,282,29,26.72,36.33,29.6,63.0
2024-12-17 14:35:08.605737156,Chennai,Dairy,Milk,335,233,102,16.27,31.33,28.5,442.0
2024-12-18 02:16:24.656437624,Chennai,Bakery,Cake,143,121,22,86.7,115.19,21.1,100.0
2024-12-18 13:57:40.707138092,Mumbai,Dairy,Cheese,365,319,46,97.52,162.14,33.5,431.0
2024-12-19 01:38:56.757838560,Bangalore,Bakery,Croissant,319,231,88,51.11,96.7,22.5,123.0
2024-12-19 13:20:12.808539024,Bangalore,Bakery,Donut,131,113,18,61.91,85.65,20.8,229.0
2024-12-20 01:01:28.859239492,Hyderabad,Prepared Food,Pizza,312,172,140,33.62,53.63,20.9,340.0
2024-12-20 12:42:44.909939960,Chennai,Fruits,Banana,345,334,11,39.92,60.71,,221.0
2024-12-21 00:24:00.960640424,Delhi,Prepared Food,Sandwich,276,161,115,88.17,149.47,31.4,62.0
2024-12-21 12:05:17.011340892,Bangalore,Bakery,Donut,309,262,47,53.38,97.71,26.2,370.0
2024-12-21 23:46:33.062041360,Bangalore,Vegetables,Spinach,408,359,49,25.47,42.87,23.6,231.0
2024-12-22 11:27:49.112741828,Chennai,Prepared Food,Pizza,358,285,73,56.38,77.33,36.5,435.0
2024-12-22 23:09:05.163442292,Delhi,Fruits,Mango,181,175,6,87.46,156.24,20.2,440.0
2024-12-23 10:50:21.214142760,Delhi,Dairy,Cheese,115,85,30,62.35,114.5,28.9,446.0
2024-12-23 22:31:37.264843228,Bangalore,Prepared Food,Pizza,407,299,108,34.44,52.4,38.6,297.0
2024-12-24 10:12:53.315543696,Mumbai,Vegetables,Spinach,354,336,18,26.56,48.59,30.4,60.0
2024-12-24 21:54:09.366244160,Chennai,Vegetables,Potato,250,229,21,50.52,74.61,29.7,473.0
2024-12-25 09:35:25.416944628,Mumbai,Prepared Food,Pizza,243,226,17,79.22,126.58,32.4,358.0
2024-12-25 21:16:41.467645096,Delhi,Dairy,Milk,495,361,134,83.5,160.29,21.9,61.0
2024-12-26 08:57:57.518345564,Delhi,Prepared Food,Sandwich,281,181,100,84.66,117.98,40.6,382.0
2024-12-26 20:39:13.569046028,Bangalore,Dairy,Milk,177,171,6,94.44,140.99,27.3,105.0
2024-12-27 08:20:29.619746496,Chennai,Bakery,Donut,355,245,110,28.43,52.84,36.2,310.0
2024-12-27 20:01:45.670446964,Mumbai,Prepared Food,Pizza,109,70,39,95.91,186.35,21.0,341.0
2024-12-28 07:43:01.721147432,Delhi,Bakery,Croissant,197,143,54,66.6,116.43,38.7,476.0
2024-12-28 19:24:17.771847896,Hyderabad,Fruits,Banana,325,282,43,63.38,104.1,22.9,483.0
2024-12-29 07:05:33.822548364,Delhi,Vegetables,Potato,215,186,29,36.03,56.15,34.6,322.0
2024-12-29 18:46:49.873248832,Mumbai,Fruits,Orange,273,191,82,70.66,92.68,27.5,456.0
2024-12-30 06:28:05.923949300,Mumbai,Vegetables,Tomato,423,361,62,94.06,130.91,37.5,288.0
2024-12-30 18:09:21.974649764,Bangalore,Fruits,Orange,315,296,19,42.37,70.98,35.8,76.0
2024-12-31 05:50:38.025350232,Delhi,Vegetables,Spinach,294,273,21,17.49,33.3,30.6,354.0
2024-12-31 17:31:54.076050700,Chennai,Vegetables,Carrot,411,320,91,88.66,128.96,23.5,133.0
2025-01-01 05:13:10.126751168,Chennai,Vegetables,Spinach,244,170,74,87.21,131.99,24.2,111.0
2025-01-01 16:54:26.177451632,Delhi,Vegetables,Spinach,407,241,166,52.45,76.54,23.7,117.0
2025-01-02 04:35:42.228152100,Bangalore,Fruits,Banana,424,287,137,98.93,162.21,23.9,427.0
2025-01-02 16:16:58.278852568,Mumbai,Dairy,Cheese,227,174,53,56.94,78.99,41.2,127.0
2025-01-03 03:58:14.329553036,Chennai,Prepared Food,Sandwich,148,89,59,14.24,18.71,24.2,357.0
2025-01-03 15:39:30.380253500,Mumbai,Prepared Food,Burger,162,107,55,80.52,105.27,36.8,146.0
2025-01-04 03:20:46.430953968,Hyderabad,Prepared Food,Pizza,391,336,55,32.58,53.98,40.0,120.0
2025-01-04 15:02:02.481654436,Chennai,Dairy,Yogurt,191,184,7,96.59,159.98,30.0,231.0
2025-01-05 02:43:18.532354904,Chennai,Bakery,Donut,219,140,79,62.18,93.13,26.1,433.0
2025-01-05 14:24:34.583055368,Chennai,Bakery,Bread,486,436,50,62.07,84.28,23.4,176.0
2025-01-06 02:05:50.633755836,Chennai,Prepared Food,Sandwich,154,135,19,20.38,38.9,30.4,417.0
2025-01-06 13:47:06.684456304,Chennai,Fruits,Apple,186,174,12,10.56,19.72,40.9,440.0
2025-01-07 01:28:22.735156772,Mumbai,Dairy,Cheese,375,278,97,11.28,16.7,29.9,149.0
2025-01-07 13:09:38.785857236,Chennai,Fruits,Apple,472,457,15,58.0,91.87,23.7,458.0
2025-01-08 00:50:54.836557704,Delhi,Prepared Food,Sandwich,295,190,105,30.45,51.18,35.3,195.0
2025-01-08 12:32:10.887258172,Mumbai,Dairy,Milk,367,217,150,86.67,162.25,20.3,178.0
2025-01-09 00:13:26.937958640,Delhi,Vegetables,Tomato,287,183,104,40.79,76.15,25.2,482.0
2025-01-09 11:54:42.988659104,Bangalore,Prepared Food,Rice Bowl,146,138,8,26.69,38.1,31.3,417.0
2025-01-09 23:35:59.039359572,Bangalore,Fruits,Mango,266,194,72,61.23,116.8,32.8,303.0
2025-01-10 11:17:15.090060040,Delhi,Dairy,Yogurt,137,133,4,45.5,86.77,25.4,304.0
2025-01-10 22:58:31.140760504,Bangalore,Fruits,Orange,488,409,79,41.32,79.62,41.3,458.0
2025-01-11 10:39:47.191460972,Bangalore,Vegetables,Spinach,334,332,2,34.01,47.06,25.1,360.0
2025-01-11 22:21:03.242161440,Hyderabad,Vegetables,Carrot,100,61,39,38.41,63.14,27.1,227.0
2025-01-12 10:02:19.292861908,Delhi,Dairy,Cheese,495,374,121,47.0,75.73,32.7,171.0
2025-01-12 21:43:35.343562372,Hyderabad,Bakery,Donut,351,311,40,10.7,17.6,41.7,228.0
2025-01-13 09:24:51.394262840,Bangalore,Dairy,Butter,456,409,47,29.58,41.22,41.0,116.0
2025-01-13 21:06:07.444963308,Chennai,Prepared Food,Burger,275,167,108,65.82,110.67,22.8,280.0
2025-01-14 08:47:23.495663776,Mumbai,Bakery,Donut,424,369,55,29.57,46.03,28.6,53.0
2025-01-14 20:28:39.546364240,Mumbai,Fruits,Orange,423,332,91,16.12,24.53,25.9,157.0
2025-01-15 08:09:55.597064708,Chennai,Bakery,Donut,423,277,146,86.04,133.51,35.1,281.0
2025-01-15 19:51:11.647765176,Hyderabad,Bakery,Croissant,357,272,85,46.83,71.68,35.3,71.0
2025-01-16 07:32:27.698465644,Mumbai,Fruits,Orange,326,318,8,75.43,134.65,41.7,346.0
2025-01-16 19:13:43.749166108,Chennai,Bakery,Bread,367,213,154,92.36,130.18,36.5,385.0
2025-01-17 06:54:59.799866576,Mumbai,Prepared Food,Pizza,475,265,210,56.65,102.28,23.8,443.0
2025-01-17 18:36:15.850567044,Bangalore,Dairy,Butter,166,162,4,12.44,20.08,26.5,119.0
2025-01-18 06:17:31.901267512,Delhi,Bakery,Croissant,325,317,8,22.0,42.89,39.1,430.0
2025-01-18 17:58:47.951967976,Bangalore,Fruits,Banana,313,255,58,20.26,35.47,38.4,214.0
2025-01-19 05:40:04.002668444,Hyderabad,Bakery,Donut,377,320,57,57.58,76.24,34.1,422.0
2025-01-19 17:21:20.053368912,Mumbai,Prepared Food,Sandwich,419,367,52,33.86,54.26,42.0,136.0
2025-01-20 05:02:36.104069380,Mumbai,Bakery,Donut,197,135,62,57.18,101.03,25.9,
2025-01-20 16:43:52.154769844,Chennai,Vegetables,Tomato,247,158,89,67.88,103.25,33.7,459.0
2025-01-21 04:25:08.205470312,Chennai,Dairy,Yogurt,286,194,92,44.8,83.99,41.3,273.0
2025-01-21 16:06:24.256170780,Mumbai,Dairy,Butter,492,333,159,34.76,60.74,27.5,309.0
2025-01-22 03:47:40.306871248,Chennai,Fruits,Mango,471,269,202,12.22,21.85,36.0,70.0
2025-01-22 15:28:56.357571712,Delhi,Dairy,Yogurt,210,196,14,89.14,147.97,31.9,461.0
2025-01-23 03:10:12.408272180,Mumbai,Bakery,Bread,183,166,17,29.14,39.86,21.4,497.0
2025-01-23 14:51:28.458972648,Hyderabad,Dairy,Milk,357,357,0,52.21,101.81,34.1,125.0
2025-01-24 02:32:44.509673116,Chennai,Vegetables,Potato,148,129,19,98.29,173.31,38.0,395.0
2025-01-24 14:14:00.560373580,Chennai,Vegetables,Potato,353,208,145,69.0,91.62,33.1,485.0
2025-01-25 01:55:16.611074048,Mumbai,Prepared Food,Burger,248,201,47,70.37,131.94,25.4,407.0
2025-01-25 13:36:32.661774516,Hyderabad,Bakery,Croissant,216,188,28,27.32,37.46,40.0,496.0
2025-01-26 01:17:48.712474984,Delhi,Prepared Food,Burger,363,256,107,64.52,112.41,31.6,314.0
2025-01-26 12:59:04.763175448,Chennai,Dairy,Cheese,179,133,46,26.94,38.5,21.3,456.0
2025-01-27 00:40:20.813875916,Chennai,Bakery,Donut,435,340,95,14.41,24.51,38.0,274.0
2025-01-27 12:21:36.864576384,Hyderabad,Bakery,Bread,190,180,10,12.39,22.48,33.8,269.0
2025-01-28 00:02:52.915276852,Bangalore,Prepared Food,Rice Bowl,234,169,65,41.72,57.92,22.9,74.0
2025-01-28 11:44:08.965977316,Mumbai,Bakery,Bread,228,211,17,66.55,95.09,22.3,116.0
2025-01-28 23:25:25.016677784,Chennai,Prepared Food,Sandwich,165,147,18,73.29,138.09,21.2,342.0
2025-01-29 11:06:41.067378252,Delhi,Vegetables,Carrot,164,154,10,38.27,75.41,20.7,154.0
2025-01-29 22:47:57.118078716,Mumbai,Fruits,Banana,315,217,98,92.34,133.73,23.2,84.0
2025-01-30 10:29:13.168779184,Mumbai,Vegetables,Spinach,342,331,11,61.65,95.28,38.3,267.0
2025-01-30 22:10:29.219479652,Mumbai,Fruits,Mango,424,373,51,98.57,148.31,26.5,227.0
2025-01-31 09:51:45.270180120,Mumbai,Fruits,Orange,303,172,131,89.09,128.08,40.8,51.0
2025-01-31 21:33:01.320880584,Delhi,Bakery,Croissant,375,322,53,95.11,168.7,26.6,105.0
2025-02-01 09:14:17.371581052,Delhi,Fruits,Mango,316,252,64,48.06,89.24,23.1,71.0
2025-02-01 20:55:33.422281520,Delhi,Fruits,Apple,456,430,26,59.05,80.35,25.2,483.0
2025-02-02 08:36:49.472981988,Bangalore,Bakery,Cake,120,101,19,71.44,124.31,25.9,359.0
2025-02-02 20:18:05.523682452,Hyderabad,Dairy,Milk,435,426,9,61.25,115.31,41.8,150.0
2025-02-03 07:59:21.574382920,Mumbai,Dairy,Butter,452,346,106,30.36,42.27,39.5,51.0
2025-02-03 19:40:37.625083388,Mumbai,Fruits,Apple,222,222,0,83.54,134.82,30.8,319.0
2025-02-04 07:21:53.675783856,Chennai,Vegetables,Carrot,436,344,92,50.43,98.76,41.0,411.0
2025-02-04 19:03:09.726484320,Hyderabad,Bakery,Bread,199,126,73,34.12,66.14,33.9,458.0
2025-02-05 06:44:25.777184788,Chennai,Dairy,Milk,359,278,81,51.2,69.98,39.8,124.0
2025-02-05 18:25:41.827885256,Bangalore,Fruits,Orange,161,151,10,14.16,24.15,40.1,69.0
2025-02-06 06:06:57.878585724,Hyderabad,Dairy,Butter,412,344,68,69.66,137.64,40.1,349.0
2025-02-06 17:48:13.929286188,Chennai,Dairy,Butter,473,328,145,97.97,193.5,23.6,175.0
2025-02-07 05:29:29.979986656,Bangalore,Fruits,Banana,303,194,109,83.44,130.57,21.9,459.0
2025-02-07 17:10:46.030687124,Mumbai,Dairy,Cheese,167,115,52,73.81,142.77,23.0,442.0
2025-02-08 04:52:02.081387592,Hyderabad,Dairy,Milk,271,212,59,75.47,139.66,25.4,382.0
2025-02-08 16:33:18.132088056,Bangalore,Prepared Food,Sandwich,399,292,107,75.87,107.87,27.9,335.0
2025-02-09 04:14:34.182788524,Mumbai,Fruits,Apple,125,124,1,83.45,133.72,37.5,235.0
2025-02-09 15:55:50.233488992,Delhi,Bakery,Cake,110,98,12,91.92,129.43,33.8,485.0
2025-02-10 03:37:06.284189460,Chennai,Vegetables,Potato,286,270,16,41.07,58.36,33.7,147.0
2025-02-10 15:18:22.334889924,Hyderabad,Bakery,Croissant,214,136,78,74.56,131.6,27.6,433.0
2025-02-11 02:59:38.385590392,Mumbai,Fruits,Orange,139,107,32,62.79,101.64,31.4,219.0
2025-02-11 14:40:54.436290860,Delhi,Prepared Food,Pizza,268,179,89,49.84,90.34,25.1,328.0
2025-02-12 02:22:10.486991328,Delhi,Dairy,Butter,171,98,73,49.62,66.91,32.7,182.0
2025-02-12 14:03:26.537691792,Hyderabad,Prepared Food,Burger,206,135,71,14.76,26.43,21.2,331.0
2025-02-13 01:44:42.588392260,Hyderabad,Prepared Food,Pizza,253,186,67,53.73,91.13,40.2,95.0
2025-02-13 13:25:58.639092728,Bangalore,Dairy,Cheese,315,244,71,65.69,89.15,24.8,235.0
2025-02-14 01:07:14.689793196,Delhi,Dairy,Yogurt,198,121,77,58.86,81.85,28.3,483.0
2025-02-14 12:48:30.740493660,Chennai,Bakery,Bread,332,319,13,80.02,116.38,23.6,435.0
2025-02-15 00:29:46.791194128,Bangalore,Bakery,Bread,150,139,11,47.7,79.28,21.9,169.0
2025-02-15 12:11:02.841894596,Hyderabad,Fruits,Banana,422,334,88,37.58,74.17,41.2,170.0
2025-02-15 23:52:18.892595064,Hyderabad,Vegetables,Tomato,190,166,24,47.14,64.6,31.2,342.0
2025-02-16 11:33:34.943295528,Mumbai,Prepared Food,Burger,455,388,67,71.63,103.75,25.3,192.0
2025-02-16 23:14:50.993995996,Bangalore,Vegetables,Carrot,398,291,107,19.33,34.63,26.6,201.0
2025-02-17 10:56:07.044696464,Mumbai,Dairy,Cheese,331,207,124,98.22,172.38,36.3,353.0
2025-02-17 22:37:23.095396932,Mumbai,Bakery,Bread,445,389,56,43.19,79.42,37.8,454.0
2025-02-18 10:18:39.146097396,Mumbai,Fruits,Banana,297,206,91,53.55,103.26,40.0,217.0
2025-02-18 21:59:55.196797864,Mumbai,Dairy,Butter,175,171,4,29.54,49.61,41.3,118.0
2025-02-19 09:41:11.247498332,Mumbai,Bakery,Bread,168,157,11,58.38,99.42,34.2,214.0
2025-02-19 21:22:27.298198796,Delhi,Fruits,Mango,130,81,49,22.88,29.97,32.5,276.0
2025-02-20 09:03:43.348899264,Chennai,Dairy,Yogurt,120,70,50,95.8,185.11,35.7,366.0
2025-02-20 20:44:59.399599732,Hyderabad,Vegetables,Potato,485,386,99,78.86,129.31,23.3,274.0
2025-02-21 08:26:15.450300200,Chennai,Bakery,Croissant,112,79,33,65.18,91.91,41.2,381.0
2025-02-21 20:07:31.501000664,Chennai,Prepared Food,Sandwich,284,279,5,98.11,162.01,30.0,295.0
2025-02-22 07:48:47.551701136,Bangalore,Bakery,Donut,311,186,125,18.05,28.75,38.8,88.0
2025-02-22 19:30:03.602401600,Delhi,Bakery,Cake,236,232,4,74.8,102.54,33.7,64.0
2025-02-23 07:11:19.653102064,Chennai,Vegetables,Tomato,313,245,68,88.63,123.09,39.1,139.0
2025-02-23 18:52:35.703802536,Mumbai,Prepared Food,Burger,128,92,36,86.79,148.14,21.7,326.0
2025-02-24 06:33:51.754503000,Hyderabad,Bakery,Croissant,285,248,37,45.48,86.13,30.8,126.0
2025-02-24 18:15:07.805203464,Hyderabad,Dairy,Yogurt,330,198,132,62.91,122.94,36.0,68.0
2025-02-25 05:56:23.855903936,Mumbai,Fruits,Banana,219,153,66,40.06,55.07,25.3,390.0
2025-02-25 17:37:39.906604400,Bangalore,Fruits,Orange,352,319,33,28.94,51.59,39.3,65.0
2025-02-26 05:18:55.957304872,Hyderabad,Vegetables,Carrot,120,115,5,39.59,59.17,24.1,183.0
2025-02-26 17:00:12.008005336,Hyderabad,Fruits,Mango,165,98,67,73.84,97.09,29.2,152.0
2025-02-27 04:41:28.058705800,Hyderabad,Bakery,Croissant,200,179,21,92.54,158.1,30.2,170.0
2025-02-27 16:22:44.109406272,Bangalore,Dairy,Cheese,130,94,36,27.01,40.44,25.9,447.0
2025-02-28 04:04:00.160106736,Bangalore,Vegetables,Spinach,123,111,12,62.49,113.38,27.1,165.0
2025-02-28 15:45:16.210807200,Bangalore,Dairy,Cheese,136,99,37,54.42,88.02,20.8,231.0
2025-03-01 03:26:32.261507672,Mumbai,Dairy,Cheese,152,145,7,85.34,162.63,,136.0
2025-03-01 15:07:48.312208136,Mumbai,Fruits,Mango,200,146,54,78.07,130.98,21.7,179.0
2025-03-02 02:49:04.362908608,Delhi,Vegetables,Carrot,487,480,7,93.99,164.12,37.6,380.0
2025-03-02 14:30:20.413609072,Bangalore,Vegetables,Spinach,222,129,93,88.83,164.18,23.7,99.0
2025-03-03 02:11:36.464309536,Hyderabad,Dairy,Yogurt,494,461,33,70.54,100.26,35.9,489.0
2025-03-03 13:52:52.515010008,Hyderabad,Vegetables,Carrot,120,75,45,75.1,104.78,38.4,237.0
2025-03-04 01:34:08.565710472,Bangalore,Vegetables,Spinach,250,149,101,89.99,120.87,29.9,170.0
2025-03-04 13:15:24.616410936,Chennai,Fruits,Orange,248,193,55,37.24,60.4,26.1,386.0
2025-03-05 00:56:40.667111408,Bangalore,Fruits,Orange,105,78,27,10.9,20.9,32.6,371.0
2025-03-05 12:37:56.717811872,Chennai,Dairy,Yogurt,436,373,63,19.91,31.31,25.3,465.0
2025-03-06 00:19:12.768512344,Mumbai,Fruits,Mango,437,327,110,72.77,127.34,37.2,96.0
2025-03-06 12:00:28.819212808,Hyderabad,Fruits,Banana,373,248,125,18.43,36.28,33.4,248.0
2025-03-06 23:41:44.869913272,Mumbai,Prepared Food,Sandwich,333,298,35,95.31,141.15,27.4,269.0
2025-03-07 11:23:00.920613744,Chennai,Dairy,Cheese,408,355,53,41.56,76.51,37.7,335.0
2025-03-07 23:04:16.971314208,Chennai,Dairy,Milk,325,184,141,73.65,105.56,28.1,102.0
2025-03-08 10:45:33.022014672,Delhi,Dairy,Cheese,463,365,98,55.29,90.97,20.1,413.0
2025-03-08 22:26:49.072715144,Delhi,Dairy,Cheese,182,110,72,,75.13,34.6,415.0
2025-03-09 10:08:05.123415608,Mumbai,Dairy,Cheese,157,94,63,78.12,134.73,23.7,283.0
2025-03-09 21:49:21.174116080,Delhi,Bakery,Donut,380,355,25,90.27,135.5,27.2,123.0
2025-03-10 09:30:37.224816544,Mumbai,Vegetables,Carrot,354,221,133,69.71,131.43,24.7,443.0
2025-03-10 21:11:53.275517008,Mumbai,Fruits,Banana,456,354,102,51.58,99.66,21.1,311.0
2025-03-11 08:53:09.326217480,Delhi,Fruits,Orange,320,298,22,,80.92,21.4,274.0
2025-03-11 20:34:25.376917944,Delhi,Dairy,Cheese,282,226,56,33.01,51.34,38.6,285.0
2025-03-12 08:15:41.427618408,Mumbai,Prepared Food,Pizza,356,227,129,50.0,69.96,22.3,313.0
2025-03-12 19:56:57.478318880,Bangalore,Bakery,Cake,236,215,21,45.05,88.58,27.0,133.0
2025-03-13 07:38:13.529019344,Mumbai,Dairy,Milk,351,344,7,43.46,57.04,35.5,344.0
2025-03-13 19:19:29.579719808,Hyderabad,Fruits,Orange,401,257,144,60.9,100.65,20.3,83.0
2025-03-14 07:00:45.630420280,Hyderabad,Vegetables,Carrot,260,189,71,53.55,96.92,27.0,338.0
2025-03-14 18:42:01.681120744,Chennai,Vegetables,Tomato,304,251,53,17.59,31.3,35.6,190.0
2025-03-15 06:23:17.731821216,Hyderabad,Bakery,Donut,338,230,108,49.81,88.07,26.9,444.0
2025-03-15 18:04:33.782521680,Hyderabad,Vegetables,Potato,276,199,77,98.1,154.06,25.9,102.0
2025-03-16 05:45:49.833222144,Hyderabad,Dairy,Cheese,155,88,67,91.03,160.7,22.3,229.0
2025-03-16 17:27:05.883922616,Delhi,Fruits,Orange,407,302,105,88.14,140.13,35.4,107.0
2025-03-17 05:08:21.934623080,Mumbai,Prepared Food,Burger,202,122,80,10.91,15.32,37.1,111.0
2025-03-17 16:49:37.985323544,Hyderabad,Dairy,Butter,332,279,53,95.05,168.38,21.4,201.0
2025-03-18 04:30:54.036024016,Bangalore,Vegetables,Tomato,240,162,78,50.99,87.07,27.8,272.0
2025-03-18 16:12:10.086724480,Bangalore,Bakery,Donut,239,231,8,40.45,79.07,40.1,396.0
2025-03-19 03:53:26.137424952,Chennai,Bakery,Bread,208,144,64,95.3,127.47,22.3,190.0
2025-03-19 15:34:42.188125416,Hyderabad,Vegetables,Carrot,470,356,114,90.29,163.7,31.2,111.0
2025-03-20 03:15:58.238825880,Chennai,Prepared Food,Pizza,218,204,14,17.93,28.5,36.5,386.0
2025-03-20 14:57:14.289526352,Mumbai,Dairy,Butter,339,321,18,49.65,94.33,35.1,172.0
2025-03-21 02:38:30.340226816,Delhi,Prepared Food,Sandwich,115,79,36,69.43,115.66,20.5,87.0
2025-03-21 14:19:46.390927280,Hyderabad,Prepared Food,Rice Bowl,199,198,1,28.74,41.49,24.2,128.0
2025-03-22 02:01:02.441627752,Bangalore,Bakery,Croissant,275,162,113,79.74,144.7,37.5,55.0
2025-03-22 13:42:18.492328216,Mumbai,Dairy,Butter,215,152,63,40.27,68.89,22.3,259.0
2025-03-23 01:23:34.543028688,Bangalore,Bakery,Donut,343,273,70,76.13,112.41,30.8,141.0
2025-03-23 13:04:50.593729152,Chennai,Fruits,Mango,378,343,35,95.9,183.35,35.6,327.0
2025-03-24 00:46:06.644429616,Mumbai,Fruits,Mango,433,276,157,22.96,45.91,33.7,210.0
2025-03-24 12:27:22.695130088,Delhi,Fruits,Banana,133,122,11,99.72,159.68,27.0,95.0
2025-03-25 00:08:38.745830552,Mumbai,Bakery,Bread,311,283,28,33.87,60.3,40.9,443.0
2025-03-25 11:49:54.796531016,Bangalore,Fruits,Mango,144,137,7,33.53,65.81,36.0,209.0
2025-03-25 23:31:10.847231488,Mumbai,Dairy,Yogurt,289,191,98,77.84,135.08,31.9,253.0
2025-03-26 11:12:26.897931952,Mumbai,Prepared Food,Burger,422,313,109,42.38,67.13,41.3,321.0
2025-03-26 22:53:42.948632424,Mumbai,Dairy,Butter,394,392,2,34.93,47.02,35.5,360.0
2025-03-27 10:34:58.999332888,Delhi,Bakery,Bread,376,242,134,90.22,143.26,23.2,283.0
2025-03-27 22:16:15.050033352,Hyderabad,Bakery,Bread,477,285,192,10.9,14.82,37.8,277.0
2025-03-28 09:57:31.100733824,Chennai,Vegetables,Tomato,122,85,37,71.49,95.56,37.2,445.0
2025-03-28 21:38:47.151434288,Mumbai,Dairy,Yogurt,258,233,25,30.96,58.57,36.0,64.0
2025-03-29 09:20:03.202134752,Bangalore,Bakery,Croissant,458,446,12,29.06,53.9,24.1,126.0
2025-03-29 21:01:19.252835224,Chennai,Prepared Food,Rice Bowl,223,140,83,17.2,26.69,38.9,346.0
2025-03-30 08:42:35.303535688,Chennai,Fruits,Mango,125,74,51,93.28,177.94,31.0,412.0
2025-03-30 20:23:51.354236160,Delhi,Dairy,Yogurt,285,225,60,82.45,163.01,25.9,202.0
2025-03-31 08:05:07.404936624,Hyderabad,Bakery,Croissant,214,122,92,23.0,37.02,27.4,382.0
2025-03-31 19:46:23.455637088,Hyderabad,Prepared Food,Burger,151,149,2,78.49,141.21,28.1,488.0
2025-04-01 07:27:39.506337560,Chennai,Prepared Food,Burger,408,368,40,39.12,55.89,32.7,438.0
2025-04-01 19:08:55.557038024,Delhi,Vegetables,Spinach,248,212,36,69.04,106.24,36.4,216.0
2025-04-02 06:50:11.607738488,Delhi,Vegetables,Tomato,436,387,49,97.73,183.53,21.3,462.0
2025-04-02 18:31:27.658438960,Mumbai,Vegetables,Spinach,374,301,73,92.13,176.12,31.0,199.0
2025-04-03 06:12:43.709139424,Chennai,Bakery,Croissant,388,345,43,27.2,50.41,30.0,201.0
2025-04-03 17:53:59.759839888,Mumbai,Fruits,Orange,418,341,77,77.41,115.39,22.6,205.0
2025-04-04 05:35:15.810540360,Mumbai,Vegetables,Tomato,395,393,2,59.56,116.8,24.7,234.0
2025-04-04 17:16:31.861240824,Bangalore,Bakery,Cake,429,341,88,83.67,161.46,37.2,424.0
2025-04-05 04:57:47.911941296,Hyderabad,Fruits,Banana,336,220,116,13.27,18.2,36.0,137.0
2025-04-05 16:39:03.962641760,Bangalore,Bakery,Bread,150,129,21,57.21,100.48,37.1,242.0
2025-04-06 04:20:20.013342224,Delhi,Vegetables,Potato,303,176,127,41.11,74.83,29.6,341.0
2025-04-06 16:01:36.064042696,Hyderabad,Vegetables,Carrot,240,149,91,95.31,128.53,30.0,336.0
2025-04-07 03:42:52.114743160,Bangalore,Prepared Food,Rice Bowl,287,286,1,78.07,144.89,30.9,372.0
2025-04-07 15:24:08.165443624,Chennai,Fruits,Orange,215,209,6,90.66,161.37,38.9,120.0
2025-04-08 03:05:24.216144096,Delhi,Dairy,Cheese,204,199,5,48.6,83.1,31.5,376.0
2025-04-08 14:46:40.266844560,Mumbai,Dairy,Milk,164,123,41,42.31,78.94,28.5,110.0
2025-04-09 02:27:56.317545032,Delhi,Prepared Food,Burger,482,404,78,77.0,108.29,22.9,402.0
2025-04-09 14:09:12.368245496,Mumbai,Vegetables,Tomato,123,97,26,,105.96,31.5,487.0
2025-04-10 01:50:28.418945960,Hyderabad,Dairy,Cheese,174,145,29,11.59,19.26,31.7,103.0
2025-04-10 13:31:44.469646432,Chennai,Dairy,Butter,486,404,82,81.11,117.81,34.9,399.0
2025-04-11 01:13:00.520346896,Bangalore,Dairy,Butter,470,386,84,42.0,78.38,26.5,207.0
2025-04-11 12:54:16.571047360,Hyderabad,Vegetables,Carrot,121,99,22,86.61,161.0,25.9,405.0
2025-04-12 00:35:32.621747832,Chennai,Vegetables,Spinach,492,374,118,49.48,71.88,22.9,216.0
2025-04-12 12:16:48.672448296,Mumbai,Bakery,Cake,147,86,61,52.17,89.41,39.5,260.0
2025-04-12 23:58:04.723148768,Hyderabad,Prepared Food,Rice Bowl,291,221,70,11.56,19.48,38.9,288.0
2025-04-13 11:39:20.773849232,Bangalore,Vegetables,Spinach,462,455,7,41.01,57.93,32.4,138.0
2025-04-13 23:20:36.824549696,Chennai,Prepared Food,Sandwich,443,436,7,22.86,41.95,37.4,84.0
2025-04-14 11:01:52.875250168,Chennai,Bakery,Croissant,493,335,158,89.4,143.37,36.4,490.0
2025-04-14 22:43:08.925950632,Bangalore,Prepared Food,Rice Bowl,419,270,149,62.86,89.38,41.2,154.0
2025-04-15 10:24:24.976651096,Hyderabad,Dairy,Yogurt,159,135,24,63.84,109.89,21.4,218.0
2025-04-15 22:05:41.027351568,Delhi,Prepared Food,Sandwich,344,267,77,33.79,50.72,31.2,245.0
2025-04-16 09:46:57.078052032,Mumbai,Vegetables,Spinach,203,152,51,11.35,17.24,32.9,216.0
2025-04-16 21:28:13.128752504,Chennai,Dairy,Milk,164,104,60,38.43,69.58,39.2,154.0
2025-04-17 09:09:29.179452968,Hyderabad,Dairy,Butter,453,309,144,39.97,55.46,22.3,182.0
2025-04-17 20:50:45.230153432,Chennai,Bakery,Donut,206,129,77,57.41,76.93,22.4,347.0
2025-04-18 08:32:01.280853904,Mumbai,Fruits,Apple,419,260,159,83.63,164.8,38.1,254.0
2025-04-18 20:13:17.331554368,Chennai,Fruits,Banana,297,192,105,,26.34,37.8,179.0
2025-04-19 07:54:33.382254832,Delhi,Prepared Food,Rice Bowl,455,303,152,94.22,161.9,37.8,339.0
2025-04-19 19:35:49.432955304,Bangalore,Fruits,Banana,229,218,11,27.75,40.22,34.9,294.0
2025-04-20 07:17:05.483655768,Chennai,Dairy,Milk,107,67,40,91.37,128.79,28.1,428.0
2025-04-20 18:58:21.534356240,Mumbai,Fruits,Apple,375,353,22,92.33,130.82,22.7,203.0
2025-04-21 06:39:37.585056704,Mumbai,Bakery,Cake,258,182,76,37.89,62.72,28.8,245.0
2025-04-21 18:20:53.635757168,Hyderabad,Dairy,Yogurt,374,274,100,39.43,68.59,26.1,153.0
2025-04-22 06:02:09.686457640,Bangalore,Fruits,Mango,155,106,49,88.55,165.61,25.1,72.0
2025-04-22 17:43:25.737158104,Bangalore,Prepared Food,Rice Bowl,293,233,60,96.22,158.97,21.8,134.0
2025-04-23 05:24:41.787858568,Mumbai,Dairy,Butter,396,328,68,27.36,39.23,36.9,205.0
2025-04-23 17:05:57.838559040,Hyderabad,Prepared Food,Rice Bowl,429,417,12,58.21,110.49,20.1,319.0
2025-04-24 04:47:13.889259504,Hyderabad,Vegetables,Tomato,262,209,53,69.34,114.93,30.5,69.0
2025-04-24 16:28:29.939959968,Bangalore,Dairy,Milk,203,152,51,82.14,137.22,30.6,302.0
2025-04-25 04:09:45.990660440,Delhi,Fruits,Mango,235,223,12,78.66,144.4,27.8,277.0
2025-04-25 15:51:02.041360904,Mumbai,Bakery,Cake,108,88,20,47.45,94.16,24.4,340.0
2025-04-26 03:32:18.092061376,Mumbai,Prepared Food,Pizza,235,132,103,91.98,159.19,29.1,477.0
2025-04-26 15:13:34.142761840,Delhi,Fruits,Apple,439,308,131,59.45,104.59,28.4,378.0
2025-04-27 02:54:50.193462304,Bangalore,Prepared Food,Burger,201,186,15,56.04,79.09,21.2,418.0
2025-04-27 14:36:06.244162776,Bangalore,Prepared Food,Rice Bowl,127,121,6,44.45,81.34,26.7,250.0
2025-04-28 02:17:22.294863240,Chennai,Bakery,Cake,467,339,128,16.52,24.83,39.4,495.0
2025-04-28 13:58:38.345563704,Mumbai,Prepared Food,Sandwich,402,332,70,81.15,119.3,40.0,293.0
2025-04-29 01:39:54.396264176,Delhi,Fruits,Apple,183,115,68,67.71,107.63,26.4,495.0
2025-04-29 13:21:10.446964640,Mumbai,Fruits,Apple,345,221,124,97.21,189.87,39.2,141.0
2025-04-30 01:02:26.497665112,Delhi,Bakery,Bread,333,228,105,61.94,108.39,38.7,477.0
2025-04-30 12:43:42.548365576,Hyderabad,Fruits,Apple,151,136,15,21.92,38.81,31.2,82.0
2025-05-01 00:24:58.599066040,Hyderabad,Bakery,Cake,453,305,148,37.29,59.69,30.4,321.0
2025-05-01 12:06:14.649766512,Chennai,Prepared Food,Burger,370,352,18,72.45,102.28,39.7,410.0
2025-05-01 23:47:30.700466976,Bangalore,Dairy,Yogurt,148,145,3,13.49,19.3,38.3,120.0
2025-05-02 11:28:46.751167440,Chennai,Fruits,Apple,370,313,57,10.02,14.72,24.6,180.0
2025-05-02 23:10:02.801867912,Hyderabad,Bakery,Cake,266,171,95,27.24,45.03,39.0,58.0
2025-05-03 10:51:18.852568376,Mumbai,Prepared Food,Burger,406,286,120,77.29,130.27,38.0,240.0
2025-05-03 22:32:34.903268848,Chennai,Fruits,Apple,267,200,67,54.4,72.25,41.7,466.0
2025-05-04 10:13:50.953969312,Hyderabad,Vegetables,Carrot,109,94,15,62.72,107.3,29.8,189.0
2025-05-04 21:55:07.004669776,Delhi,Dairy,Cheese,328,242,86,69.73,128.92,28.7,369.0
2025-05-05 09:36:23.055370248,Bangalore,Bakery,Cake,289,246,43,71.94,133.05,37.5,258.0
2025-05-05 21:17:39.106070712,Chennai,Bakery,Croissant,488,372,116,93.69,153.53,30.8,483.0
2025-05-06 08:58:55.156771176,Hyderabad,Bakery,Cake,445,429,16,51.41,67.38,26.2,319.0
2025-05-06 20:40:11.207471648,Mumbai,Prepared Food,Burger,171,127,44,31.81,61.94,31.5,377.0
2025-05-07 08:21:27.258172112,Delhi,Vegetables,Carrot,497,463,34,29.93,55.79,21.3,112.0
2025-05-07 20:02:43.308872584,Bangalore,Bakery,Bread,436,341,95,40.2,73.79,29.5,243.0
2025-05-08 07:43:59.359573048,Chennai,Vegetables,Carrot,187,112,75,65.67,99.61,21.9,493.0
2025-05-08 19:25:15.410273512,Delhi,Bakery,Donut,164,106,58,13.89,21.07,27.0,259.0
2025-05-09 07:06:31.460973984,Delhi,Bakery,Cake,152,126,26,99.65,142.88,26.9,184.0
2025-05-09 18:47:47.511674448,Bangalore,Dairy,Milk,109,106,3,97.25,175.71,24.7,116.0
2025-05-10 06:29:03.562374912,Chennai,Dairy,Yogurt,407,323,84,91.73,170.9,21.4,411.0
2025-05-10 18:10:19.613075384,Chennai,Prepared Food,Burger,416,395,21,58.06,111.22,29.0,271.0
2025-05-11 05:51:35.663775848,Hyderabad,Bakery,Donut,156,146,10,25.51,46.6,40.1,121.0
2025-05-11 17:32:51.714476320,Hyderabad,Dairy,Yogurt,464,263,201,98.57,178.94,37.0,340.0
2025-05-12 05:14:07.765176784,Delhi,Bakery,Bread,389,333,56,74.8,136.71,24.8,414.0
2025-05-12 16:55:23.815877248,Delhi,Prepared Food,Rice Bowl,182,127,55,96.61,185.8,25.9,127.0
2025-05-13 04:36:39.866577720,Delhi,Fruits,Orange,172,131,41,46.98,81.77,35.4,122.0
2025-05-13 16:17:55.917278184,Mumbai,Fruits,Apple,297,240,57,33.62,49.4,30.6,125.0
2025-05-14 03:59:11.967978648,Chennai,Fruits,Orange,318,295,23,18.71,30.56,41.8,425.0
2025-05-14 15:40:28.018679120,Delhi,Dairy,Butter,372,271,101,46.86,86.51,37.0,379.0
2025-05-15 03:21:44.069379584,Mumbai,Bakery,Croissant,210,116,94,44.19,72.97,33.3,148.0
2025-05-15 15:03:00.120080048,Bangalore,Fruits,Apple,281,154,127,25.88,48.37,31.9,346.0
2025-05-16 02:44:16.170780520,Bangalore,Prepared Food,Pizza,438,295,143,67.23,128.58,21.8,226.0
2025-05-16 14:25:32.221480984,Chennai,Bakery,Croissant,474,458,16,78.43,125.04,40.8,72.0
2025-05-17 02:06:48.272181456,Hyderabad,Prepared Food,Burger,455,276,179,60.92,109.67,40.6,96.0
2025-05-17 13:48:04.322881920,Chennai,Bakery,Croissant,494,394,100,37.2,71.67,41.4,122.0
2025-05-18 01:29:20.373582384,Hyderabad,Dairy,Butter,145,96,49,60.54,81.8,36.8,59.0
2025-05-18 13:10:36.424282856,Delhi,Bakery,Croissant,159,89,70,72.63,102.79,36.6,51.0
2025-05-19 00:51:52.474983320,Mumbai,Vegetables,Potato,264,246,18,15.04,24.61,31.8,114.0
2025-05-19 12:33:08.525683784,Hyderabad,Vegetables,Tomato,356,244,112,93.65,162.94,28.7,386.0
2025-05-20 00:14:24.576384256,Bangalore,Vegetables,Spinach,339,206,133,50.0,73.97,24.2,167.0
2025-05-20 11:55:40.627084720,Chennai,Prepared Food,Sandwich,274,240,34,44.76,73.38,27.8,374.0
2025-05-20 23:36:56.677785192,Bangalore,Dairy,Butter,163,159,4,12.68,17.12,34.5,454.0
2025-05-21 11:18:12.728485656,Hyderabad,Vegetables,Tomato,164,122,42,,82.03,23.1,466.0
2025-05-21 22:59:28.779186120,Hyderabad,Prepared Food,Pizza,257,197,60,59.04,88.47,40.9,114.0
2025-05-22 10:40:44.829886592,Hyderabad,Vegetables,Tomato,380,209,171,24.46,48.55,23.5,365.0
2025-05-22 22:22:00.880587056,Bangalore,Fruits,Apple,101,63,38,21.61,34.6,26.0,322.0
2025-05-23 10:03:16.931287520,Delhi,Bakery,Donut,230,168,62,36.78,68.14,20.7,95.0
2025-05-23 21:44:32.981987992,Hyderabad,Dairy,Yogurt,435,377,58,42.63,57.4,41.8,423.0
2025-05-24 09:25:49.032688456,Hyderabad,Dairy,Milk,313,297,16,53.41,95.71,21.5,76.0
2025-05-24 21:07:05.083388928,Bangalore,Dairy,Milk,130,97,33,18.81,32.04,32.2,286.0
2025-05-25 08:48:21.134089392,Chennai,Fruits,Apple,145,85,60,92.98,133.57,41.1,252.0
2025-05-25 20:29:37.184789856,Hyderabad,Vegetables,Spinach,430,393,37,21.06,36.51,34.9,417.0
2025-05-26 08:10:53.235490328,Chennai,Fruits,Orange,401,332,69,11.22,15.86,,426.0
2025-05-26 19:52:09.286190792,Bangalore,Vegetables,Carrot,180,143,37,74.5,133.67,25.2,205.0
2025-05-27 07:33:25.336891256,Delhi,Bakery,Donut,421,375,46,75.85,106.79,38.8,238.0
2025-05-27 19:14:41.387591728,Bangalore,Fruits,Banana,463,325,138,18.95,32.65,22.7,244.0
2025-05-28 06:55:57.438292192,Mumbai,Vegetables,Tomato,106,66,40,71.55,118.15,37.1,110.0
2025-05-28 18:37:13.488992664,Bangalore,Dairy,Cheese,302,196,106,18.53,36.75,26.3,433.0
2025-05-29 06:18:29.539693128,Delhi,Prepared Food,Burger,206,192,14,24.62,47.43,35.1,354.0
2025-05-29 17:59:45.590393592,Hyderabad,Bakery,Cake,194,117,77,61.52,97.4,28.0,108.0
2025-05-30 05:41:01.641094064,Bangalore,Vegetables,Carrot,315,229,86,63.74,101.79,29.8,306.0
2025-05-30 17:22:17.691794528,Chennai,Prepared Food,Pizza,151,125,26,37.43,53.42,21.9,315.0
2025-05-31 05:03:33.742494992,Bangalore,Prepared Food,Burger,127,121,6,23.36,39.43,31.6,157.0
2025-05-31 16:44:49.793195464,Bangalore,Fruits,Banana,283,177,106,35.76,58.01,24.3,108.0
2025-06-01 04:26:05.843895928,Mumbai,Vegetables,Tomato,166,127,39,87.47,114.04,20.8,427.0
2025-06-01 16:07:21.894596400,Hyderabad,Dairy,Butter,369,362,7,40.57,72.85,32.3,200.0
2025-06-02 03:48:37.945296864,Chennai,Vegetables,Tomato,270,242,28,58.28,93.6,25.9,137.0
2025-06-02 15:29:53.995997328,Chennai,Fruits,Apple,346,249,97,98.54,194.37,27.1,223.0
2025-06-03 03:11:10.046697800,Hyderabad,Bakery,Cake,478,403,75,91.13,154.03,39.1,445.0
2025-06-03 14:52:26.097398264,Hyderabad,Fruits,Banana,260,171,89,40.25,61.02,20.4,161.0
2025-06-04 02:33:42.148098728,Delhi,Bakery,Bread,237,217,20,11.15,21.3,29.8,419.0
2025-06-04 14:14:58.198799200,Hyderabad,Vegetables,Potato,186,114,72,71.08,113.35,41.2,116.0
2025-06-05 01:56:14.249499664,Chennai,Prepared Food,Burger,288,187,101,34.45,49.91,33.3,146.0
2025-06-05 13:37:30.300200128,Delhi,Prepared Food,Rice Bowl,224,194,30,46.44,76.83,41.4,170.0
2025-06-06 01:18:46.350900600,Bangalore,Prepared Food,Sandwich,221,146,75,71.33,105.39,39.4,210.0
2025-06-06 13:00:02.401601064,Delhi,Bakery,Donut,115,83,32,54.45,107.44,36.9,131.0
2025-06-07 00:41:18.452301536,Delhi,Vegetables,Potato,420,303,117,15.07,23.49,31.1,228.0
2025-06-07 12:22:34.503002000,Chennai,Dairy,Cheese,486,418,68,86.14,137.76,26.0,70.0
2025-06-08 00:03:50.553702464,Mumbai,Fruits,Apple,184,139,45,27.62,51.89,38.3,330.0
2025-06-08 11:45:06.604402936,Bangalore,Bakery,Bread,374,224,150,99.03,140.3,21.0,429.0
2025-06-08 23:26:22.655103400,Delhi,Bakery,Cake,449,329,120,73.35,143.91,29.0,277.0
2025-06-09 11:07:38.705803864,Chennai,Bakery,Croissant,220,217,3,58.83,86.08,32.6,159.0
2025-06-09 22:48:54.756504336,Hyderabad,Fruits,Apple,130,125,5,45.33,69.78,38.3,106.0
2025-06-10 10:30:10.807204800,Bangalore,Vegetables,Potato,118,115,3,58.81,82.55,36.4,241.0
2025-06-10 22:11:26.857905272,Delhi,Vegetables,Carrot,224,165,59,92.5,165.93,34.8,198.0
2025-06-11 09:52:42.908605736,Hyderabad,Bakery,Bread,382,226,156,54.03,84.72,24.9,174.0
2025-06-11 21:33:58.959306200,Hyderabad,Fruits,Apple,303,171,132,94.96,126.63,38.7,226.0
2025-06-12 09:15:15.010006672,Mumbai,Dairy,Milk,235,131,104,30.82,55.92,26.7,387.0
2025-06-12 20:56:31.060707136,Hyderabad,Dairy,Milk,210,132,78,85.66,162.18,37.0,87.0
2025-06-13 08:37:47.111407600,Mumbai,Bakery,Croissant,418,340,78,91.17,143.87,25.4,357.0
2025-06-13 20:19:03.162108072,Delhi,Prepared Food,Burger,244,234,10,97.41,156.5,38.9,310.0
2025-06-14 08:00:19.212808536,Mumbai,Vegetables,Tomato,326,211,115,56.21,98.67,39.6,259.0
2025-06-14 19:41:35.263509008,Mumbai,Dairy,Milk,199,153,46,64.29,98.23,,191.0
2025-06-15 07:22:51.314209472,Bangalore,Fruits,Orange,336,334,2,60.13,115.8,41.4,90.0
2025-06-15 19:04:07.364909936,Chennai,Dairy,Yogurt,416,313,103,72.02,119.57,24.4,250.0
2025-06-16 06:45:23.415610408,Bangalore,Vegetables,Potato,344,311,33,16.59,31.0,36.6,317.0
2025-06-16 18:26:39.466310872,Chennai,Vegetables,Tomato,194,146,48,67.81,89.97,33.7,118.0
2025-06-17 06:07:55.517011336,Hyderabad,Prepared Food,Rice Bowl,361,286,75,12.83,23.2,38.4,342.0
2025-06-17 17:49:11.567711808,Chennai,Prepared Food,Rice Bowl,146,122,24,98.77,163.84,40.6,402.0
2025-06-18 05:30:27.618412272,Chennai,Prepared Food,Rice Bowl,356,325,31,25.52,43.53,32.2,244.0
2025-06-18 17:11:43.669112744,Bangalore,Prepared Food,Sandwich,430,406,24,38.05,57.62,38.4,379.0
2025-06-19 04:52:59.719813208,Mumbai,Vegetables,Tomato,358,231,127,62.42,86.69,30.2,414.0
2025-06-19 16:34:15.770513672,Delhi,Dairy,Butter,183,176,7,99.7,182.01,34.2,319.0
2025-06-20 04:15:31.821214144,Delhi,Vegetables,Carrot,438,414,24,10.59,17.32,20.3,58.0
2025-06-20 15:56:47.871914608,Delhi,Prepared Food,Rice Bowl,401,273,128,62.37,83.5,23.2,119.0
2025-06-21 03:38:03.922615072,Chennai,Dairy,Cheese,288,234,54,14.92,23.65,23.9,465.0
2025-06-21 15:19:19.973315544,Mumbai,Prepared Food,Sandwich,308,275,33,82.58,117.74,41.1,186.0
2025-06-22 03:00:36.024016008,Chennai,Dairy,Cheese,189,161,28,75.43,128.67,23.6,349.0
2025-06-22 14:41:52.074716480,Bangalore,Prepared Food,Burger,322,296,26,99.08,154.98,29.8,421.0
2025-06-23 02:23:08.125416944,Bangalore,Vegetables,Tomato,397,381,16,24.25,43.21,22.8,343.0
2025-06-23 14:04:24.176117408,Chennai,Bakery,Cake,273,235,38,96.52,166.19,32.3,129.0
2025-06-24 01:45:40.226817880,Mumbai,Prepared Food,Pizza,287,213,74,98.43,164.33,37.3,490.0
2025-06-24 13:26:56.277518344,Chennai,Prepared Food,Pizza,121,66,55,36.87,71.77,25.1,251.0
2025-06-25 01:08:12.328218808,Mumbai,Fruits,Apple,272,161,111,93.94,163.71,26.3,221.0
2025-06-25 12:49:28.378919280,Mumbai,Vegetables,Carrot,401,305,96,55.03,97.69,28.6,430.0
2025-06-26 00:30:44.429619744,Delhi,Vegetables,Tomato,333,185,148,94.06,135.67,23.2,488.0
2025-06-26 12:12:00.480320208,Hyderabad,Bakery,Donut,243,156,87,50.85,89.97,27.0,374.0
2025-06-26 23:53:16.531020680,Delhi,Prepared Food,Pizza,447,274,173,55.58,105.11,25.3,280.0
2025-06-27 11:34:32.581721144,Delhi,Bakery,Croissant,324,233,91,42.63,72.93,33.7,472.0
2025-06-27 23:15:48.632421616,Mumbai,Prepared Food,Pizza,290,176,114,44.3,70.36,36.0,294.0
2025-06-28 10:57:04.683122080,Delhi,Fruits,Banana,134,83,51,40.24,68.11,22.1,209.0
2025-06-28 22:38:20.733822544,Delhi,Vegetables,Potato,265,261,4,24.25,39.26,33.3,111.0
2025-06-29 10:19:36.784523016,Hyderabad,Bakery,Cake,417,263,154,49.56,66.76,30.2,160.0
2025-06-29 22:00:52.835223480,Mumbai,Prepared Food,Burger,243,150,93,20.66,27.06,26.7,282.0
2025-06-30 09:42:08.885923944,Mumbai,Vegetables,Spinach,334,294,40,46.71,82.35,39.4,427.0
2025-06-30 21:23:24.936624416,Delhi,Dairy,Milk,284,187,97,26.46,42.36,41.7,184.0
2025-07-01 09:04:40.987324880,Mumbai,Dairy,Butter,234,168,66,39.59,68.4,39.2,270.0
2025-07-01 20:45:57.038025352,Delhi,Dairy,Butter,103,61,42,14.86,24.07,32.1,141.0
2025-07-02 08:27:13.088725816,Chennai,Fruits,Orange,499,480,19,45.47,69.19,28.8,417.0
2025-07-02 20:08:29.139426280,Mumbai,Bakery,Bread,346,305,41,73.7,120.73,39.7,407.0
2025-07-03 07:49:45.190126752,Chennai,Bakery,Donut,407,385,22,61.93,90.1,25.9,382.0
2025-07-03 19:31:01.240827216,Mumbai,Vegetables,Tomato,448,333,115,36.31,67.82,21.9,284.0
2025-07-04 07:12:17.291527680,Hyderabad,Fruits,Orange,234,128,106,64.81,119.14,29.8,478.0
2025-07-04 18:53:33.342228152,Delhi,Fruits,Apple,457,321,136,74.09,105.57,21.8,100.0
2025-07-05 06:34:49.392928616,Mumbai,Bakery,Donut,228,151,77,66.57,90.97,22.1,405.0
2025-07-05 18:16:05.443629088,Chennai,Prepared Food,Pizza,475,339,136,33.63,46.59,31.2,78.0
2025-07-06 05:57:21.494329552,Bangalore,Prepared Food,Sandwich,281,258,23,28.86,40.45,39.9,222.0
2025-07-06 17:38:37.545030016,Bangalore,Vegetables,Potato,410,371,39,35.1,68.98,21.4,416.0
2025-07-07 05:19:53.595730488,Bangalore,Fruits,Banana,194,176,18,23.53,31.22,39.3,270.0
2025-07-07 17:01:09.646430952,Delhi,Vegetables,Carrot,227,216,11,21.57,28.44,35.1,78.0
2025-07-08 04:42:25.697131416,Bangalore,Dairy,Yogurt,392,329,63,33.33,43.77,20.8,312.0
2025-07-08 16:23:41.747831888,Hyderabad,Prepared Food,Rice Bowl,428,275,153,75.85,136.26,24.4,270.0
2025-07-09 04:04:57.798532352,Mumbai,Fruits,Orange,107,89,18,49.48,91.41,37.2,212.0
2025-07-09 15:46:13.849232824,Chennai,Prepared Food,Sandwich,194,146,48,71.82,139.28,33.4,227.0
2025-07-10 03:27:29.899933288,Bangalore,Bakery,Cake,486,346,140,33.36,50.2,35.5,202.0
2025-07-10 15:08:45.950633752,Mumbai,Dairy,Cheese,320,192,128,93.03,157.96,28.0,353.0
2025-07-11 02:50:02.001334224,Bangalore,Vegetables,Tomato,187,132,55,13.57,25.61,29.9,190.0
2025-07-11 14:31:18.052034688,Delhi,Vegetables,Carrot,227,195,32,52.59,91.11,30.0,70.0
2025-07-12 02:12:34.102735152,Mumbai,Dairy,Cheese,247,208,39,46.95,68.6,28.9,406.0
2025-07-12 13:53:50.153435624,Chennai,Vegetables,Tomato,170,162,8,15.35,26.52,28.3,298.0
2025-07-13 01:35:06.204136088,Chennai,Prepared Food,Rice Bowl,486,348,138,34.21,63.92,31.7,312.0
2025-07-13 13:16:22.254836560,Bangalore,Bakery,Bread,213,142,71,73.46,118.69,22.2,
2025-07-14 00:57:38.305537024,Delhi,Fruits,Apple,478,344,134,25.81,50.9,35.2,382.0
2025-07-14 12:38:54.356237488,Mumbai,Vegetables,Tomato,425,368,57,31.1,50.89,32.1,328.0
2025-07-15 00:20:10.406937960,Delhi,Vegetables,Spinach,225,169,56,25.28,49.95,20.3,492.0
2025-07-15 12:01:26.457638424,Hyderabad,Bakery,Donut,439,327,112,49.2,78.25,36.1,174.0
2025-07-15 23:42:42.508338888,Bangalore,Bakery,Cake,453,372,81,,97.69,30.7,264.0
2025-07-16 11:23:58.559039360,Delhi,Fruits,Apple,364,313,51,19.5,34.67,34.5,146.0
2025-07-16 23:05:14.609739824,Delhi,Dairy,Butter,345,338,7,43.53,63.61,32.3,459.0
2025-07-17 10:46:30.660440288,Chennai,Fruits,Mango,358,247,111,46.83,85.41,22.5,357.0
2025-07-17 22:27:46.711140760,Bangalore,Fruits,Banana,431,378,53,44.75,88.07,40.0,443.0
2025-07-18 10:09:02.761841224,Bangalore,Fruits,Apple,327,244,83,66.4,118.15,22.8,487.0
2025-07-18 21:50:18.812541696,Hyderabad,Fruits,Banana,209,135,74,39.79,72.35,26.9,452.0
2025-07-19 09:31:34.863242160,Bangalore,Bakery,Donut,472,343,129,20.61,36.24,26.2,463.0
2025-07-19 21:12:50.913942624,Bangalore,Prepared Food,Pizza,476,321,155,12.91,21.48,32.5,54.0
2025-07-20 08:54:06.964643096,Chennai,Prepared Food,Burger,423,240,183,72.19,114.27,39.3,174.0
2025-07-20 20:35:23.015343560,Mumbai,Dairy,Milk,365,333,32,59.6,107.05,22.5,428.0
2025-07-21 08:16:39.066044024,Hyderabad,Fruits,Orange,286,207,79,70.5,101.36,39.7,337.0
2025-07-21 19:57:55.116744496,Mumbai,Fruits,Mango,429,268,161,44.65,70.62,37.2,230.0
2025-07-22 07:39:11.167444960,Hyderabad,Fruits,Banana,194,146,48,94.4,128.75,20.4,400.0
2025-07-22 19:20:27.218145432,Mumbai,Fruits,Banana,448,432,16,65.74,115.41,24.4,452.0
2025-07-23 07:01:43.268845896,Hyderabad,Vegetables,Tomato,107,90,17,75.75,100.61,22.1,232.0
2025-07-23 18:42:59.319546360,Mumbai,Bakery,Croissant,192,114,78,35.99,50.55,25.3,302.0
2025-07-24 06:24:15.370246832,Delhi,Prepared Food,Sandwich,109,89,20,88.61,139.69,27.4,495.0
2025-07-24 18:05:31.420947296,Chennai,Dairy,Milk,315,252,63,15.93,22.84,29.0,67.0
2025-07-25 05:46:47.471647760,Bangalore,Prepared Food,Rice Bowl,328,269,59,32.96,45.78,21.3,83.0
2025-07-25 17:28:03.522348232,Delhi,Dairy,Butter,362,254,108,93.39,180.12,36.1,353.0
2025-07-26 05:09:19.573048696,Mumbai,Vegetables,Potato,477,273,204,75.39,147.02,37.7,83.0
2025-07-26 16:50:35.623749168,Hyderabad,Prepared Food,Pizza,326,203,123,42.36,58.8,33.0,439.0
2025-07-27 04:31:51.674449632,Chennai,Vegetables,Carrot,170,124,46,32.79,63.5,22.2,135.0
2025-07-27 16:13:07.725150096,Hyderabad,Dairy,Yogurt,213,172,41,12.2,19.38,27.3,246.0
2025-07-28 03:54:23.775850568,Chennai,Fruits,Apple,486,457,29,45.17,83.73,37.7,271.0
2025-07-28 15:35:39.826551032,Delhi,Dairy,Cheese,253,186,67,32.66,64.89,33.5,177.0
2025-07-29 03:16:55.877251496,Mumbai,Prepared Food,Burger,157,97,60,11.98,22.42,20.3,216.0
2025-07-29 14:58:11.927951968,Chennai,Vegetables,Spinach,403,291,112,15.64,29.26,30.9,78.0
2025-07-30 02:39:27.978652432,Hyderabad,Dairy,Milk,455,425,30,24.72,32.72,23.1,286.0
2025-07-30 14:20:44.029352904,Chennai,Bakery,Cake,364,334,30,88.62,135.64,32.9,188.0
2025-07-31 02:02:00.080053368,Chennai,Prepared Food,Burger,349,232,117,16.71,27.69,41.3,99.0
2025-07-31 13:43:16.130753832,Chennai,Vegetables,Spinach,136,134,2,85.27,160.4,41.0,103.0
2025-08-01 01:24:32.181454304,Hyderabad,Dairy,Cheese,400,322,78,53.15,88.21,25.3,54.0
2025-08-01 13:05:48.232154768,Delhi,Vegetables,Tomato,249,173,76,99.38,181.95,37.5,392.0
2025-08-02 00:47:04.282855232,Bangalore,Dairy,Yogurt,253,151,102,87.42,171.52,40.5,436.0
2025-08-02 12:28:20.333555704,Bangalore,Bakery,Croissant,162,140,22,21.78,38.93,24.5,415.0
2025-08-03 00:09:36.384256168,Chennai,Prepared Food,Sandwich,438,420,18,21.33,41.21,39.0,408.0
2025-08-03 11:50:52.434956640,Chennai,Prepared Food,Sandwich,464,424,40,80.72,131.07,40.7,66.0
2025-08-03 23:32:08.485657104,Hyderabad,Dairy,Milk,317,280,37,24.73,34.31,20.6,267.0
2025-08-04 11:13:24.536357568,Delhi,Prepared Food,Rice Bowl,171,164,7,18.83,30.23,41.2,165.0
2025-08-04 22:54:40.587058040,Hyderabad,Bakery,Cake,367,328,39,38.55,57.72,31.7,108.0
2025-08-05 10:35:56.637758504,Hyderabad,Bakery,Bread,499,453,46,10.93,19.0,35.5,397.0
2025-08-05 22:17:12.688458968,Hyderabad,Bakery,Donut,497,343,154,20.18,28.44,29.6,335.0
2025-08-06 09:58:28.739159440,Bangalore,Bakery,Croissant,198,137,61,36.44,54.45,31.0,472.0
2025-08-06 21:39:44.789859904,Chennai,Fruits,Banana,144,90,54,84.67,143.4,34.8,141.0
2025-08-07 09:21:00.840560368,Delhi,Prepared Food,Rice Bowl,278,261,17,64.54,87.95,41.1,277.0
2025-08-07 21:02:16.891260840,Mumbai,Fruits,Apple,263,245,18,42.2,63.0,37.8,374.0
2025-08-08 08:43:32.941961304,Bangalore,Prepared Food,Sandwich,474,304,170,86.17,133.52,38.3,183.0
2025-08-08 20:24:48.992661776,Bangalore,Prepared Food,Rice Bowl,137,133,4,50.36,100.04,27.7,264.0
2025-08-09 08:06:05.043362240,Bangalore,Fruits,Mango,407,230,177,61.36,112.44,23.3,246.0
2025-08-09 19:47:21.094062704,Delhi,Vegetables,Potato,195,132,63,11.04,15.36,26.8,100.0
2025-08-10 07:28:37.144763176,Chennai,Fruits,Apple,259,221,38,21.73,31.28,32.9,57.0
2025-08-10 19:09:53.195463640,Delhi,Bakery,Donut,305,297,8,40.04,72.45,34.7,256.0
2025-08-11 06:51:09.246164104,Chennai,Fruits,Apple,204,203,1,47.46,67.67,35.2,479.0
2025-08-11 18:32:25.296864576,Bangalore,Bakery,Donut,234,206,28,20.35,36.35,29.7,489.0
2025-08-12 06:13:41.347565040,Mumbai,Bakery,Cake,187,117,70,39.7,78.35,39.8,231.0
2025-08-12 17:54:57.398265512,Chennai,Fruits,Apple,330,307,23,56.82,85.6,20.3,349.0
2025-08-13 05:36:13.448965976,Delhi,Dairy,Butter,400,312,88,70.94,118.17,37.2,352.0
2025-08-13 17:17:29.499666440,Chennai,Prepared Food,Sandwich,176,104,72,47.76,72.67,20.8,406.0
2025-08-14 04:58:45.550366912,Bangalore,Prepared Food,Rice Bowl,175,131,44,82.93,115.65,30.3,431.0
2025-08-14 16:40:01.601067376,Delhi,Fruits,Apple,261,210,51,48.39,67.63,20.5,308.0
2025-08-15 04:21:17.651767840,Bangalore,Vegetables,Carrot,345,311,34,76.0,98.82,33.1,455.0
2025-08-15 16:02:33.702468312,Chennai,Prepared Food,Rice Bowl,150,131,19,50.69,96.31,21.1,285.0
2025-08-16 03:43:49.753168776,Chennai,Prepared Food,Rice Bowl,437,338,99,51.16,96.81,30.0,111.0
2025-08-16 15:25:05.803869248,Bangalore,Prepared Food,Rice Bowl,107,66,41,57.69,90.81,33.7,74.0
2025-08-17 03:06:21.854569712,Hyderabad,Prepared Food,Pizza,142,118,24,61.93,87.11,23.9,447.0
2025-08-17 14:47:37.905270176,Delhi,Vegetables,Tomato,133,84,49,69.55,130.19,22.8,137.0
2025-08-18 02:28:53.955970648,Delhi,Fruits,Mango,137,90,47,82.27,128.47,28.5,477.0
2025-08-18 14:10:10.006671112,Mumbai,Prepared Food,Rice Bowl,481,312,169,47.19,74.75,35.0,64.0
2025-08-19 01:51:26.057371576,Delhi,Dairy,Yogurt,126,91,35,84.54,119.99,39.7,230.0
2025-08-19 13:32:42.108072048,Delhi,Bakery,Donut,462,296,166,58.78,114.23,39.8,304.0
2025-08-20 01:13:58.158772512,Hyderabad,Bakery,Donut,487,268,219,35.26,70.5,25.9,294.0
2025-08-20 12:55:14.209472984,Chennai,Dairy,Butter,492,481,11,29.42,41.51,26.9,149.0
2025-08-21 00:36:30.260173448,Bangalore,Bakery,Bread,204,180,24,58.41,88.59,23.2,151.0
2025-08-21 12:17:46.310873912,Chennai,Vegetables,Spinach,400,294,106,57.67,89.01,31.5,436.0
2025-08-21 23:59:02.361574384,Bangalore,Dairy,Milk,378,236,142,23.92,38.66,29.0,448.0
2025-08-22 11:40:18.412274848,Hyderabad,Fruits,Apple,429,382,47,43.27,66.23,29.3,307.0
2025-08-22 23:21:34.462975312,Delhi,Dairy,Yogurt,126,97,29,11.35,16.03,41.9,156.0
2025-08-23 11:02:50.513675784,Mumbai,Vegetables,Tomato,470,403,67,11.84,20.4,26.1,365.0
2025-08-23 22:44:06.564376248,Mumbai,Dairy,Yogurt,345,299,46,31.61,60.89,31.9,286.0
2025-08-24 10:25:22.615076720,Mumbai,Fruits,Orange,438,377,61,55.44,106.5,27.9,329.0
2025-08-24 22:06:38.665777184,Chennai,Prepared Food,Burger,231,139,92,59.81,98.54,26.7,353.0
2025-08-25 09:47:54.716477648,Bangalore,Bakery,Donut,239,151,88,27.73,44.06,25.0,127.0
2025-08-25 21:29:10.767178120,Hyderabad,Dairy,Cheese,352,324,28,58.35,84.17,23.4,158.0
2025-08-26 09:10:26.817878584,Mumbai,Dairy,Yogurt,489,286,203,13.21,21.78,32.2,59.0
2025-08-26 20:51:42.868579048,Chennai,Fruits,Banana,370,289,81,32.7,61.07,40.8,315.0
2025-08-27 08:32:58.919279520,Bangalore,Vegetables,Carrot,166,97,69,25.33,41.79,33.1,386.0
2025-08-27 20:14:14.969979984,Chennai,Vegetables,Carrot,186,121,65,99.9,198.91,39.4,450.0
2025-08-28 07:55:31.020680448,Mumbai,Dairy,Butter,359,218,141,17.82,25.95,24.1,349.0
2025-08-28 19:36:47.071380920,Hyderabad,Dairy,Butter,495,401,94,11.09,18.45,33.3,116.0
2025-08-29 07:18:03.122081384,Delhi,Vegetables,Spinach,431,328,103,41.49,72.16,37.3,263.0
2025-08-29 18:59:19.172781856,Chennai,Vegetables,Tomato,190,167,23,55.29,74.5,35.9,275.0
2025-08-30 06:40:35.223482320,Bangalore,Vegetables,Spinach,349,238,111,48.39,93.02,38.6,82.0
2025-08-30 18:21:51.274182784,Delhi,Vegetables,Tomato,264,256,8,54.61,82.97,36.6,336.0
2025-08-31 06:03:07.324883256,Delhi,Vegetables,Tomato,271,160,111,66.11,116.75,24.7,237.0
2025-08-31 17:44:23.375583720,Mumbai,Fruits,Apple,299,237,62,32.69,52.89,28.5,120.0
2025-09-01 05:25:39.426284184,Hyderabad,Vegetables,Potato,142,85,57,48.35,72.59,23.5,351.0
2025-09-01 17:06:55.476984656,Mumbai,Dairy,Milk,419,281,138,78.46,128.4,40.5,388.0
2025-09-02 04:48:11.527685120,Chennai,Dairy,Butter,433,265,168,96.21,182.63,25.1,169.0
2025-09-02 16:29:27.578385592,Chennai,Bakery,Cake,257,232,25,32.79,48.34,33.0,454.0
2025-09-03 04:10:43.629086056,Chennai,Bakery,Bread,184,146,38,58.43,113.08,38.6,108.0
2025-09-03 15:51:59.679786520,Chennai,Vegetables,Spinach,243,222,21,20.0,29.9,37.0,496.0
2025-09-04 03:33:15.730486992,Delhi,Dairy,Cheese,215,143,72,24.72,39.68,30.0,328.0
2025-09-04 15:14:31.781187456,Mumbai,Prepared Food,Sandwich,408,319,89,40.74,80.47,31.2,299.0
2025-09-05 02:55:47.831887920,Bangalore,Vegetables,Spinach,210,196,14,21.39,34.94,36.8,281.0
2025-09-05 14:37:03.882588392,Bangalore,Vegetables,Carrot,473,369,104,77.75,116.42,24.8,474.0
2025-09-06 02:18:19.933288856,Chennai,Dairy,Butter,298,242,56,17.84,23.65,33.6,82.0
2025-09-06 13:59:35.983989328,Chennai,Vegetables,Spinach,466,419,47,38.26,62.05,25.2,73.0
2025-09-07 01:40:52.034689792,Mumbai,Dairy,Butter,387,256,131,58.08,109.73,32.8,484.0
2025-09-07 13:22:08.085390256,Mumbai,Vegetables,Spinach,265,206,59,80.2,141.68,26.8,382.0
2025-09-08 01:03:24.136090728,Chennai,Prepared Food,Burger,404,390,14,61.61,116.91,25.3,74.0
2025-09-08 12:44:40.186791192,Delhi,Dairy,Butter,104,75,29,56.08,111.86,34.4,315.0
2025-09-09 00:25:56.237491656,Chennai,Prepared Food,Rice Bowl,282,171,111,72.08,118.02,22.7,168.0
2025-09-09 12:07:12.288192128,Delhi,Prepared Food,Pizza,332,275,57,55.52,103.93,38.9,423.0
2025-09-09 23:48:28.338892592,Mumbai,Vegetables,Potato,113,82,31,47.62,80.76,34.3,392.0
2025-09-10 11:29:44.389593064,Chennai,Dairy,Yogurt,431,411,20,18.86,36.62,32.3,252.0
2025-09-10 23:11:00.440293528,Bangalore,Fruits,Orange,402,315,87,25.26,47.29,40.5,394.0
2025-09-11 10:52:16.490993992,Delhi,Bakery,Bread,475,394,81,72.83,110.53,22.2,245.0
2025-09-11 22:33:32.541694464,Delhi,Dairy,Yogurt,330,296,34,22.6,34.48,32.7,136.0
2025-09-12 10:14:48.592394928,Delhi,Prepared Food,Pizza,485,406,79,40.47,53.19,28.0,97.0
2025-09-12 21:56:04.643095392,Chennai,Fruits,Banana,235,140,95,59.84,119.11,36.1,409.0
2025-09-13 09:37:20.693795864,Hyderabad,Dairy,Butter,316,233,83,84.63,136.31,32.6,289.0
2025-09-13 21:18:36.744496328,Mumbai,Bakery,Croissant,392,239,153,84.52,119.19,33.1,136.0
2025-09-14 08:59:52.795196800,Delhi,Bakery,Croissant,495,412,83,30.47,43.27,34.7,433.0
2025-09-14 20:41:08.845897264,Delhi,Dairy,Cheese,139,83,56,90.42,142.18,26.9,277.0
2025-09-15 08:22:24.896597728,Mumbai,Vegetables,Tomato,121,88,33,37.31,71.07,37.2,400.0
2025-09-15 20:03:40.947298200,Bangalore,Prepared Food,Burger,183,179,4,45.87,65.09,36.8,215.0
2025-09-16 07:44:56.997998664,Delhi,Prepared Food,Rice Bowl,325,263,62,86.63,149.56,38.8,301.0
2025-09-16 19:26:13.048699128,Mumbai,Fruits,Apple,349,343,6,79.76,148.56,31.7,215.0
2025-09-17 07:07:29.099399600,Hyderabad,Fruits,Orange,167,105,62,34.75,47.11,29.5,149.0
2025-09-17 18:48:45.150100064,Chennai,Vegetables,Potato,234,135,99,39.95,73.05,34.3,257.0
2025-09-18 06:30:01.200800528,Delhi,Dairy,Yogurt,479,340,139,85.21,151.82,31.3,468.0
2025-09-18 18:11:17.251501000,Mumbai,Bakery,Bread,163,92,71,52.89,79.72,31.3,390.0
2025-09-19 05:52:33.302201464,Chennai,Prepared Food,Rice Bowl,279,210,69,14.26,18.95,25.5,418.0
2025-09-19 17:33:49.352901936,Bangalore,Bakery,Croissant,169,108,61,57.89,91.56,23.6,118.0
2025-09-20 05:15:05.403602400,Hyderabad,Bakery,Cake,156,85,71,32.81,44.36,22.3,402.0
2025-09-20 16:56:21.454302864,Bangalore,Fruits,Orange,150,100,50,88.44,145.0,26.7,91.0
2025-09-21 04:37:37.505003336,Bangalore,Fruits,Apple,295,223,72,99.73,159.36,27.7,75.0
2025-09-21 16:18:53.555703800,Mumbai,Dairy,Cheese,364,260,104,50.88,91.77,22.4,130.0
2025-09-22 04:00:09.606404264,Bangalore,Prepared Food,Burger,420,388,32,38.47,76.3,25.7,221.0
2025-09-22 15:41:25.657104736,Bangalore,Bakery,Croissant,449,345,104,99.25,193.47,26.8,412.0
2025-09-23 03:22:41.707805200,Hyderabad,Dairy,Cheese,344,334,10,94.75,170.34,26.5,148.0
2025-09-23 15:03:57.758505672,Delhi,Prepared Food,Burger,179,113,66,26.02,48.85,26.1,157.0
2025-09-24 02:45:13.809206136,Bangalore,Fruits,Apple,308,254,54,69.41,130.86,35.8,317.0
2025-09-24 14:26:29.859906600,Chennai,Bakery,Bread,442,344,98,52.29,80.09,36.6,363.0
2025-09-25 02:07:45.910607072,Hyderabad,Prepared Food,Rice Bowl,217,123,94,82.22,109.27,28.3,173.0
2025-09-25 13:49:01.961307536,Bangalore,Dairy,Milk,251,241,10,56.19,107.35,26.4,300.0
2025-09-26 01:30:18.012008000,Delhi,Vegetables,Potato,450,345,105,21.23,30.4,27.7,201.0
2025-09-26 13:11:34.062708472,Hyderabad,Bakery,Bread,425,301,124,54.38,80.8,35.5,317.0
2025-09-27 00:52:50.113408936,Hyderabad,Fruits,Mango,403,308,95,64.25,127.87,40.6,157.0
2025-09-27 12:34:06.164109408,Hyderabad,Dairy,Milk,266,190,76,96.48,185.73,35.8,417.0
2025-09-28 00:15:22.214809872,Delhi,Fruits,Banana,308,185,123,58.16,103.68,34.9,187.0
2025-09-28 11:56:38.265510336,Mumbai,Vegetables,Tomato,253,193,60,39.06,63.94,33.6,109.0
2025-09-28 23:37:54.316210808,Bangalore,Dairy,Cheese,168,165,3,56.03,101.62,29.0,144.0
2025-09-29 11:19:10.366911272,Chennai,Bakery,Bread,357,261,96,80.61,115.25,34.0,325.0
2025-09-29 23:00:26.417611736,Chennai,Bakery,Donut,430,360,70,93.94,161.9,34.5,342.0
2025-09-30 10:41:42.468312208,Bangalore,Dairy,Milk,374,244,130,29.71,48.95,26.1,428.0
2025-09-30 22:22:58.519012672,Hyderabad,Fruits,Mango,464,307,157,33.93,54.52,20.7,111.0
2025-10-01 10:04:14.569713144,Chennai,Fruits,Apple,119,67,52,59.14,101.32,40.6,446.0
2025-10-01 21:45:30.620413608,Hyderabad,Fruits,Apple,460,370,90,26.31,46.58,30.1,169.0
2025-10-02 09:26:46.671114072,Chennai,Fruits,Apple,432,237,195,83.28,160.96,20.3,229.0
2025-10-02 21:08:02.721814544,Hyderabad,Dairy,Butter,225,128,97,18.4,33.44,41.1,372.0
2025-10-03 08:49:18.772515008,Delhi,Bakery,Cake,497,384,113,56.1,88.81,23.6,116.0
2025-10-03 20:30:34.823215472,Delhi,Fruits,Orange,424,242,182,94.78,127.48,28.9,337.0
2025-10-04 08:11:50.873915944,Mumbai,Fruits,Mango,438,309,129,86.19,119.74,22.0,404.0
2025-10-04 19:53:06.924616408,Chennai,Vegetables,Tomato,411,389,22,90.95,177.28,28.9,119.0
2025-10-05 07:34:22.975316880,Hyderabad,Vegetables,Carrot,461,255,206,21.03,41.0,30.0,475.0
2025-10-05 19:15:39.026017344,Delhi,Fruits,Mango,494,366,128,54.66,97.46,27.4,62.0
2025-10-06 06:56:55.076717808,Delhi,Fruits,Orange,245,164,81,54.03,87.27,24.4,396.0
2025-10-06 18:38:11.127418280,Delhi,Vegetables,Spinach,129,120,9,78.17,121.15,41.8,409.0
2025-10-07 06:19:27.178118744,Chennai,Vegetables,Carrot,114,64,50,39.77,56.67,36.8,260.0
2025-10-07 18:00:43.228819208,Chennai,Fruits,Mango,424,296,128,38.63,56.16,34.9,440.0
2025-10-08 05:41:59.279519680,Hyderabad,Prepared Food,Burger,231,226,5,68.02,101.66,41.9,385.0
2025-10-08 17:23:15.330220144,Chennai,Prepared Food,Burger,339,247,92,17.93,33.93,36.1,53.0
2025-10-09 05:04:31.380920608,Bangalore,Vegetables,Spinach,354,307,47,56.08,94.45,31.8,326.0
2025-10-09 16:45:47.431621080,Chennai,Bakery,Bread,425,299,126,94.91,129.93,25.8,208.0
2025-10-10 04:27:03.482321544,Mumbai,Prepared Food,Pizza,171,155,16,22.51,33.24,36.1,66.0
2025-10-10 16:08:19.533022016,Chennai,Fruits,Mango,393,311,82,73.75,114.87,32.2,230.0
2025-10-11 03:49:35.583722480,Hyderabad,Fruits,Mango,107,102,5,75.29,108.93,39.5,371.0
2025-10-11 15:30:51.634422944,Mumbai,Prepared Food,Sandwich,318,291,27,94.81,173.36,24.6,191.0
2025-10-12 03:12:07.685123416,Mumbai,Bakery,Croissant,384,338,46,44.78,64.84,33.9,166.0
2025-10-12 14:53:23.735823880,Mumbai,Dairy,Cheese,231,182,49,58.74,111.04,36.8,267.0
2025-10-13 02:34:39.786524344,Delhi,Fruits,Orange,228,181,47,68.61,130.32,22.5,267.0
2025-10-13 14:15:55.837224816,Delhi,Bakery,Cake,152,140,12,56.19,96.09,24.0,299.0
2025-10-14 01:57:11.887925280,Mumbai,Bakery,Cake,310,194,116,47.73,68.53,26.3,483.0
2025-10-14 13:38:27.938625752,Chennai,Dairy,Cheese,205,203,2,80.27,115.13,21.1,382.0
2025-10-15 01:19:43.989326216,Bangalore,Vegetables,Spinach,495,314,181,68.85,133.97,21.2,368.0
2025-10-15 13:01:00.040026680,Mumbai,Bakery,Croissant,236,167,69,43.83,73.39,39.3,249.0
2025-10-16 00:42:16.090727152,Bangalore,Fruits,Apple,341,287,54,74.77,102.13,33.9,408.0
2025-10-16 12:23:32.141427616,Mumbai,Bakery,Cake,468,260,208,53.95,70.99,35.1,140.0
2025-10-17 00:04:48.192128080,Hyderabad,Fruits,Mango,237,178,59,46.65,68.23,31.8,358.0
2025-10-17 11:46:04.242828552,Hyderabad,Vegetables,Tomato,119,113,6,15.34,23.22,39.7,318.0
2025-10-17 23:27:20.293529016,Chennai,Fruits,Banana,426,366,60,29.18,50.52,28.3,318.0
2025-10-18 11:08:36.344229488,Delhi,Bakery,Bread,158,113,45,60.28,80.88,26.0,493.0
2025-10-18 22:49:52.394929952,Hyderabad,Fruits,Apple,153,128,25,61.85,110.56,23.6,487.0
2025-10-19 10:31:08.445630416,Delhi,Dairy,Yogurt,112,107,5,64.12,108.61,23.0,
2025-10-19 22:12:24.496330888,Delhi,Vegetables,Tomato,363,348,15,49.42,76.53,21.6,315.0
2025-10-20 09:53:40.547031352,Chennai,Bakery,Croissant,318,254,64,99.12,134.12,34.6,85.0
2025-10-20 21:34:56.597731816,Delhi,Bakery,Donut,445,375,70,33.28,59.93,35.9,374.0
2025-10-21 09:16:12.648432288,Chennai,Prepared Food,Rice Bowl,171,141,30,89.56,129.4,40.2,257.0
2025-10-21 20:57:28.699132752,Mumbai,Prepared Food,Burger,164,98,66,43.63,77.75,34.8,315.0
2025-10-22 08:38:44.749833224,Mumbai,Bakery,Bread,442,353,89,10.51,15.03,22.2,345.0
2025-10-22 20:20:00.800533688,Delhi,Vegetables,Carrot,338,253,85,25.24,47.51,32.6,482.0
2025-10-23 08:01:16.851234152,Chennai,Dairy,Yogurt,267,246,21,18.55,36.46,41.6,258.0
2025-10-23 19:42:32.901934624,Bangalore,Prepared Food,Sandwich,164,156,8,24.43,41.07,31.7,304.0
2025-10-24 07:23:48.952635088,Hyderabad,Dairy,Yogurt,308,252,56,52.25,94.27,31.6,495.0
2025-10-24 19:05:05.003335552,Chennai,Vegetables,Potato,146,143,3,70.46,95.28,30.1,253.0
2025-10-25 06:46:21.054036024,Bangalore,Vegetables,Spinach,456,306,150,95.42,129.27,40.5,206.0
2025-10-25 18:27:37.104736488,Hyderabad,Fruits,Orange,470,332,138,67.08,123.57,20.7,116.0
2025-10-26 06:08:53.155436960,Delhi,Prepared Food,Pizza,474,431,43,24.35,32.41,28.7,424.0
2025-10-26 17:50:09.206137424,Delhi,Dairy,Cheese,395,235,160,20.41,40.05,36.1,335.0
2025-10-27 05:31:25.256837888,Chennai,Dairy,Milk,452,417,35,34.76,57.53,37.3,363.0
2025-10-27 17:12:41.307538360,Hyderabad,Vegetables,Spinach,258,152,106,58.06,90.89,27.5,338.0
2025-10-28 04:53:57.358238824,Delhi,Dairy,Cheese,267,210,57,84.23,133.21,22.3,307.0
2025-10-28 16:35:13.408939288,Delhi,Bakery,Croissant,371,353,18,74.17,104.61,25.5,276.0
2025-10-29 04:16:29.459639760,Chennai,Dairy,Cheese,233,194,39,23.01,32.07,40.8,109.0
2025-10-29 15:57:45.510340224,Delhi,Fruits,Banana,377,358,19,81.19,134.54,22.8,417.0
2025-10-30 03:39:01.561040688,Chennai,Dairy,Milk,314,281,33,92.33,124.19,21.2,156.0
2025-10-30 15:20:17.611741160,Hyderabad,Prepared Food,Burger,295,200,95,80.91,118.09,30.8,474.0
2025-10-31 03:01:33.662441624,Bangalore,Prepared Food,Pizza,487,317,170,,44.95,38.9,94.0
2025-10-31 14:42:49.713142096,Mumbai,Prepared Food,Burger,126,69,57,86.52,155.26,26.4,331.0
2025-11-01 02:24:05.763842560,Delhi,Bakery,Donut,376,299,77,16.44,25.86,36.3,436.0
2025-11-01 14:05:21.814543024,Hyderabad,Fruits,Orange,478,329,149,44.69,63.05,35.3,115.0
2025-11-02 01:46:37.865243496,Bangalore,Fruits,Apple,166,159,7,94.27,123.77,29.6,227.0
2025-11-02 13:27:53.915943960,Hyderabad,Fruits,Mango,395,388,7,55.71,78.75,29.2,84.0
2025-11-03 01:09:09.966644424,Chennai,Bakery,Bread,152,119,33,35.86,50.68,,59.0
2025-11-03 12:50:26.017344896,Bangalore,Prepared Food,Burger,274,255,19,91.19,177.11,40.5,55.0
2025-11-04 00:31:42.068045360,Bangalore,Prepared Food,Rice Bowl,135,132,3,42.32,72.8,22.6,475.0
2025-11-04 12:12:58.118745832,Mumbai,Prepared Food,Burger,415,320,95,62.0,102.95,35.1,331.0
2025-11-04 23:54:14.169446296,Bangalore,Prepared Food,Burger,274,257,17,16.19,26.8,27.2,328.0
2025-11-05 11:35:30.220146760,Delhi,Prepared Food,Rice Bowl,497,292,205,11.86,23.41,30.2,273.0
2025-11-05 23:16:46.270847232,Bangalore,Fruits,Apple,340,221,119,49.48,77.95,38.6,262.0
2025-11-06 10:58:02.321547696,Mumbai,Dairy,Yogurt,139,79,60,76.92,128.64,37.8,466.0
2025-11-06 22:39:18.372248160,Delhi,Prepared Food,Burger,475,399,76,92.05,152.02,41.2,381.0
2025-11-07 10:20:34.422948632,Bangalore,Bakery,Cake,251,198,53,22.68,32.94,34.2,177.0
2025-11-07 22:01:50.473649096,Bangalore,Dairy,Milk,456,255,201,29.36,43.76,23.7,444.0
2025-11-08 09:43:06.524349568,Chennai,Vegetables,Potato,384,284,100,74.27,134.81,23.0,427.0
2025-11-08 21:24:22.575050032,Hyderabad,Vegetables,Spinach,125,73,52,21.78,35.29,25.9,112.0
2025-11-09 09:05:38.625750496,Chennai,Vegetables,Spinach,489,286,203,64.42,114.7,20.4,304.0
2025-11-09 20:46:54.676450968,Delhi,Fruits,Banana,303,245,58,69.34,107.09,34.7,432.0
2025-11-10 08:28:10.727151432,Delhi,Prepared Food,Rice Bowl,264,258,6,19.58,32.2,36.9,245.0
2025-11-10 20:09:26.777851896,Bangalore,Vegetables,Carrot,417,229,188,16.29,28.48,40.7,108.0
2025-11-11 07:50:42.828552368,Hyderabad,Bakery,Donut,498,338,160,41.99,78.7,21.0,230.0
2025-11-11 19:31:58.879252832,Mumbai,Vegetables,Carrot,171,127,44,25.81,41.17,37.5,464.0
2025-11-12 07:13:14.929953304,Delhi,Dairy,Butter,344,311,33,19.59,37.89,20.9,453.0
2025-11-12 18:54:30.980653768,Delhi,Prepared Food,Rice Bowl,149,100,49,69.3,121.48,20.7,306.0
2025-11-13 06:35:47.031354232,Hyderabad,Bakery,Bread,439,285,154,62.61,83.06,30.7,133.0
2025-11-13 18:17:03.082054704,Delhi,Vegetables,Tomato,348,195,153,47.33,92.35,37.3,271.0
2025-11-14 05:58:19.132755168,Hyderabad,Vegetables,Potato,295,186,109,81.07,147.32,33.8,245.0
2025-11-14 17:39:35.183455632,Hyderabad,Dairy,Yogurt,241,213,28,32.67,60.25,41.1,264.0
2025-11-15 05:20:51.234156104,Mumbai,Vegetables,Tomato,189,106,83,34.72,60.9,35.9,431.0
2025-11-15 17:02:07.284856568,Delhi,Fruits,Apple,117,107,10,45.82,71.25,20.3,128.0
2025-11-16 04:43:23.335557040,Chennai,Vegetables,Tomato,205,133,72,20.7,27.13,39.6,135.0
2025-11-16 16:24:39.386257504,Bangalore,Fruits,Orange,273,201,72,84.1,149.4,37.4,422.0
2025-11-17 04:05:55.436957968,Mumbai,Bakery,Bread,284,226,58,91.36,152.51,36.2,95.0
2025-11-17 15:47:11.487658440,Bangalore,Prepared Food,Sandwich,226,193,33,46.03,71.65,32.3,311.0
2025-11-18 03:28:27.538358904,Hyderabad,Vegetables,Potato,136,87,49,40.16,53.18,26.3,156.0
2025-11-18 15:09:43.589059368,Bangalore,Vegetables,Potato,412,308,104,62.18,88.31,25.8,264.0
2025-11-19 02:50:59.639759840,Bangalore,Bakery,Donut,388,300,88,59.93,95.65,32.4,176.0
2025-11-19 14:32:15.690460304,Mumbai,Prepared Food,Burger,179,110,69,90.22,168.05,24.0,136.0
2025-11-20 02:13:31.741160768,Bangalore,Prepared Food,Burger,383,289,94,81.47,161.17,32.6,331.0
2025-11-20 13:54:47.791861240,Chennai,Vegetables,Tomato,263,152,111,43.57,61.18,32.3,234.0
2025-11-21 01:36:03.842561704,Hyderabad,Fruits,Banana,409,339,70,25.17,33.26,27.2,322.0
2025-11-21 13:17:19.893262176,Hyderabad,Fruits,Banana,285,233,52,21.03,30.46,20.6,419.0
2025-11-22 00:58:35.943962640,Hyderabad,Prepared Food,Rice Bowl,267,242,25,65.27,109.15,22.0,205.0
2025-11-22 12:39:51.994663104,Hyderabad,Dairy,Yogurt,140,124,16,90.41,169.63,22.3,177.0
2025-11-23 00:21:08.045363576,Delhi,Dairy,Yogurt,354,223,131,65.79,89.34,38.1,127.0
2025-11-23 12:02:24.096064040,Chennai,Bakery,Donut,387,235,152,69.52,104.46,25.6,102.0
2025-11-23 23:43:40.146764504,Bangalore,Vegetables,Potato,383,259,124,49.61,82.29,34.8,96.0
2025-11-24 11:24:56.197464976,Bangalore,Dairy,Butter,191,188,3,38.66,69.83,37.6,346.0
2025-11-24 23:06:12.248165440,Chennai,Vegetables,Carrot,437,416,21,79.29,150.67,20.0,77.0
2025-11-25 10:47:28.298865912,Chennai,Vegetables,Tomato,469,450,19,77.47,108.08,21.5,476.0
2025-11-25 22:28:44.349566376,Hyderabad,Fruits,Banana,264,215,49,26.76,43.88,38.3,336.0
2025-11-26 10:10:00.400266840,Delhi,Fruits,Mango,447,426,21,91.88,175.42,32.3,465.0
2025-11-26 21:51:16.450967312,Hyderabad,Bakery,Croissant,141,105,36,91.55,172.53,23.2,490.0
2025-11-27 09:32:32.501667776,Chennai,Dairy,Milk,288,261,27,71.82,130.7,24.0,63.0
2025-11-27 21:13:48.552368240,Mumbai,Fruits,Orange,258,250,8,12.89,22.57,36.8,97.0
2025-11-28 08:55:04.603068712,Delhi,Bakery,Croissant,401,381,20,55.29,72.42,20.2,87.0
2025-11-28 20:36:20.653769176,Bangalore,Prepared Food,Rice Bowl,235,231,4,91.84,119.92,36.2,449.0
2025-11-29 08:17:36.704469648,Delhi,Bakery,Bread,318,237,81,65.46,127.99,41.1,132.0
2025-11-29 19:58:52.755170112,Hyderabad,Fruits,Apple,311,200,111,88.01,146.4,41.9,370.0
2025-11-30 07:40:08.805870576,Bangalore,Fruits,Banana,450,318,132,52.24,72.18,28.1,88.0
2025-11-30 19:21:24.856571048,Delhi,Vegetables,Carrot,220,200,20,89.64,160.43,30.2,325.0
2025-12-01 07:02:40.907271512,Bangalore,Vegetables,Potato,208,167,41,57.41,87.36,25.7,301.0
2025-12-01 18:43:56.957971976,Mumbai,Prepared Food,Sandwich,306,183,123,71.31,130.25,31.1,352.0
2025-12-02 06:25:13.008672448,Chennai,Fruits,Apple,477,315,162,17.81,27.35,22.8,280.0
2025-12-02 18:06:29.059372912,Mumbai,Vegetables,Potato,362,329,33,33.33,64.53,20.5,365.0
2025-12-03 05:47:45.110073384,Delhi,Bakery,Cake,470,447,23,30.43,44.27,23.6,173.0
2025-12-03 17:29:01.160773848,Mumbai,Vegetables,Tomato,465,434,31,44.45,76.12,35.9,98.0
2025-12-04 05:10:17.211474312,Bangalore,Vegetables,Tomato,215,140,75,65.58,130.31,27.4,231.0
2025-12-04 16:51:33.262174784,Delhi,Vegetables,Potato,122,107,15,70.77,123.37,30.2,478.0
2025-12-05 04:32:49.312875248,Mumbai,Fruits,Banana,220,198,22,32.73,57.88,36.4,492.0
2025-12-05 16:14:05.363575712,Delhi,Prepared Food,Burger,126,70,56,32.44,62.4,35.8,432.0
2025-12-06 03:55:21.414276184,Bangalore,Prepared Food,Sandwich,155,112,43,49.13,70.77,22.4,424.0
2025-12-06 15:36:37.464976648,Delhi,Vegetables,Tomato,359,354,5,84.46,149.92,21.4,56.0
2025-12-07 03:17:53.515677120,Chennai,Dairy,Milk,271,161,110,66.24,122.27,37.2,76.0
2025-12-07 14:59:09.566377584,Delhi,Bakery,Donut,376,223,153,25.97,42.44,30.9,265.0
2025-12-08 02:40:25.617078048,Delhi,Vegetables,Tomato,473,403,70,49.08,68.31,30.0,189.0
2025-12-08 14:21:41.667778520,Mumbai,Fruits,Mango,347,316,31,70.7,111.93,29.8,57.0
2025-12-09 02:02:57.718478984,Mumbai,Bakery,Cake,297,256,41,26.59,35.77,36.8,427.0
2025-12-09 13:44:13.769179448,Bangalore,Fruits,Mango,214,155,59,58.47,86.26,39.6,88.0
2025-12-10 01:25:29.819879920,Mumbai,Vegetables,Carrot,146,115,31,11.21,17.89,24.1,454.0
2025-12-10 13:06:45.870580384,Bangalore,Bakery,Donut,107,105,2,51.48,93.72,41.7,204.0
2025-12-11 00:48:01.921280848,Mumbai,Fruits,Orange,405,400,5,63.81,92.41,38.7,161.0
2025-12-11 12:29:17.971981320,Hyderabad,Prepared Food,Burger,171,104,67,68.01,123.09,30.5,485.0
2025-12-12 00:10:34.022681784,Bangalore,Bakery,Cake,321,252,69,97.88,175.22,31.1,389.0
2025-12-12 11:51:50.073382256,Bangalore,Bakery,Bread,178,119,59,35.47,52.03,39.3,313.0
2025-12-12 23:33:06.124082720,Bangalore,Prepared Food,Rice Bowl,332,294,38,81.14,116.49,25.8,229.0
2025-12-13 11:14:22.174783184,Mumbai,Prepared Food,Rice Bowl,274,272,2,50.66,100.21,21.8,302.0
2025-12-13 22:55:38.225483656,Hyderabad,Dairy,Butter,380,235,145,42.85,63.91,31.1,156.0
2025-12-14 10:36:54.276184120,Hyderabad,Vegetables,Carrot,258,149,109,24.41,45.19,41.7,433.0
2025-12-14 22:18:10.326884584,Chennai,Dairy,Cheese,379,251,128,46.26,90.42,20.3,361.0
2025-12-15 09:59:26.377585056,Mumbai,Fruits,Orange,180,111,69,71.21,125.92,40.7,375.0
2025-12-15 21:40:42.428285520,Delhi,Vegetables,Carrot,290,259,31,45.82,69.51,29.9,269.0
2025-12-16 09:21:58.478985992,Mumbai,Fruits,Banana,232,231,1,93.0,152.16,33.7,283.0
2025-12-16 21:03:14.529686456,Delhi,Prepared Food,Rice Bowl,339,243,96,43.73,85.18,38.2,126.0
2025-12-17 08:44:30.580386920,Chennai,Bakery,Bread,361,220,141,96.0,169.67,21.3,464.0
2025-12-17 20:25:46.631087392,Delhi,Fruits,Apple,152,118,34,58.98,83.05,25.5,320.0
2025-12-18 08:07:02.681787856,Mumbai,Fruits,Mango,385,276,109,74.21,96.66,21.0,
2025-12-18 19:48:18.732488320,Delhi,Prepared Food,Sandwich,495,353,142,35.31,69.47,21.2,489.0
2025-12-19 07:29:34.783188792,Bangalore,Fruits,Mango,207,145,62,27.17,45.84,25.6,127.0
2025-12-19 19:10:50.833889256,Bangalore,Bakery,Cake,458,340,118,47.27,69.15,30.8,198.0
2025-12-20 06:52:06.884589728,Delhi,Dairy,Cheese,477,402,75,18.01,32.16,23.7,416.0
2025-12-20 18:33:22.935290192,Delhi,Bakery,Cake,183,129,54,46.22,84.01,41.3,106.0
2025-12-21 06:14:38.985990656,Hyderabad,Dairy,Butter,197,123,74,53.93,105.12,31.5,115.0
2025-12-21 17:55:55.036691128,Delhi,Vegetables,Tomato,478,467,11,83.9,134.65,21.6,151.0
2025-12-22 05:37:11.087391592,Delhi,Dairy,Butter,362,356,6,89.9,177.14,39.1,210.0
2025-12-22 17:18:27.138092056,Delhi,Dairy,Milk,199,146,53,82.73,114.76,41.4,55.0
2025-12-23 04:59:43.188792528,Delhi,Bakery,Croissant,486,309,177,54.42,77.54,31.3,203.0
2025-12-23 16:40:59.239492992,Bangalore,Fruits,Mango,244,168,76,73.72,108.95,39.0,70.0
2025-12-24 04:22:15.290193464,Chennai,Fruits,Mango,440,429,11,61.22,90.13,30.9,422.0
2025-12-24 16:03:31.340893928,Delhi,Dairy,Milk,325,251,74,39.97,63.15,29.3,273.0
2025-12-25 03:44:47.391594392,Delhi,Bakery,Cake,284,230,54,23.78,35.4,33.0,89.0
2025-12-25 15:26:03.442294864,Delhi,Bakery,Croissant,208,178,30,35.98,70.4,38.2,435.0
2025-12-26 03:07:19.492995328,Delhi,Vegetables,Potato,190,109,81,26.87,43.36,33.2,399.0
2025-12-26 14:48:35.543695792,Chennai,Prepared Food,Rice Bowl,286,199,87,86.22,134.8,26.5,172.0
2025-12-27 02:29:51.594396264,Hyderabad,Prepared Food,Burger,366,357,9,91.71,142.54,26.3,472.0
2025-12-27 14:11:07.645096728,Delhi,Dairy,Yogurt,288,279,9,78.36,148.66,41.4,185.0
2025-12-28 01:52:23.695797200,Mumbai,Fruits,Orange,219,165,54,52.84,105.45,36.0,136.0
2025-12-28 13:33:39.746497664,Hyderabad,Fruits,Apple,365,273,92,51.32,75.76,28.1,474.0
2025-12-29 01:14:55.797198128,Chennai,Prepared Food,Rice Bowl,241,232,9,97.66,189.27,23.6,488.0
2025-12-29 12:56:11.847898600,Mumbai,Bakery,Donut,389,262,127,66.08,124.78,35.0,356.0
2025-12-30 00:37:27.898599064,Hyderabad,Fruits,Banana,473,415,58,54.89,108.19,36.2,484.0
2025-12-30 12:18:43.949299528,Mumbai,Prepared Food,Pizza,168,149,19,85.23,159.4,31.7,323.0
2025-12-31 00:00:00.000000000,Delhi,Dairy,Yogurt,468,468,0,64.01,115.07,26.7,305.0
2024-09-23 09:13:19.733155436,Bangalore,Bakery,Bread,240,148,92,85.11,131.99,40.1,212.0
2025-04-24 04:47:13.889259504,Hyderabad,Vegetables,Tomato,262,209,53,69.34,114.93,30.5,69.0
2024-12-12 17:42:28.098732488,Bangalore,Vegetables,Spinach,199,186,13,61.62,94.84,34.3,183.0
2024-11-06 16:48:40.346897932,Hyderabad,Prepared Food,Rice Bowl,164,95,69,41.99,74.26,30.6,456.0
2024-08-17 08:56:59.879919944,Mumbai,Prepared Food,Pizza,370,333,37,11.2,17.77,34.3,195.0
2025-07-13 13:16:22.254836560,Bangalore,Bakery,Bread,213,142,71,73.46,118.69,22.2,
2024-07-09 21:36:51.874583054,Mumbai,Vegetables,Potato,242,164,78,16.8,26.14,25.0,248.0
2025-07-17 22:27:46.711140760,Bangalore,Fruits,Banana,431,378,53,44.75,88.07,40.0,443.0
